"Scenario","Year","share_LFP","Ni_Co_ratio","Cobalt","Copper","Lithium","Nickel","ev_Cobalt","ev_Copper","ev_Lithium","ev_Nickel"
"APS",2025,0.554563312599437,5.43936164940279,239.344603417043,27750.9293562521,254.923207154301,1593.57148386517,82.3894166666667,712.074166666667,152.436666666667,448.145833333333
"APS",2026,0.555040965221003,5.85265617240902,257.963041115952,28752.5784240822,304.846414308603,1782.60755720498,98.2717333333333,927.459333333333,195.847333333333,575.150666666667
"APS",2027,0.555345288476469,6.15094690026329,276.581478814861,29754.2274919124,354.769621462904,1971.64363054478,114.15405,1142.8445,239.258,702.1555
"APS",2028,0.555556139218283,6.37637266087871,295.199916513771,30755.8765597425,404.692828617205,2160.67970388459,130.036366666667,1358.22966666667,282.668666666667,829.160333333333
"APS",2029,0.555710849197199,6.55272611309427,313.81835421268,31757.5256275727,454.616035771507,2349.71577722439,145.918683333333,1573.61483333333,326.079333333333,956.165166666667
"APS",2030,0.555829206022716,6.69445800705805,332.436791911589,32759.1746954028,504.539242925808,2538.7518505642,161.801,1789,369.49,1083.17
"APS",2031,0.557864292156822,7.5934795303533,338.143281300959,33122.0445979303,570.579052791886,2716.72697117086,164.7366,2034.806,428.6782,1250.924
"APS",2032,0.559405582919397,8.46102096829409,343.849770690328,33484.9145004578,636.618862657965,2894.70209177753,167.6722,2280.612,487.8664,1418.678
"APS",2033,0.560613355872549,9.2987073275665,349.556260079697,33847.7844029852,702.658672524043,3072.6772123842,170.6078,2526.418,547.0546,1586.432
"APS",2034,0.561585296228248,10.1080536626573,355.262749469067,34210.6543055127,768.698482390122,3250.65233299086,173.5434,2772.224,606.2428,1754.186
"APS",2035,0.562384333908354,10.8904742207288,360.969238858436,34573.5242080402,834.7382922562,3428.62745359753,176.479,3018.03,665.431,1921.94
"APS",2036,0.578674897277607,11.4240361894098,363.585303830535,34995.837977913,907.867312710447,3565.02287224702,177.9084,3209.714,730.8946,2032.432
"APS",2037,0.592287171092789,11.949092717765,366.201368802635,35418.1517477859,980.996333164694,3701.4182908965,179.3378,3401.398,796.3582,2142.924
"APS",2038,0.603831480398075,12.4658455737545,368.817433774734,35840.4655176587,1054.12535361894,3837.81370954599,180.7672,3593.082,861.8218,2253.416
"APS",2039,0.613745801683194,12.9744901935601,371.433498746833,36262.7792875316,1127.25437407319,3974.20912819547,182.1966,3784.766,927.2854,2363.908
"APS",2040,0.622352587704353,13.4752159280276,374.049563718932,36685.0930574044,1200.38339452744,4110.60454684496,183.626,3976.45,992.749,2474.4
"APS",2041,0.625943383845217,13.3006932953522,383.677984853582,36957.0721073737,1241.23435179424,4194.76590318512,190.972,4055.48,1028.8752,2540.06
"APS",2042,0.62929057125553,13.1390998295667,393.306405988232,37229.051157343,1282.08530906105,4278.92725952528,198.318,4134.51,1065.0014,2605.72
"APS",2043,0.632418127150254,12.9890501011358,402.934827122882,37501.0302073123,1322.93626632786,4363.08861586544,205.664,4213.54,1101.1276,2671.38
"APS",2044,0.635346982086997,12.8493497957842,412.563248257532,37773.0092572816,1363.78722359467,4447.2499722056,213.01,4292.57,1137.2538,2737.04
"APS",2045,0.638095488970738,12.7189638584835,422.191669392182,38044.9883072509,1404.63818086147,4531.41132854576,220.356,4371.6,1173.38,2802.7
"APS",2046,0.640772636482473,12.6224923166383,428.333103498927,38373.3510985117,1431.6792254498,4623.59940135897,224.2508,4445.946,1193.894,2830.604
"APS",2047,0.643359338272415,12.5293146131242,434.474537605672,38701.7138897725,1458.72027003812,4715.78747417218,228.1456,4520.292,1214.408,2858.508
"APS",2048,0.645860101678364,12.4392648866318,440.615971712417,39030.0766810333,1485.76131462645,4807.97554698539,232.0404,4594.638,1234.922,2886.412
"APS",2049,0.648279139435997,12.3521882279541,446.757405819163,39358.4394722941,1512.80235921477,4900.1636197986,235.9352,4668.984,1255.436,2914.316
"APS",2050,0.650620393361096,12.2679397906851,452.898839925908,39686.802263555,1539.84340380309,4992.35169261181,239.83,4743.33,1275.95,2942.22
"NZE",2025,0.564485400823153,5.56511016561096,251.907337291382,28046.0479809634,287.746023820968,1720.34847180649,94.8155833333333,858.040833333333,183.572166666667,527.659166666667
"NZE",2026,0.569038787510935,5.96290679157771,283.088508864631,29342.8156735049,370.492047641936,2036.16153308761,123.124066666667,1219.39266666667,258.118333333333,734.177333333333
"NZE",2027,0.571551454356803,6.21197688343754,314.26968043788,30639.5833660463,453.238071462904,2351.97459436874,151.43255,1580.7445,332.6645,940.6955
"NZE",2028,0.573144156688956,6.38259191789076,345.450852011129,31936.3510585878,535.984095283872,2667.78765564986,179.741033333333,1942.09633333333,407.210666666667,1147.21366666667
"NZE",2029,0.574243955359809,6.50677711259603,376.632023584378,33233.1187511292,618.73011910484,2983.60071693099,208.049516666667,2303.44816666667,481.756833333333,1353.73183333333
"NZE",2030,0.575049001800251,6.60121510589868,407.813195157627,34529.8864436707,701.476142925808,3299.41377821211,236.358,2664.8,556.303,1560.25
"NZE",2031,0.577157670089617,7.47491685669673,416.876200406937,35322.9592757646,804.300772791886,3569.18630296426,242.5932,3049.602,649.7744,1813.364
"NZE",2032,0.578735961544987,8.30483176357683,425.939205656248,36116.0321078584,907.125402657965,3838.95882771641,248.8284,3434.404,743.2458,2066.478
"NZE",2033,0.579961624628568,9.09417102244303,435.002210905559,36909.1049399523,1009.95003252404,4108.73135246856,255.0636,3819.206,836.7172,2319.592
"NZE",2034,0.580940962516699,9.84583932264519,444.06521615487,37702.1777720462,1112.77466239012,4378.50387722071,261.2988,4204.008,930.1886,2572.706
"NZE",2035,0.581741451795962,10.562470564489,453.12822140418,38495.2506041401,1215.5992922562,4648.27640197286,267.534,4588.81,1023.66,2825.82
"NZE",2036,0.595315476010521,10.9706772908367,449.959685797926,38675.0404279292,1281.68665271045,4717.8114380971,263.55,4714.876,1082.52,2891.322
"NZE",2037,0.607489498358446,11.3914149002566,446.791150191671,38854.8302517184,1347.77401316469,4787.34647422135,259.566,4840.942,1141.38,2956.824
"NZE",2038,0.618469487920598,11.825269385168,443.622614585417,39034.6200755075,1413.86137361894,4856.8815103456,255.582,4967.008,1200.24,3022.326
"NZE",2039,0.62842289947365,12.2728638542437,440.454078979162,39214.4098992966,1479.94873407319,4926.41654646985,251.598,5093.074,1259.1,3087.828
"NZE",2040,0.637487273720543,12.734861518331,437.285543372907,39394.1997230858,1546.03609452743,4995.9515825941,247.614,5219.14,1317.96,3153.33
"NZE",2041,0.640739916498213,12.6065417448214,446.522970906971,39521.6798154109,1588.41673179424,5054.2723133373,254.6232,5279.438,1353.758,3209.918
"NZE",2042,0.643824968900029,12.4850974114827,455.760398441034,39649.1599077359,1630.79736906105,5112.5930440805,261.6324,5339.736,1389.556,3266.506
"NZE",2043,0.646755058105502,12.3699903514571,464.997825975097,39776.640000061,1673.17800632786,5170.91377482371,268.6416,5400.034,1425.354,3323.094
"NZE",2044,0.649541573838293,12.2607371355352,474.23525350916,39904.120092386,1715.55864359467,5229.23450556691,275.6508,5460.332,1461.152,3379.682
"NZE",2045,0.652194816328555,12.1569022854313,483.472681043223,40031.6001847111,1757.93928086147,5287.55523631012,282.66,5520.63,1496.95,3436.27
"NZE",2046,0.654657950166491,12.0737632074066,487.466497304516,40291.0831860489,1773.0663054498,5316.35222016596,284.4616,5551.794,1506.86,3434.522
"NZE",2047,0.657088897639541,11.9916706024386,491.460313565809,40550.5661873868,1788.19333003812,5345.14920402181,286.2632,5582.958,1516.77,3432.774
"NZE",2048,0.659488285533036,11.9106048361341,495.454129827102,40810.0491887246,1803.32035462645,5373.94618787765,288.0648,5614.122,1526.68,3431.026
"NZE",2049,0.661856724462885,11.8305467622325,499.447946088395,41069.5321900625,1818.44737921477,5402.7431717335,289.8664,5645.286,1536.59,3429.278
"NZE",2050,0.664194809393645,11.7514777075305,503.441762349688,41329.0151914003,1833.57440380309,5431.54015558934,291.668,5676.45,1546.5,3427.53
"SPS",2025,0.553954468585675,5.39178886801834,236.318859345706,27520.643819093,246.747740487635,1547.29570454274,79.2805833333333,680.090833333333,145.203333333333,427.464166666667
"SPS",2026,0.554104248411984,5.79862848717167,251.911552973277,28292.007349764,288.495480975269,1690.05599856012,92.0540666666667,863.492666666667,181.380666666667,533.787333333333
"SPS",2027,0.55420421499582,6.10631937882742,267.504246600849,29063.370880435,330.243221462904,1832.8162925775,104.82755,1046.8945,217.558,640.1105
"SPS",2028,0.554275675305988,6.34716928507715,283.096940228421,29834.734411106,371.990961950539,1975.57658659488,117.601033333333,1230.29633333333,253.735333333333,746.433666666667
"SPS",2029,0.554329300980016,6.54082450417522,298.689633855993,30606.097941777,413.738702438173,2118.33688061226,130.374516666667,1413.69816666667,289.912666666667,852.756833333333
"SPS",2030,0.554371027890608,6.69991896498729,314.282327483565,31377.461472448,455.486442925808,2261.09717462964,143.148,1597.1,326.09,959.08
"SPS",2031,0.556210403999385,7.54232774275805,317.178076037967,31629.0611463358,503.307572791886,2390.10720136629,143.0622,1770.772,368.3912,1079.022
"SPS",2032,0.557670869679565,8.38574757792195,320.07382459237,31880.6608202235,551.128702657965,2519.11722810293,142.9764,1944.444,410.6924,1198.964
"SPS",2033,0.558858574548862,9.23018029177567,322.969573146772,32132.2604941112,598.949832524043,2648.12725483957,142.8906,2118.116,452.9936,1318.906
"SPS",2034,0.559843404923143,10.0756277099929,325.865321701175,32383.8601679989,646.770962390122,2777.13728157622,142.8048,2291.788,495.2948,1438.848
"SPS",2035,0.560673250860678,10.9220916626378,328.761070255577,32635.4598418866,694.5920922562,2906.14730831286,142.719,2465.46,537.596,1558.79
"SPS",2036,0.576328319953822,11.4314540949529,328.996445090374,32928.8227320431,741.260112710447,2999.34423586688,141.3374,2571.466,577.8102,1615.692
"SPS",2037,0.589946071169143,11.9508730613522,329.231819925171,33222.1856221996,787.928133164694,3092.5411634209,139.9558,2677.472,618.0244,1672.594
"SPS",2038,0.601899906075322,12.480649356085,329.467194759968,33515.5485123561,834.596153618941,3185.73809097492,138.5742,2783.478,658.2386,1729.496
"SPS",2039,0.612477230191699,13.0210958900116,329.702569594764,33808.9114025126,881.264174073188,3278.93501852894,137.1926,2889.484,698.4528,1786.398
"SPS",2040,0.621902861793097,13.5725383069118,329.937944429561,34102.2742926691,927.932194527435,3372.13194608296,135.811,2995.49,738.667,1843.3
"SPS",2041,0.625441763031324,13.4075870756404,337.168121876687,34457.0317748678,956.428411794243,3421.57174152898,140.6708,3045.088,762.9416,1886.056
"SPS",2042,0.628762413141088,13.2536524964509,344.398299323812,34811.7892570666,984.92462906105,3471.01153697499,145.5306,3094.686,787.2162,1928.812
"SPS",2043,0.631884398144225,13.1096665744622,351.628476770937,35166.5467392653,1013.42084632786,3520.451332421,150.3904,3144.284,811.4908,1971.568
"SPS",2044,0.634825028577869,12.9746950406505,358.858654218063,35521.304221464,1041.91706359467,3569.89112786702,155.2502,3193.882,835.7654,2014.324
"SPS",2045,0.637599660621846,12.8479170570233,366.088831665188,35876.0617036627,1070.41328086147,3619.33092331303,160.11,3243.48,860.04,2057.08
"SPS",2046,0.640359215961368,12.7634237147167,370.875263380716,36196.350447716,1090.2808854498,3666.33302875493,162.5556,3295.78,874.0902,2074.766
"SPS",2047,0.643031460095519,12.6814350441088,375.661695096244,36516.6391917692,1110.14849003812,3713.33513419684,165.0012,3348.08,888.1404,2092.452
"SPS",2048,0.645620472228508,12.6018413012372,380.448126811772,36836.9279358224,1130.01609462645,3760.33723963874,167.4468,3400.38,902.1906,2110.138
"SPS",2049,0.648130081352439,12.524539061194,385.2345585273,37157.2166798756,1149.88369921477,3807.33934508065,169.8924,3452.68,916.2408,2127.824
"SPS",2050,0.650563885142098,12.4494307697664,390.020990242828,37477.5054239289,1169.75130380309,3854.34145052255,172.338,3504.98,930.291,2145.51
"SPS_APS_1",2025,0.553991415437052,5.39464835358398,236.494264799116,27533.9937053051,247.221680584253,1549.97835841651,79.4608055555555,681.944939613527,145.622657004831,428.663103864734
"SPS_APS_1",2026,0.554162612065339,5.80195903525158,252.262363880099,28318.7071221882,289.443361168506,1695.42130630765,92.4145111111111,867.200879227053,182.219314009662,536.185207729469
"SPS_APS_1",2027,0.554276543913027,6.10912219982404,268.030462961082,29103.4205390714,331.665041752759,1840.86425419879,105.368216666667,1052.45681884058,218.815971014493,643.707311594203
"SPS_APS_1",2028,0.554357826437273,6.34902984459669,283.798562042065,29888.1339559545,373.886722337012,1986.30720208994,118.321922222222,1237.71275845411,255.412628019324,751.229415458937
"SPS_APS_1",2029,0.554418735166487,6.54159141236299,299.566661123047,30672.8473728376,416.108402921265,2131.75014998108,131.275627777778,1422.96869806763,292.009285024155,858.751519323671
"SPS_APS_1",2030,0.554466077154589,6.69956381865274,315.33476020403,31457.5607897208,458.330083505518,2277.19309787222,144.229333333333,1608.22463768116,328.605942028985,966.273623188406
"SPS_APS_1",2031,0.556320923392689,7.54571259133897,318.393450256112,31715.6109116456,507.207368733915,2409.04168077525,144.318686956522,1786.07831884058,371.886098550725,1088.98733333333
"SPS_APS_1",2032,0.557789042460516,8.39081424146482,321.452140308193,31973.6610335704,556.084653962313,2540.89026367827,144.40804057971,1963.932,415.166255072464,1211.70104347826
"SPS_APS_1",2033,0.558979962617232,9.23487071157454,324.510830360275,32231.7111554952,604.96193919071,2672.73884658129,144.497394202899,2141.78568115942,458.446411594203,1334.41475362319
"SPS_APS_1",2034,0.559965419423738,10.0778839394105,327.569520412357,32489.76127742,653.839224419107,2804.58742948431,144.586747826087,2319.63936231884,501.726568115942,1457.12846376812
"SPS_APS_1",2035,0.560794361740043,10.9198558579279,330.628210464438,32747.8113993448,702.716509647505,2936.43601238734,144.676101449275,2497.49304347826,545.006724637681,1579.84217391304
"SPS_APS_1",2036,0.576497791109856,11.4309208023959,331.001596321688,33048.6497028182,750.918501116244,3032.13720029472,143.457457971014,2608.46588405797,586.684657971014,1639.85084057971
"SPS_APS_1",2037,0.590118071382517,11.9507429340462,331.374982178937,33349.4880062916,799.120492584984,3127.8383882021,142.238814492754,2719.43872463768,628.362591304348,1699.85950724638
"SPS_APS_1",2038,0.602043931355772,12.4795492818696,331.748368036186,33650.3263097649,847.322484053724,3223.53957610948,141.020171014493,2830.41156521739,670.040524637681,1759.86817391304
"SPS_APS_1",2039,0.612573044648254,13.0175747908624,332.121753893435,33951.1646132383,895.524475522463,3319.24076401686,139.801527536232,2941.3844057971,711.718457971014,1819.87684057971
"SPS_APS_1",2040,0.621937215589198,13.5650626700769,332.495139750684,34252.0029167117,943.726466991203,3414.94195192424,138.582884057971,3052.35724637681,753.396391304348,1879.88550724638
"SPS_APS_1",2041,0.625480201823437,13.3993453437753,339.864345817376,34601.961649216,972.938901069605,3466.39459148006,143.586811594203,3103.66144927536,778.35804057971,1923.96927536232
"SPS_APS_1",2042,0.628803004783487,13.2447893791731,347.233551884068,34951.9203817203,1002.15133514801,3517.84723103588,148.590739130435,3154.96565217391,803.319689855072,1968.05304347826
"SPS_APS_1",2043,0.631925531247662,13.1003039054798,354.60275795076,35301.8791142245,1031.36376922641,3569.2998705917,153.594666666667,3206.26985507246,828.281339130435,2012.1368115942
"SPS_APS_1",2044,0.634865358500684,12.9649357237024,361.971964017452,35651.8378467288,1060.57620330481,3620.75251014751,158.598594202899,3257.57405797101,853.242988405797,2056.22057971015
"SPS_APS_1",2045,0.637638065395486,12.8378482525782,369.341170084144,36001.7965792331,1089.78863738321,3672.20514970333,163.60252173913,3308.87826086957,878.204637681159,2100.30434782609
"SPS_APS_1",2046,0.640391271083809,12.752395657265,374.206152662931,36322.553383994,1110.07209356574,3721.82673151459,166.132133333333,3362.45628985507,892.629550724638,2118.58269565217
"SPS_APS_1",2047,0.643056908154742,12.6695063210471,379.071135241718,36643.3101887549,1130.35554974827,3771.44831332584,168.661744927536,3416.03431884058,907.054463768116,2136.86104347826
"SPS_APS_1",2048,0.645639089027042,12.5890666158176,383.936117820505,36964.0669935158,1150.63900593079,3821.0698951371,171.191356521739,3469.61234782609,921.479376811594,2155.13939130435
"SPS_APS_1",2049,0.648141672583785,12.5109695317832,388.801100399292,37284.8237982767,1170.92246211332,3870.69147694835,173.720968115942,3523.19037681159,935.904289855072,2173.41773913043
"SPS_APS_1",2050,0.650568283414277,12.4351142025229,393.666082978079,37605.5806030376,1191.20591829585,3920.31305875961,176.250579710145,3576.7684057971,950.329202898551,2191.69608695652
"SPS_APS_2",2025,0.554217597719538,5.41223037182833,237.590548882934,27617.4304941309,250.183806188118,1566.74494512753,80.5871944444444,693.533103864734,148.243429951691,436.156461352657
"SPS_APS_2",2026,0.55451555368606,5.82220035214302,254.454932047735,28485.5806998398,295.367612376235,1728.9544797297,94.6672888888889,890.377207729468,187.460859903382,551.171922705314
"SPS_APS_2",2027,0.554710411404812,6.12600840257433,271.319315212536,29353.7309055487,340.551418564353,1891.16401433187,108.747383333333,1087.2213115942,226.678289855072,666.187384057971
"SPS_APS_2",2028,0.554847789304474,6.36016353624063,288.183698377336,30221.8811112576,385.735224752471,2053.37354893403,122.827477777778,1284.06541545894,265.895719806763,781.202845410628
"SPS_APS_2",2029,0.554949851727493,6.54615586425405,305.048081542137,31090.0313169665,430.919030940589,2215.5830835362,136.907572222222,1480.90951932367,305.113149758454,896.218306763285
"SPS_APS_2",2030,0.555028665411298,6.69745940473687,321.912464706938,31958.1815226754,476.102837128706,2377.79261813837,150.987666666667,1677.75362318841,344.330579710145,1011.23376811594
"SPS_APS_2",2031,0.556967217381427,7.56560146472196,325.989539119515,32256.546944832,531.581093371597,2527.38217708125,152.171730434783,1881.7428115942,393.729214492754,1151.27066666667
"SPS_APS_2",2032,0.558473560809773,8.42033763333987,330.066613532091,32554.9123669886,587.059349614487,2676.97173602414,153.355794202899,2085.732,443.127849275362,1291.30756521739
"SPS_APS_2",2033,0.559677742582725,9.26197605304244,334.143687944668,32853.2777891452,642.537605857377,2826.56129496702,154.539857971014,2289.7211884058,492.526484057971,1431.34446376812
"SPS_APS_2",2034,0.560662392418345,10.090815494303,338.220762357245,33151.6432113018,698.015862100267,2976.15085390991,155.72392173913,2493.71037681159,541.92511884058,1571.38136231884
"SPS_APS_2",2035,0.56148252879642,10.9071457092318,342.297836769822,33450.0086334584,753.494118343157,3125.7404128528,156.907985507246,2697.69956521739,591.323753623188,1711.41826086957
"SPS_APS_2",2036,0.577450860480994,11.4279146432543,343.533791517398,33797.5682701624,811.283428652476,3237.09322796868,156.707820289855,2839.71515942029,642.150020289855,1790.8435942029
"SPS_APS_2",2037,0.591076801236185,11.9500156504823,344.769746264974,34145.1279068663,869.072738961796,3348.44604308456,156.507655072464,2981.73075362319,692.976286956522,1870.26892753623
"SPS_APS_2",2038,0.602840538924087,12.4734538484196,346.005701012551,34492.6875435703,926.862049271115,3459.79885820044,156.307489855072,3123.74634782609,743.802553623188,1949.69426086957
"SPS_APS_2",2039,0.613099405775555,12.9982343808172,347.241655760127,34840.2471802742,984.651359580434,3571.15167331633,156.107324637681,3265.76194202899,794.628820289855,2029.1195942029
"SPS_APS_2",2040,0.622124806981514,13.5243624178418,348.477610507703,35187.8068169782,1042.44066988975,3682.50448843221,155.90715942029,3407.77753623188,845.455086956522,2108.54492753623
"SPS_APS_2",2041,0.62568974646487,13.3545645238432,356.715745446686,35507.773363892,1076.12945904062,3746.53740367431,161.811884057971,3469.74550724638,874.710794202899,2160.92724637681
"SPS_APS_2",2042,0.629023936632385,13.1967226289066,364.95388038567,35827.7399108059,1109.81824819149,3810.57031891642,167.716608695652,3531.71347826087,903.966501449275,2213.30956521739
"SPS_APS_2",2043,0.632149078857116,13.0496168907314,373.192015324653,36147.7064577198,1143.50703734235,3874.60323415852,173.621333333333,3593.68144927536,933.222208695652,2265.69188405797
"SPS_APS_2",2044,0.635084235951765,12.9121879525301,381.430150263637,36467.6730046337,1177.19582649322,3938.63614940062,179.526057971014,3655.64942028986,962.477915942029,2318.07420289855
"SPS_APS_2",2045,0.637846221350558,12.7835113911015,389.66828520262,36787.6395515476,1210.88461564408,4002.66906464273,185.430782608696,3717.61739130435,991.733623188406,2370.45652173913
"SPS_APS_2",2046,0.640564914209094,12.6929523309574,395.024210676776,37111.3217357315,1233.76714429038,4068.66237376243,188.485466666667,3779.18310144928,1008.50049275362,2392.43704347826
"SPS_APS_2",2047,0.643194685933061,12.6052817442355,400.380136150931,37435.0039199155,1256.64967293667,4134.65568288213,191.540150724638,3840.7488115942,1025.26736231884,2414.41756521739
"SPS_APS_2",2048,0.645739828883552,12.5203636040923,405.736061625087,37758.6861040995,1279.53220158297,4200.64899200183,194.594834782609,3902.31452173913,1042.03423188406,2436.39808695652
"SPS_APS_2",2049,0.648204363531281,12.4380702928932,411.091987099242,38082.3682882834,1302.41473022926,4266.64230112153,197.64951884058,3963.88023188406,1058.80110144928,2458.37860869565
"SPS_APS_2",2050,0.650592059648872,12.3582819622792,416.447912573398,38406.0504724674,1325.29725887556,4332.63561024123,200.704202898551,4025.44594202899,1075.56797101449,2480.35913043478
"SPS_APS_3",2025,0.554435921644698,5.42932766796928,238.686832966752,27700.8672829566,253.145931791982,1583.51153183856,81.7135833333333,705.121268115942,150.864202898551,443.64981884058
"SPS_APS_3",2026,0.55484929513442,5.84150070416611,256.647500215371,28652.4542774913,301.291863583965,1762.48765315175,96.9200666666666,913.553536231884,192.702405797101,566.158637681159
"SPS_APS_3",2027,0.555115190504835,6.14187680368066,274.608167463989,29604.041272026,349.437795375947,1941.46377446494,112.12655,1121.98580434783,234.540608695652,688.667456521739
"SPS_APS_3",2028,0.555300583434465,6.37050931818153,292.568834712608,30555.6282665607,397.58372716793,2120.43989577813,127.333033333333,1330.41807246377,276.378811594203,811.176275362319
"SPS_APS_3",2029,0.555437226569756,6.55035961982635,310.529501961226,31507.2152610953,445.729658959912,2299.41601709132,142.539516666667,1538.85034057971,318.217014492754,933.685094202899
"SPS_APS_3",2030,0.55554211400235,6.69553531020424,328.490169209845,32458.80225563,493.875590751895,2478.39213840451,157.746,1747.28260869565,360.055217391304,1056.19391304348
"SPS_APS_3",2031,0.557545570973297,7.58353828801182,333.585627982917,32797.4829780184,555.954818009278,2645.72267338726,160.024773913043,1977.40730434783,415.572330434783,1213.554
"SPS_APS_3",2032,0.559076819752472,8.4466057909313,338.681086755989,33136.1637004068,618.034045266661,2813.05320837001,162.303547826087,2207.532,471.089443478261,1370.91408695652
"SPS_APS_3",2033,0.560285206954941,9.28577357375854,343.776545529062,33474.8444227952,680.113272524043,2980.38374335276,164.58232173913,2437.65669565217,526.606556521739,1528.27417391304
"SPS_APS_3",2034,0.561263106470936,10.1020208112699,348.872004302134,33813.5251451836,742.192499781426,3147.71427833551,166.861095652174,2667.78139130435,582.123669565217,1685.63426086957
"SPS_APS_3",2035,0.562070721527545,10.8962739096559,353.967463075206,34152.205867572,804.271727038809,3315.04481331826,169.139869565217,2897.90608695652,637.640782608696,1842.99434782609
"SPS_APS_3",2036,0.578252378325881,11.4253772193886,356.065986713109,34546.4868375065,871.648356188708,3442.04925564264,169.958182608696,3070.96443478261,697.615382608696,1941.83634782609
"SPS_APS_3",2037,0.591871993872098,11.9494098999572,358.164510351012,34940.767807441,939.024985338607,3569.05369796702,170.776495652174,3244.0227826087,757.589982608696,2040.67834782609
"SPS_APS_3",2038,0.60349340398742,12.4684444948497,360.263033988915,35335.0487773756,1006.40161448851,3696.05814029141,171.594808695652,3417.08113043478,817.564582608696,2139.52034782609
"SPS_APS_3",2039,0.613526305151996,12.9825521703205,362.361557626818,35729.3297473101,1073.77824363841,3823.06258261579,172.41312173913,3590.13947826087,877.539182608696,2238.36234782609
"SPS_APS_3",2040,0.622275557488475,13.4918027479198,364.460081264721,36123.6107172446,1141.1548727883,3950.06702494018,173.231434782609,3763.19782608696,937.513782608696,2337.20434782609
"SPS_APS_3",2041,0.625857707415402,13.3188499945663,373.567145075996,36413.5850785681,1179.32001701163,4026.68021586857,180.036956521739,3835.82956521739,971.063547826087,2397.8852173913
"SPS_APS_3",2042,0.629200600530854,13.1584964502765,382.674208887271,36703.5594398916,1217.48516123496,4103.29340679696,186.84247826087,3908.46130434783,1004.61331304348,2458.56608695652
"SPS_APS_3",2043,0.63232743264102,13.0094137637452,391.781272698546,36993.5338012151,1255.65030545829,4179.90659772534,193.648,3981.09304347826,1038.16307826087,2519.24695652174
"SPS_APS_3",2044,0.635258494991014,12.8704539770794,400.888336509821,37283.5081625386,1293.81544968162,4256.51978865374,200.45352173913,4053.7247826087,1071.71284347826,2579.92782608696
"SPS_APS_3",2045,0.638011615098312,12.740619908965,409.995400321096,37573.4825238621,1331.98059390495,4333.13297958212,207.259043478261,4126.35652173913,1105.26260869565,2640.60869565217
"SPS_APS_3",2046,0.640702768106937,12.6461134824536,415.84226869062,37900.0900874691,1357.46219501502,4415.49801601027,210.8388,4195.90991304348,1124.37143478261,2666.29139130435
"SPS_APS_3",2047,0.643303976799819,12.5547626596562,421.689137060144,38226.6976510761,1382.94379612508,4497.86305243841,214.418556521739,4265.46330434783,1143.48026086957,2691.97408695652
"SPS_APS_3",2048,0.645819676270078,12.4664119857968,427.536005429668,38553.3052146831,1408.42539723514,4580.22808886656,217.998313043478,4335.01669565217,1162.58908695652,2717.6567826087
"SPS_APS_3",2049,0.648254014737437,12.3809160520438,433.382873799192,38879.9127782901,1433.90699834521,4662.5931252947,221.578069565217,4404.57008695652,1181.69791304348,2743.33947826087
"SPS_APS_3",2050,0.650610876373774,12.298138696914,439.229742168716,39206.5203418971,1459.38859945527,4744.95816172284,225.157826086957,4474.12347826087,1200.80673913043,2769.02217391304
"APS_NZE_1",2025,0.55590522149005,5.45571201763323,240.788595816392,27784.8510372534,258.695944702194,1608.14355144463,83.8177116858238,728.851944444444,156.015459770115,457.285296934866
"APS_NZE_1",2026,0.55708671970913,5.8680849645739,260.851025914651,28820.4217860848,312.391889404388,1811.7516923639,101.128323371647,961.014888888889,203.00491954023,593.429593869732
"APS_NZE_1",2027,0.557824064238139,6.15991599764537,280.91345601291,29855.9925349163,366.087834106582,2015.35983328317,118.438935057471,1193.17783333333,249.994379310345,729.573890804598
"APS_NZE_1",2028,0.558328080103947,6.37731917717967,300.975886111168,30891.5632837477,419.783778808776,2218.96797420244,135.749546743295,1425.34077777778,296.98383908046,865.718187739463
"APS_NZE_1",2029,0.558694390901779,6.54554715581512,321.038316209427,31927.1340325792,473.47972351097,2422.5761151217,153.060158429119,1657.50372222222,343.973298850575,1001.86248467433
"APS_NZE_1",2030,0.558972648573739,6.67958934998901,341.100746307686,32962.7047814106,527.175668213164,2626.18425604097,170.370770114943,1889.66666666667,390.96275862069,1138.0067816092
"APS_NZE_1",2031,0.561037570658771,7.57444494347437,347.193042117738,33375.0232965319,597.443618309128,2814.71080241149,173.685634482759,2151.44921839081,454.091556321839,1315.57227586207
"APS_NZE_1",2032,0.562598428866344,8.43578283570524,353.28533792779,33787.3418116532,667.711568405091,3003.237348782,177.000498850575,2413.23177011494,517.220354022989,1493.13777011494
"APS_NZE_1",2033,0.56381971527741,9.26545156523533,359.377633737842,34199.6603267745,737.979518501055,3191.76389515252,180.315363218391,2675.01432183908,580.349151724138,1670.70326436782
"APS_NZE_1",2034,0.564801371588181,10.0651661924941,365.469929547895,34611.9788418959,808.247468597018,3380.29044152303,183.630227586207,2936.79687356322,643.477949425287,1848.26875862069
"APS_NZE_1",2035,0.565607624018628,10.836520133793,371.562225357947,35024.2973570172,878.515418692982,3568.81698789355,186.945091954023,3198.57942528736,706.606747126437,2025.83425287356
"APS_NZE_1",2036,0.581359347785308,11.3508884794311,373.513393711845,35418.7348112482,950.835052940332,3697.52730510335,187.752262068966,3382.72112643678,771.311312643678,2131.15498850575
"APS_NZE_1",2037,0.594672820152476,11.860853091436,375.464562065742,35813.1722654793,1023.15468718768,3826.23762231315,188.559432183908,3566.86282758621,836.01587816092,2236.47572413793
"APS_NZE_1",2038,0.606073507146358,12.366470282201,377.41573041964,36207.6097197103,1095.47432143503,3954.94793952296,189.366602298851,3751.00452873563,900.720443678161,2341.79645977012
"APS_NZE_1",2039,0.615946003982514,12.8677954080739,379.366898773538,36602.0471739414,1167.79395568238,4083.65825673276,190.173772413793,3935.14622988506,965.425009195402,2447.1171954023
"APS_NZE_1",2040,0.624578276998222,13.3648828895607,381.318067127435,36996.4846281724,1240.11358992973,4212.36857394256,190.980942528736,4119.28793103448,1030.12957471264,2552.43793103448
"APS_NZE_1",2041,0.628102796835926,13.1982376055847,390.901546468914,37251.8546025504,1281.1403724839,4293.5597434325,198.288229885057,4196.16482758621,1066.21805057471,2617.05517241379
"APS_NZE_1",2042,0.631396537764066,13.0434381535892,400.485025810393,37507.2245769284,1322.16715503806,4374.75091292243,205.595517241379,4273.04172413793,1102.30652643678,2681.6724137931
"APS_NZE_1",2043,0.634481447680578,12.8992648094128,410.068505151872,37762.5945513064,1363.19393759223,4455.94208241237,212.902804597701,4349.91862068966,1138.39500229885,2746.28965517241
"APS_NZE_1",2044,0.637376776902037,12.7646597465597,419.651984493351,38017.9645256844,1404.22072014639,4537.1332519023,220.210091954023,4426.79551724138,1174.48347816092,2810.90689655172
"APS_NZE_1",2045,0.640099480252933,12.6387010374653,429.23546383483,38273.3345000624,1445.24750270055,4618.32442139224,227.517379310345,4503.6724137931,1210.57195402299,2875.52413793103
"APS_NZE_1",2046,0.642728106503251,12.5448804817694,435.130045315662,38593.7800740907,1470.91911970267,4703.22616214138,231.171581609195,4573.05496551724,1229.86710344828,2900.01986206897
"APS_NZE_1",2047,0.645275526751439,12.4539798719552,441.024626796493,38914.225648119,1496.59073670479,4788.12790289053,234.825783908046,4642.43751724138,1249.16225287356,2924.5155862069
"APS_NZE_1",2048,0.647745446794657,12.3658649820047,446.919208277324,39234.6712221473,1522.26235370691,4873.02964363967,238.479986206897,4711.82006896552,1268.45740229885,2949.01131034483
"APS_NZE_1",2049,0.650141350325558,12.2804096886639,452.813789758155,39555.1167961756,1547.93397070902,4957.93138438882,242.134188505747,4781.20262068966,1287.75255172414,2973.50703448276
"APS_NZE_1",2050,0.652466515326264,12.1974953691125,458.708371238986,39875.5623702039,1573.60558771114,5042.83312513797,245.788390804598,4850.58517241379,1307.04770114943,2998.00275862069
"APS_NZE_2",2025,0.559005262249627,5.49424964224506,244.398576814766,27869.6552397566,268.127788571926,1644.57372039329,87.3884492337165,770.796388888889,164.962442528736,480.133955938697
"APS_NZE_2",2026,0.561621097067465,5.90309505443146,268.070987911398,28990.0301910913,331.255577143852,1884.61203026121,108.269798467433,1044.90377777778,220.898885057471,639.126911877395
"APS_NZE_2",2027,0.563179837798155,6.1797350005972,291.74339900803,30110.405142426,394.383365715777,2124.65034012913,129.151147701149,1319.01116666667,276.835327586207,798.119867816092
"APS_NZE_2",2028,0.564214553241066,6.37937009186952,315.415810104662,31230.7800937607,457.511154287703,2364.68864999705,150.032496934866,1593.11855555556,332.771770114942,957.112823754789
"APS_NZE_2",2029,0.564951470494882,6.53022446521159,339.088221201294,32351.1550450954,520.638942859629,2604.72695986498,170.913846168582,1867.22594444444,388.708212643678,1116.10577969349
"APS_NZE_2",2030,0.56550297888732,6.64823085352899,362.760632297926,33471.5299964301,583.766731431555,2844.7652697329,191.795195402299,2141.33333333333,444.644655172414,1275.09873563218
"APS_NZE_2",2031,0.567607555953461,7.53446073478103,369.817444159686,34007.470043036,664.605032102231,3059.67038051303,196.058220689655,2443.05726436782,517.624947126437,1477.19296551724
"APS_NZE_2",2032,0.569192013526703,8.38297099846819,376.874256021445,34543.4100896419,745.443332772907,3274.57549129317,200.321245977011,2744.7811954023,590.60523908046,1679.2871954023
"APS_NZE_2",2033,0.570427957846186,9.19611959247932,383.931067883205,35079.3501362478,826.281633443584,3489.48060207331,204.584271264368,3046.50512643678,663.585531034483,1881.38142528736
"APS_NZE_2",2034,0.571418982908057,9.9760719414264,390.987879744964,35615.2901828538,907.11993411426,3704.38571285344,208.847296551724,3348.22905747126,736.565822988506,2083.47565517241
"APS_NZE_2",2035,0.572231326862047,10.7248202026709,398.044691606724,36151.2302294597,987.958234784936,3919.29082363358,213.11032183908,3649.95298850575,809.546114942529,2285.56988505747
"APS_NZE_2",2036,0.58698221538609,11.1976878465795,398.333618415118,36475.9768945862,1058.25440351504,4028.78838724418,212.361917241379,3815.23894252874,872.353094252874,2377.96245977011
"APS_NZE_2",2037,0.59975171318029,11.6739002326492,398.622545223511,36800.7235597127,1128.55057224515,4138.28595085478,211.613512643678,3980.52489655172,935.160073563218,2470.35503448276
"APS_NZE_2",2038,0.610913916261794,12.1534929744594,398.911472031905,37125.4702248393,1198.84674097526,4247.78351446537,210.865108045977,4145.81085057471,997.967052873563,2562.7476091954
"APS_NZE_2",2039,0.620754321794099,12.6365021929904,399.200398840299,37450.2168899658,1269.14290970537,4357.28107807597,210.116703448276,4311.0968045977,1060.77403218391,2655.14018390805
"APS_NZE_2",2040,0.62949459099382,13.1229645256926,399.489325648692,37774.9635550923,1339.43907843548,4466.77864168657,209.368298850575,4476.38275862069,1123.58101149425,2747.53275862069
"APS_NZE_2",2041,0.632892840889871,12.9723825406971,408.960450507244,37988.8108404921,1380.90542420804,4540.54434405094,216.578804597701,4547.87689655172,1159.57517701149,2809.54310344828
"APS_NZE_2",2042,0.636086473345718,12.8315040778811,418.431575365796,38202.6581258919,1422.37176998059,4614.31004641531,223.789310344828,4619.37103448276,1195.56934252874,2871.55344827586
"APS_NZE_2",2043,0.639093429053731,12.6994204702556,427.902700224348,38416.5054112916,1463.83811575315,4688.07574877969,230.999816091954,4690.86517241379,1231.56350804598,2933.56379310345
"APS_NZE_2",2044,0.64192961089683,12.5753330703892,437.3738250829,38630.3526966914,1505.3044615257,4761.84145114406,238.21032183908,4762.35931034483,1267.55767356322,2995.57413793103
"APS_NZE_2",2045,0.64460916529231,12.4585370884409,446.844949941451,38844.1999820912,1546.77080729826,4835.60715350843,245.420827586207,4833.85344827586,1303.55183908046,3057.58448275862
"APS_NZE_2",2046,0.64715041323339,12.369766097711,452.122399857497,39144.8525130382,1569.01885533486,4902.29306409741,248.473535632184,4890.82737931034,1319.79986206897,3073.55951724138
"APS_NZE_2",2047,0.649629851630922,12.2831498874421,457.399849773543,39445.5050439851,1591.26690337146,4968.9789746864,251.526243678161,4947.80131034483,1336.04788505747,3089.53455172414
"APS_NZE_2",2048,0.652049708435636,12.1986109424004,462.677299689589,39746.1575749321,1613.51495140806,5035.66488527538,254.578951724138,5004.77524137931,1352.29590804598,3105.5095862069
"APS_NZE_2",2049,0.654412105792977,12.1160754213009,467.954749605635,40046.8101058791,1635.76299944466,5102.35079586436,257.631659770115,5061.74917241379,1368.54393103448,3121.48462068966
"APS_NZE_2",2050,0.656719066250271,12.0354729416911,473.232199521681,40347.4626368261,1658.01104748126,5169.03670645335,260.684367816092,5118.72310344828,1384.79195402299,3137.45965517241
"APS_NZE_3",2025,0.561786332244035,5.52976156383387,248.008557813139,27954.4594422599,277.559632441658,1681.00388934194,90.9591867816092,812.740833333333,173.909425287356,502.982614942529
"APS_NZE_3",2026,0.565475906407772,5.93377240144511,275.290949908145,29159.6385960978,350.119264883315,1957.47236815852,115.411273563218,1128.79266666667,238.792850574713,684.824229885057
"APS_NZE_3",2027,0.567588852901695,6.19651810660673,302.57334200315,30364.8177499358,422.678897324973,2233.9408469751,139.863360344828,1444.8445,303.676275862069,866.665844827586
"APS_NZE_3",2028,0.568957848249863,6.38106445928552,329.855734098156,31569.9969037737,495.238529766631,2510.40932579167,164.315447126437,1760.89633333333,368.559701149425,1048.50745977012
"APS_NZE_3",2029,0.569916985409153,6.51780022359132,357.138126193161,32775.1760576117,567.798162208288,2786.87780460825,188.767533908046,2076.94816666667,433.443126436782,1230.34907471264
"APS_NZE_3",2030,0.570626358216133,6.62317419516771,384.420518288167,33980.3552114496,640.357794649946,3063.34628342483,213.219620689655,2393,498.326551724138,1412.19068965517
"APS_NZE_3",2031,0.57274105340632,7.50266722197548,392.441846201634,34639.9167895401,731.766445895335,3304.62995861459,218.430806896552,2734.66531034483,581.158337931034,1638.81365517241
"APS_NZE_3",2032,0.574328138400155,8.3411732957807,400.463174115101,35299.4783676306,823.175097140724,3545.91363380434,223.641993103448,3076.33062068966,663.990124137931,1865.43662068966
"APS_NZE_3",2033,0.575563168685684,9.14149234243271,408.484502028567,35959.0399457211,914.583748386112,3787.1973089941,228.853179310345,3417.99593103448,746.821910344828,2092.0595862069
"APS_NZE_3",2034,0.576551590621258,9.90617493867661,416.505829942034,36618.6015238117,1005.9923996315,4028.48098418386,234.064365517241,3759.66124137931,829.653696551724,2318.68255172414
"APS_NZE_3",2035,0.577360562568868,10.6375494650447,424.527157855501,37278.1631019022,1097.40105087689,4269.76465937362,239.275551724138,4101.32655172414,912.485482758621,2545.30551724138
"APS_NZE_3",2036,0.591437736467541,11.076307188658,423.153843118391,37533.2189779242,1165.67375408976,4360.04946938501,236.971572413793,4247.75675862069,973.394875862069,2624.76993103448
"APS_NZE_3",2037,0.603856922200629,11.5236804071003,421.78052838128,37788.2748539462,1233.94645730263,4450.3342793964,234.667593103448,4394.18696551724,1034.30426896552,2704.23434482759
"APS_NZE_3",2038,0.614894742649408,11.97992539873,420.40721364417,38043.3307299682,1302.21916051549,4540.61908940779,232.363613793103,4540.61717241379,1095.21366206897,2783.69875862069
"APS_NZE_3",2039,0.624769526098428,12.445308708114,419.03389890706,38298.3866059903,1370.49186372836,4630.90389941918,230.059634482759,4687.04737931034,1156.12305517241,2863.16317241379
"APS_NZE_3",2040,0.633655893720475,12.9201076652928,417.66058416995,38553.4424820123,1438.76456694123,4721.18870943057,227.755655172414,4833.4775862069,1217.03244827586,2942.6275862069
"APS_NZE_3",2041,0.636969063858429,12.7817046364142,427.019354545574,38725.7670784338,1480.67047593217,4787.52894466938,234.869379310345,4899.58896551724,1252.93230344828,3002.03103448276
"APS_NZE_3",2042,0.640097660190836,12.6514390431934,436.378124921199,38898.0916748554,1522.57638492312,4853.86917990819,241.983103448276,4965.70034482759,1288.83215862069,3061.43448275862
"APS_NZE_3",2043,0.643056688408247,12.5286137173081,445.736895296823,39070.4162712769,1564.48229391407,4920.209415147,249.096827586207,5031.81172413793,1324.7320137931,3120.83793103448
"APS_NZE_3",2044,0.645859570519017,12.4126089183654,455.095665672448,39242.7408676984,1606.38820290501,4986.54965038581,256.210551724138,5097.92310344828,1360.63186896552,3180.24137931035
"APS_NZE_3",2045,0.648518348403433,12.3028718752963,464.454436048072,39415.06546412,1648.29411189596,5052.88988562463,263.324275862069,5164.03448275862,1396.53172413793,3239.64482758621
"APS_NZE_3",2046,0.651008484961981,12.2174515664582,469.114754399333,39695.9249519857,1667.11859096704,5101.35996605345,265.775489655172,5208.59979310345,1409.73262068966,3247.09917241379
"APS_NZE_3",2047,0.653452418328728,12.1335924999316,473.775072750594,39976.7844398513,1685.94307003812,5149.83004648227,268.226703448276,5253.16510344828,1422.93351724138,3254.55351724138
"APS_NZE_3",2048,0.65585142259797,12.0512522606713,478.435391101855,40257.643927717,1704.76754910921,5198.30012691109,270.677917241379,5297.7304137931,1436.1344137931,3262.00786206897
"APS_NZE_3",2049,0.658206725444968,11.9703899562576,483.095709453116,40538.5034155827,1723.59202818029,5246.77020733991,273.129131034483,5342.29572413793,1449.33531034483,3269.46220689655
"APS_NZE_3",2050,0.660519510220844,11.8909661491799,487.756027804377,40819.3629034483,1742.41650725137,5295.24028776873,275.580344827586,5386.86103448276,1462.53620689655,3276.91655172414
"APS_NZE_4",2025,0.564295252243195,5.56259065767868,251.618538811513,28039.2636447631,286.991476311389,1717.4340582906,94.5299243295019,854.685277777778,182.856408045977,525.83127394636
"APS_NZE_4",2026,0.568793268391325,5.96087444701347,282.510911904892,29329.2470011043,368.982952622779,2030.33270605583,122.552748659004,1212.68155555556,256.686816091954,730.52154789272
"APS_NZE_4",2027,0.57128176525658,6.21091325291168,313.40328499827,30619.2303574455,450.974428934168,2343.23135382106,150.575572988506,1570.67783333333,330.517224137931,935.21182183908
"APS_NZE_4",2028,0.572861505772796,6.38248782129752,344.295658091649,31909.2137137867,532.965905245558,2656.13000158629,178.598397318008,1928.67411111111,404.347632183908,1139.90209578544
"APS_NZE_4",2029,0.57395342427668,6.50752308504709,375.188031185028,33199.1970701279,614.957381556947,2969.02864935153,206.62122164751,2286.67038888889,478.178040229885,1344.5923697318
"APS_NZE_4",2030,0.574753257436775,6.60269318672568,406.080404278407,34489.1804264691,696.948857868337,3281.92729711676,234.644045977012,2644.66666666667,552.008448275862,1549.28264367816
"APS_NZE_4",2031,0.576862754103212,7.47678145903088,415.066248243581,35272.3635360442,798.927859688438,3549.58953671614,240.803393103448,3026.27335632184,644.691728735632,1800.43434482759
"APS_NZE_4",2032,0.578441950532386,8.30726952603172,424.052092208756,36055.5466456193,900.90686150854,3817.25177631552,246.962740229885,3407.88004597701,737.375009195402,2051.58604597701
"APS_NZE_4",2033,0.579668484727184,9.09734022493602,433.03793617393,36838.7297551945,1002.88586332864,4084.9140159149,253.122087356322,3789.48673563218,830.058289655173,2302.73774712644
"APS_NZE_4",2034,0.580648624446103,9.84987395403232,442.023780139104,37621.9128647696,1104.86486514874,4352.57625551427,259.281434482759,4171.09342528736,922.741570114942,2553.88944827586
"APS_NZE_4",2035,0.581449838931102,10.5674837619907,451.009624104278,38405.0959743447,1206.84386696884,4620.23849511365,265.440781609195,4552.70011494253,1015.42485057471,2805.04114942529
"APS_NZE_4",2036,0.595055248560866,10.9777656019008,447.974067821664,38590.4610612622,1273.09310466447,4691.31055152584,261.581227586207,4680.27457471264,1074.43665747126,2871.57740229885
"APS_NZE_4",2037,0.607243955391939,11.4003359304265,444.93851153905,38775.8261481797,1339.3423423601,4762.38260793802,257.721673563218,4807.84903448276,1133.44846436782,2938.11365517241
"APS_NZE_4",2038,0.618226286411312,11.8357552260562,441.902955256435,38961.1912350972,1405.59158005572,4833.45466435021,253.86211954023,4935.42349425287,1192.46027126437,3004.64990804598
"APS_NZE_4",2039,0.628172897643245,12.2846185780751,438.867398973821,39146.5563220147,1471.84081775135,4904.52672076239,250.002565517241,5062.99795402299,1251.47207816092,3071.18616091954
"APS_NZE_4",2040,0.637223706175143,12.7475584000741,435.831842691207,39331.9214089322,1538.09005544697,4975.59877717458,246.143011494253,5190.5724137931,1310.48388505747,3137.7224137931
"APS_NZE_4",2041,0.640479963420872,12.6185793398713,445.078258583904,39462.7233163755,1580.43552765631,5034.51354528783,253.159954022989,5251.30103448276,1346.28942988506,3194.51896551724
"APS_NZE_4",2042,0.643567502789876,12.4965573820464,454.324674476601,39593.5252238188,1622.78099986565,5093.42831340107,260.176896551724,5312.02965517241,1382.09497471264,3251.31551724138
"APS_NZE_4",2043,0.646499105930971,12.3809444123049,463.571090369299,39724.3271312622,1665.12647207498,5152.34308151432,267.19383908046,5372.75827586207,1417.90051954023,3308.11206896552
"APS_NZE_4",2044,0.649286295218044,12.2712484204407,472.817506261996,39855.1290387055,1707.47194428432,5211.25784962757,274.210781609195,5433.48689655172,1453.70606436782,3364.90862068965
"APS_NZE_4",2045,0.65193948510512,12.1670265010415,482.063922154693,39985.9309461488,1749.81741649366,5270.17261774082,281.227724137931,5494.21551724138,1489.5116091954,3421.70517241379
"APS_NZE_4",2046,0.654403830754114,12.0837562440165,486.107108941169,40246.9973909331,1765.21832659922,5300.42686800948,283.077443678161,5526.37220689655,1499.66537931035,3420.63882758621
"APS_NZE_4",2047,0.65683503018263,12.0015671518745,490.150295727645,40508.0638357175,1780.61923670479,5330.68111827814,284.927163218391,5558.52889655172,1509.81914942529,3419.57248275862
"APS_NZE_4",2048,0.659233747663892,11.9204383039772,494.193482514121,40769.1302805019,1796.02014681035,5360.9353685468,286.776882758621,5590.6855862069,1519.97291954023,3418.50613793104
"APS_NZE_4",2049,0.661600629838914,11.8403493159822,498.236669300596,41030.1967252862,1811.42105691592,5391.18961881545,288.626602298851,5622.84227586207,1530.12668965517,3417.43979310345
"APS_NZE_4",2050,0.663936306297676,11.7612803227675,502.279856087072,41291.2631700706,1826.82196702149,5421.44386908411,290.47632183908,5654.99896551724,1540.28045977011,3416.37344827586
"SPS_x0.75",2025,0.553954468585675,5.39178886801834,176.448169954312,20548.3694838748,184.234924668934,1155.29287929299,59.195080243735,507.791816855475,108.416495022314,319.167374699622
"SPS_x0.75",2026,0.554104248411984,5.79862848717167,188.090500417741,21124.3103280936,215.405997638589,1261.88527183943,68.7324390662547,644.729334019911,135.428407140405,398.553879162376
"SPS_x0.75",2027,0.55420421499582,6.10631937882742,199.73283088117,21700.2511723124,246.577070608244,1368.47766438588,78.2697978887745,781.666851184346,162.440319258496,477.940383625129
"SPS_x0.75",2028,0.554275675305987,6.34716928507715,211.375161344599,22276.1920165313,277.7481435779,1475.07005693233,87.8071567112942,918.604368348781,189.452231376588,557.326888087882
"SPS_x0.75",2029,0.554329300980016,6.54082450417522,223.017491808028,22852.1328607501,308.919216547555,1581.66244947877,97.3445155338139,1055.54188551322,216.464143494679,636.713392550635
"SPS_x0.75",2030,0.554371027890608,6.69991896498729,234.659822271457,23428.0737049689,340.09028951721,1688.25484202522,106.881874356334,1192.47940267765,243.47605561277,716.099897013388
"SPS_x0.75",2031,0.556210403999385,7.54232774275804,236.821941428966,23615.931339952,375.796076492397,1784.58055714784,106.817811534501,1322.15211122554,275.060370751802,805.654943357363
"SPS_x0.75",2032,0.557670869679565,8.38574757792195,238.984060586476,23803.7889749351,411.501863467584,1880.90627227047,106.753748712667,1451.82481977343,306.644685890834,895.209989701339
"SPS_x0.75",2033,0.558858574548862,9.23018029177567,241.146179743985,23991.6466099182,447.207650442772,1977.23198739309,106.689685890834,1581.49752832132,338.229001029866,984.765036045314
"SPS_x0.75",2034,0.559843404923143,10.0756277099929,243.308298901495,24179.5042449013,482.913437417959,2073.55770251571,106.625623069001,1711.17023686921,369.813316168898,1074.32008238929
"SPS_x0.75",2035,0.560673250860678,10.9220916626378,245.470418059004,24367.3618798844,518.619224393147,2169.88341763834,106.561560247168,1840.8429454171,401.39763130793,1163.87512873326
"SPS_x0.75",2036,0.576328319953822,11.4314540949529,245.646161370259,24586.4021428746,553.464038841477,2239.46917714057,105.529984552008,1919.99263645726,431.42368177137,1206.36117404737
"SPS_x0.75",2037,0.589946071169143,11.9508730613522,245.821904681513,24805.4424058648,588.308853289808,2309.0549366428,104.498408856849,1999.14232749742,461.449732234809,1248.84721936148
"SPS_x0.75",2038,0.601899906075322,12.480649356085,245.997647992767,25024.482668855,623.153667738138,2378.64069614503,103.466833161689,2078.29201853759,491.475782698249,1291.33326467559
"SPS_x0.75",2039,0.612477230191699,13.0210958900116,246.173391304021,25243.5229318451,657.998482186469,2448.22645564726,102.435257466529,2157.44170957775,521.501833161689,1333.8193099897
"SPS_x0.75",2040,0.621902861793097,13.5725383069118,246.349134615275,25462.5631948353,692.843296634799,2517.81221514948,101.40368177137,2236.59140061792,551.527883625129,1376.30535530381
"SPS_x0.75",2041,0.625441763031324,13.4075870756404,251.747567827598,25727.4439101742,714.120080896834,2554.7265835309,105.032265705458,2273.62389289392,569.652584963955,1408.22924819773
"SPS_x0.75",2042,0.628762413141088,13.2536524964509,257.146001039921,25992.3246255131,735.396865158869,2591.64095191233,108.660849639547,2310.65638516993,587.777286302781,1440.15314109166
"SPS_x0.75",2043,0.631884398144225,13.1096665744622,262.544434252245,26257.205340852,756.673649420903,2628.55532029375,112.289433573635,2347.68887744593,605.901987641607,1472.07703398558
"SPS_x0.75",2044,0.634825028577869,12.9746950406505,267.942867464568,26522.0860561909,777.950433682938,2665.46968867517,115.918017507724,2384.72136972194,624.026688980432,1504.00092687951
"SPS_x0.75",2045,0.637599660621846,12.8479170570233,273.341300676891,26786.9667715298,799.227217944973,2702.38405705659,119.546601441813,2421.75386199794,642.151390319258,1535.92481977343
"SPS_x0.75",2046,0.640359215961368,12.7634237147167,276.915103966034,27026.1113023626,814.061423224617,2737.47831704153,121.372615859938,2460.80381050463,652.642013388259,1549.13012358393
"SPS_x0.75",2047,0.643031460095519,12.6814350441088,280.488907255177,27265.2558331953,828.895628504262,2772.57257702647,123.198630278064,2499.85375901133,663.132636457261,1562.33542739444
"SPS_x0.75",2048,0.645620472228508,12.6018413012372,284.06271054432,27504.4003640281,843.729833783907,2807.66683701142,125.024644696189,2538.90370751802,673.623259526262,1575.54073120494
"SPS_x0.75",2049,0.648130081352439,12.524539061194,287.636513833463,27743.5448948608,858.564039063552,2842.76109699636,126.850659114315,2577.95365602472,684.113882595263,1588.74603501545
"SPS_x0.75",2050,0.650563885142098,12.4494307697664,291.210317122606,27982.6894256935,873.398244343197,2877.85535698131,128.676673532441,2617.00360453141,694.604505664264,1601.95133882595
"SPS_x0.77",2025,0.553954468585675,5.39178886801834,182.532589607908,21256.933948836,190.587853105794,1195.13056478585,61.236289907312,525.301879505664,112.154994850669,330.173146240989
"SPS_x0.77",2026,0.554104248411984,5.79862848717167,194.57637974249,21852.7348221658,222.83379066061,1305.39855707528,71.1025231719876,666.961380020597,140.098352214212,412.297116374871
"SPS_x0.77",2027,0.55420421499582,6.10631937882742,206.620169877072,22448.5356954956,255.079728215425,1415.6665493647,80.9687564366632,808.62088053553,168.041709577755,494.421086508754
"SPS_x0.77",2028,0.554275675305988,6.34716928507714,218.663960011654,23044.3365688254,287.325665770241,1525.93454165413,90.8349897013388,950.280381050463,195.985066941298,576.545056642636
"SPS_x0.77",2029,0.554329300980016,6.54082450417522,230.707750146236,23640.1374421553,319.571603325057,1636.20253394356,100.701222966014,1091.9398815654,223.92842430484,658.669026776519
"SPS_x0.77",2030,0.554371027890608,6.69991896498729,242.751540280818,24235.9383154851,351.817540879872,1746.47052623299,110.56745623069,1233.59938208033,251.871781668383,740.792996910402
"SPS_x0.77",2031,0.556210403999385,7.54232774275804,244.988215271345,24430.2737999504,388.754561888687,1846.11781773915,110.501184346035,1367.74356333677,284.545211122554,833.436148300721
"SPS_x0.77",2032,0.557670869679565,8.38574757792195,247.224890261872,24624.6092844156,425.691582897501,1945.76510924531,110.43491246138,1501.8877445932,317.218640576725,926.07929969104
"SPS_x0.77",2033,0.558858574548862,9.23018029177567,249.461565252399,24818.9447688809,462.628603906316,2045.41240075147,110.368640576725,1636.03192584964,349.892070030896,1018.72245108136
"SPS_x0.77",2034,0.559843404923143,10.0756277099929,251.698240242926,25013.2802533462,499.56562491513,2145.05969225764,110.30236869207,1770.17610710608,382.565499485067,1111.36560247168
"SPS_x0.77",2035,0.560673250860678,10.9220916626378,253.934915233453,25207.6157378115,536.502645923945,2244.7069837638,110.236096807415,1904.32028836251,415.238928939238,1204.008753862
"SPS_x0.77",2036,0.576328319953822,11.4314540949529,254.116718658888,25434.2091133186,572.54900569808,2316.69225221438,109.16894953656,1986.19927909372,446.300360453141,1247.95983522142
"SPS_x0.77",2037,0.589946071169143,11.9508730613522,254.298522084323,25660.8024888256,608.595365472215,2388.67752066496,108.101802265705,2068.07826982492,477.361791967044,1291.91091658084
"SPS_x0.77",2038,0.601899906075322,12.480649356085,254.480325509759,25887.3958643327,644.64172524635,2460.66278911554,107.034654994851,2149.95726055613,508.423223480947,1335.86199794027
"SPS_x0.77",2039,0.612477230191699,13.0210958900116,254.662128935194,26113.9892398398,680.688085020485,2532.64805756613,105.967507723996,2231.83625128733,539.484654994851,1379.81307929969
"SPS_x0.77",2040,0.621902861793097,13.5725383069118,254.843932360629,26340.5826153469,716.73444479462,2604.63332601671,104.900360453141,2313.71524201854,570.546086508754,1423.76416065911
"SPS_x0.77",2041,0.625441763031324,13.4075870756404,260.428518442343,26614.5971484561,738.744911272587,2642.82060365266,108.654067971164,2352.02471678682,589.295777548919,1456.78887744593
"SPS_x0.77",2042,0.628762413141088,13.2536524964509,266.013104524057,26888.6116815653,760.755377750554,2681.00788128861,112.407775489186,2390.3341915551,608.045468589083,1489.81359423275
"SPS_x0.77",2043,0.631884398144225,13.1096665744622,271.59769060577,27162.6262146745,782.765844228521,2719.19515892457,116.161483007209,2428.64366632338,626.795159629248,1522.83831101957
"SPS_x0.77",2044,0.634825028577869,12.9746950406505,277.182276687484,27436.6407477837,804.776310706488,2757.38243656052,119.915190525232,2466.95314109166,645.544850669413,1555.86302780639
"SPS_x0.77",2045,0.637599660621846,12.8479170570233,282.766862769198,27710.6552808929,826.786777184455,2795.56971419647,123.668898043254,2505.26261585994,664.294541709578,1588.8877445932
"SPS_x0.77",2046,0.640359215961368,12.7634237147167,286.463900654518,27958.0461748578,842.132506784087,2831.87412107745,125.557878475798,2545.65911431514,675.146910401648,1602.54840370752
"SPS_x0.77",2047,0.643031460095519,12.6814350441088,290.160938539838,28205.4370688227,857.478236383719,2868.17852795842,127.446858908342,2586.05561277034,685.999279093718,1616.20906282183
"SPS_x0.77",2048,0.645620472228508,12.6018413012372,293.857976425159,28452.8279627876,872.823965983352,2904.4829348394,129.335839340886,2626.45211122554,696.851647785788,1629.86972193615
"SPS_x0.77",2049,0.648130081352439,12.524539061194,297.555014310479,28700.2188567525,888.169695582985,2940.78734172038,131.224819773429,2666.84860968074,707.704016477858,1643.53038105046
"SPS_x0.77",2050,0.650563885142098,12.4494307697664,301.252052195799,28947.6097507174,903.515425182617,2977.09174860135,133.113800205973,2707.24510813594,718.556385169928,1657.19104016478
"SPS_x0.8",2025,0.553954468585675,5.39178886801834,188.617009261505,21965.4984137972,196.940781542654,1234.96825027871,63.2774995708891,542.811942155853,115.893494679025,341.178917782355
"SPS_x0.8",2026,0.554104248411984,5.79862848717167,201.06225906724,22581.159316238,230.26158368263,1348.91184231112,73.4726072777206,689.193426021284,144.768297288019,426.040353587367
"SPS_x0.8",2027,0.55420421499582,6.10631937882742,213.507508872975,23196.8202186788,263.582385822606,1462.85543434353,83.667714984552,835.574909886715,173.643099897013,510.901789392379
"SPS_x0.8",2028,0.554275675305988,6.34716928507714,225.952758678709,23812.4811211196,296.903187962582,1576.79902637594,93.8628226913835,981.956393752145,202.517902506008,595.763225197391
"SPS_x0.8",2029,0.554329300980016,6.54082450417522,238.398008484444,24428.1420235604,330.223990102559,1690.74261840834,104.057930398215,1128.33787761758,231.392705115002,680.624661002403
"SPS_x0.8",2030,0.554371027890608,6.69991896498729,250.843258290178,25043.8029260013,363.544792242535,1804.68621044075,114.253038105046,1274.71936148301,260.267507723996,765.486096807415
"SPS_x0.8",2031,0.556210403999385,7.54232774275804,253.154489113723,25244.6162599487,401.713047284976,1907.65507833045,114.18455715757,1413.33501544799,294.030051493306,861.217353244078
"SPS_x0.8",2032,0.557670869679565,8.38574757792195,255.465719937267,25445.4295938962,439.881302327418,2010.62394622016,114.116076210093,1551.95066941298,327.792595262616,956.948609680741
"SPS_x0.8",2033,0.558858574548862,9.23018029177567,257.776950760812,25646.2429278436,478.04955736986,2113.59281410986,114.047595262616,1690.56632337796,361.555139031926,1052.6798661174
"SPS_x0.8",2034,0.559843404923143,10.0756277099929,260.088181584357,25847.0562617911,516.217812412301,2216.56168199956,113.979114315139,1829.18197734295,395.317682801236,1148.41112255407
"SPS_x0.8",2035,0.560673250860678,10.9220916626378,262.399412407901,26047.8695957385,554.386067454743,2319.53054988926,113.910633367662,1967.79763130793,429.080226570546,1244.14237899073
"SPS_x0.8",2036,0.576328319953822,11.4314540949529,262.587275947518,26282.0160837625,591.633972554682,2393.91532728819,112.807914521112,2052.40592173018,461.177039134912,1289.55849639547
"SPS_x0.8",2037,0.589946071169143,11.9508730613522,262.775139487134,26516.1625717865,628.881877654622,2468.30010468713,111.705195674562,2137.01421215242,493.273851699279,1334.97461380021
"SPS_x0.8",2038,0.601899906075322,12.480649356085,262.963003026751,26750.3090598105,666.129782754562,2542.68488208606,110.602476828012,2221.62250257467,525.370664263646,1380.39073120494
"SPS_x0.8",2039,0.612477230191699,13.0210958900116,263.150866566367,26984.4555478345,703.377687854501,2617.069659485,109.499757981462,2306.23079299691,557.467476828012,1425.80684860968
"SPS_x0.8",2040,0.621902861793097,13.5725383069118,263.338730105984,27218.6020358585,740.625592954441,2691.45443688393,108.397039134912,2390.83908341916,589.564289392379,1471.22296601442
"SPS_x0.8",2041,0.625441763031324,13.4075870756404,269.109469057088,27501.750386738,763.36974164834,2730.91462377442,112.275870236869,2430.42554067971,608.938970133883,1505.34850669413
"SPS_x0.8",2042,0.628762413141088,13.2536524964509,274.880208008192,27784.8987376175,786.113890342239,2770.3748106649,116.154701338826,2470.01199794027,628.313650875386,1539.47404737384
"SPS_x0.8",2043,0.631884398144225,13.1096665744622,280.650946959296,28068.047088497,808.858039036138,2809.83499755538,120.033532440783,2509.59845520082,647.68833161689,1573.59958805355
"SPS_x0.8",2044,0.634825028577869,12.9746950406505,286.4216859104,28351.1954393765,831.602187730037,2849.29518444587,123.912363542739,2549.18491246138,667.063012358393,1607.72512873326
"SPS_x0.8",2045,0.637599660621846,12.8479170570233,292.192424861505,28634.343790256,854.346336423936,2888.75537133635,127.791194644696,2588.77136972194,686.437693099897,1641.85066941298
"SPS_x0.8",2046,0.640359215961368,12.7634237147167,296.012697343002,28889.9810473531,870.203590343557,2926.26992511336,129.743141091658,2630.51441812564,697.651807415036,1655.9666838311
"SPS_x0.8",2047,0.643031460095519,12.6814350441088,299.8329698245,29145.6183044502,886.060844263177,2963.78447889037,131.69508753862,2672.25746652935,708.865921730175,1670.08269824923
"SPS_x0.8",2048,0.645620472228508,12.6018413012372,303.653242305997,29401.2555615472,901.918098182797,3001.29903266738,133.647033985582,2714.00051493306,720.080036045314,1684.19871266735
"SPS_x0.8",2049,0.648130081352439,12.524539061194,307.473514787495,29656.8928186443,917.775352102418,3038.81358644439,135.598980432544,2755.74356333677,731.294150360453,1698.31472708548
"SPS_x0.8",2050,0.650563885142098,12.4494307697664,311.293787268992,29912.5300757414,933.632606022038,3076.3281402214,137.550926879506,2797.48661174047,742.508264675592,1712.4307415036
"SPS_x0.82",2025,0.553954468585675,5.39178886801834,194.701428915102,22674.0628787584,203.293709979514,1274.80593577157,65.3187092344662,560.322004806042,119.631994507381,352.184689323721
"SPS_x0.82",2026,0.554104248411984,5.79862848717167,207.54813839199,23309.5838103102,237.68937670465,1392.42512754696,75.8426913834535,711.42547202197,149.438242361826,439.783590799863
"SPS_x0.82",2027,0.55420421499582,6.10631937882742,220.394847868877,23945.104741862,272.085043429787,1510.04431932235,86.3666735324408,862.528939237899,179.244490216272,527.382492276004
"SPS_x0.82",2028,0.554275675305988,6.34716928507714,233.241557345764,24580.6256734138,306.480710154924,1627.66351109774,96.8906556814281,1013.63240645383,209.050738070717,614.981393752146
"SPS_x0.82",2029,0.554329300980017,6.54082450417522,246.088266822651,25216.1466049656,340.87637688006,1745.28270287313,107.414637830415,1164.73587366976,238.856985925163,702.580295228287
"SPS_x0.82",2030,0.554371027890608,6.69991896498729,258.934976299539,25851.6675365174,375.272043605197,1862.90189464852,117.938619979403,1315.83934088568,268.663233779609,790.179196704428
"SPS_x0.82",2031,0.556210403999385,7.54232774275805,261.320762956101,26058.9587199471,414.671532681266,1969.19233892176,117.867929969104,1458.92646755922,303.514891864058,888.998558187436
"SPS_x0.82",2032,0.557670869679565,8.38574757792195,263.706549612663,26266.2499033767,454.071021757335,2075.482783195,117.797239958805,1602.01359423275,338.366549948507,987.817919670443
"SPS_x0.82",2033,0.558858574548863,9.23018029177567,266.092336269225,26473.5410868063,493.470510833403,2181.77322746824,117.726549948507,1745.10072090628,373.218208032956,1086.63728115345
"SPS_x0.82",2034,0.559843404923143,10.0756277099929,268.478122925788,26680.8322702359,532.869999909472,2288.06367174148,117.655859938208,1888.18784757981,408.069866117405,1185.45664263646
"SPS_x0.82",2035,0.560673250860678,10.9220916626378,270.86390958235,26888.1234536656,572.269488985541,2394.35411601472,117.585169927909,2031.27497425335,442.921524201854,1284.27600411946
"SPS_x0.82",2036,0.576328319953822,11.4314540949529,271.057833236147,27129.8230542065,610.718939411285,2471.13840236201,116.446879505664,2118.61256436663,476.053717816684,1331.15715756952
"SPS_x0.82",2037,0.589946071169143,11.9508730613522,271.251756889945,27371.5226547474,649.168389837029,2547.92268870929,115.308589083419,2205.95015447992,509.185911431514,1378.03831101957
"SPS_x0.82",2038,0.601899906075322,12.480649356085,271.445680543743,27613.2222552882,687.617840262773,2624.70697505658,114.170298661174,2293.2877445932,542.318105046344,1424.91946446962
"SPS_x0.82",2039,0.612477230191699,13.0210958900116,271.63960419754,27854.9218558291,726.067290688517,2701.49126140387,113.032008238929,2380.62533470649,575.450298661174,1471.80061791967
"SPS_x0.82",2040,0.621902861793097,13.5725383069118,271.833527851338,28096.62145637,764.516741114262,2778.27554775116,111.893717816684,2467.96292481977,608.582492276004,1518.68177136972
"SPS_x0.82",2041,0.625441763031324,13.4075870756404,277.790419671833,28388.9036250198,787.994572024093,2819.00864389617,115.897672502575,2508.82636457261,628.582162718847,1553.90813594233
"SPS_x0.82",2042,0.628762413141088,13.2536524964509,283.747311492327,28681.1857936697,811.472402933924,2859.74174004119,119.901627188466,2549.68980432544,648.581833161689,1589.13450051493
"SPS_x0.82",2043,0.631884398144225,13.1096665744622,289.704203312822,28973.4679623195,834.950233843756,2900.4748361862,123.905581874356,2590.55324407827,668.581503604531,1624.36086508754
"SPS_x0.82",2044,0.634825028577869,12.9746950406505,295.661095133317,29265.7501309693,858.428064753587,2941.20793233122,127.909536560247,2631.4166838311,688.581174047374,1659.58722966014
"SPS_x0.82",2045,0.637599660621846,12.8479170570233,301.617986953811,29558.0322996191,881.905895663418,2981.94102847623,131.913491246138,2672.28012358393,708.580844490216,1694.81359423275
"SPS_x0.82",2046,0.640359215961368,12.7634237147167,305.561494031486,29821.9159198484,898.274673903026,3020.66572914928,133.928403707518,2715.36972193615,720.156704428424,1709.38496395469
"SPS_x0.82",2047,0.643031460095519,12.6814350441088,309.505001109161,30085.7995400776,914.643452142634,3059.39042982232,135.943316168898,2758.45932028836,731.732564366632,1723.95633367662
"SPS_x0.82",2048,0.645620472228508,12.6018413012372,313.448508186836,30349.6831603068,931.012230382242,3098.11513049536,137.958228630278,2801.54891864058,743.30842430484,1738.52770339856
"SPS_x0.82",2049,0.648130081352439,12.524539061194,317.392015264511,30613.566780536,947.38100862185,3136.8398311684,139.973141091658,2844.63851699279,754.884284243048,1753.09907312049
"SPS_x0.82",2050,0.650563885142098,12.4494307697664,321.335522342186,30877.4504007653,963.749786861458,3175.56453184144,141.988053553038,2887.72811534501,766.460144181257,1767.67044284243
"SPS_x0.85",2025,0.553954468585675,5.39178886801834,200.785848568699,23382.6273437196,209.646638416373,1314.64362126443,67.3599188980432,577.832067456231,123.370494335736,363.190460865088
"SPS_x0.85",2026,0.554104248411984,5.79862848717167,214.034017716739,24038.0083043824,245.117169726671,1435.9384127828,78.2127754891864,733.657518022657,154.108187435633,453.526828012358
"SPS_x0.85",2027,0.55420421499582,6.10631937882742,227.282186864779,24693.3892650452,280.587701036968,1557.23320430117,89.0656320803296,889.482968589083,184.84588053553,543.863195159629
"SPS_x0.85",2028,0.554275675305988,6.34716928507714,240.530356012819,25348.770225708,316.058232347265,1678.52799581954,99.9184886714727,1045.30841915551,215.583573635427,634.1995623069
"SPS_x0.85",2029,0.554329300980016,6.54082450417522,253.778525160859,26004.1511863708,351.528763657562,1799.82278733792,110.771345262616,1201.13386972194,246.321266735324,724.535929454171
"SPS_x0.85",2030,0.554371027890608,6.69991896498729,267.026694308899,26659.5321470336,386.999294967859,1921.11757885629,121.624201853759,1356.95932028836,277.058959835221,814.872296601442
"SPS_x0.85",2031,0.556210403999385,7.54232774275804,269.487036798479,26873.3011799454,427.630018077555,2030.72959951306,121.551302780639,1504.51791967044,312.999732234809,916.779763130793
"SPS_x0.85",2032,0.557670869679565,8.38574757792195,271.947379288059,27087.0702128572,468.260741187251,2140.34162016984,121.478403707518,1652.07651905252,348.940504634398,1018.68722966014
"SPS_x0.85",2033,0.558858574548862,9.23018029177567,274.407721777639,27300.839245769,508.891464296947,2249.95364082662,121.405504634398,1799.6351184346,384.881277033986,1120.5946961895
"SPS_x0.85",2034,0.559843404923143,10.0756277099929,276.868064267218,27514.6082786808,549.522187406643,2359.5656614834,121.332605561277,1947.19371781668,420.822049433574,1222.50216271885
"SPS_x0.85",2035,0.560673250860678,10.9220916626378,279.328406756798,27728.3773115926,590.152910516339,2469.17768214018,121.259706488157,2094.75231719876,456.762821833162,1324.4096292482
"SPS_x0.85",2036,0.576328319953822,11.4314540949529,279.528390524777,27977.6300246504,629.803906267888,2548.36147743582,120.085844490216,2184.81920700309,490.930396498455,1372.75581874356
"SPS_x0.85",2037,0.589946071169143,11.9508730613522,279.728374292756,28226.8827377082,669.454902019436,2627.54527273146,118.911982492276,2274.88609680741,525.097971163749,1421.10200823893
"SPS_x0.85",2038,0.601899906075322,12.480649356085,279.928358060735,28476.135450766,709.105897770985,2706.7290680271,117.738120494336,2364.95298661174,559.265545829042,1469.44819773429
"SPS_x0.85",2039,0.612477230191699,13.0210958900116,280.128341828713,28725.3881638238,748.756893522534,2785.91286332274,116.564258496395,2455.01987641607,593.433120494336,1517.79438722966
"SPS_x0.85",2040,0.621902861793097,13.5725383069118,280.328325596692,28974.6408768816,788.407889274082,2865.09665861838,115.390396498455,2545.08676622039,627.600695159629,1566.14057672503
"SPS_x0.85",2041,0.625441763031324,13.4075870756404,286.471370286577,29276.0568633017,812.619402399846,2907.10266401793,119.51947476828,2587.2271884655,648.22535530381,1602.46776519053
"SPS_x0.85",2042,0.628762413141088,13.2536524964509,292.614414976462,29577.4728497218,836.830915525609,2949.10866941747,123.648553038105,2629.36761071061,668.850015447992,1638.79495365602
"SPS_x0.85",2043,0.631884398144225,13.1096665744622,298.757459666347,29878.888836142,861.042428651373,2991.11467481702,127.77763130793,2671.50803295572,689.474675592173,1675.12214212152
"SPS_x0.85",2044,0.634825028577869,12.9746950406505,304.900504356233,30180.3048225621,885.253941777136,3033.12068021657,131.906709577755,2713.64845520082,710.099335736354,1711.44933058702
"SPS_x0.85",2045,0.637599660621845,12.8479170570233,311.043549046118,30481.7208089822,909.4654549029,3075.12668561612,136.03578784758,2755.78887744593,730.723995880535,1747.77651905252
"SPS_x0.85",2046,0.640359215961368,12.7634237147167,315.11029071997,30753.8507923436,926.345757462496,3115.06153318519,138.113666323378,2800.22502574665,742.661601441813,1762.80324407827
"SPS_x0.85",2047,0.643031460095519,12.6814350441088,319.177032393822,31025.980775705,943.226060022091,3154.99638075426,140.191544799176,2844.66117404737,754.59920700309,1777.82996910402
"SPS_x0.85",2048,0.645620472228508,12.6018413012372,323.243774067674,31298.1107590664,960.106362581687,3194.93122832334,142.269423274974,2889.09732234809,766.536812564367,1792.85669412976
"SPS_x0.85",2049,0.648130081352439,12.524539061194,327.310515741527,31570.2407424278,976.986665141283,3234.86607589241,144.347301750772,2933.53347064882,778.474418125644,1807.88341915551
"SPS_x0.85",2050,0.650563885142098,12.4494307697664,331.377257415379,31842.3707257892,993.866967700879,3274.80092346149,146.425180226571,2977.96961894954,790.412023686921,1822.91014418126
"SPS_x0.88",2025,0.553954468585675,5.39178886801834,206.870268222296,24091.1918086808,215.999566853233,1354.48130675729,69.4011285616203,595.34213010642,127.108994164092,374.196232406454
"SPS_x0.88",2026,0.554104248411984,5.79862848717167,220.519897041489,24766.4327984546,252.544962748691,1479.45169801865,80.5828595949193,755.889564023343,158.77813250944,467.270065224854
"SPS_x0.88",2027,0.55420421499582,6.10631937882742,234.169525860682,25441.6737882284,289.090358644149,1604.42208928,91.7645906282183,916.436997940268,190.447270854789,560.343898043254
"SPS_x0.88",2028,0.554275675305988,6.34716928507714,247.819154679874,26116.9147780022,325.635754539606,1729.39248054135,102.946321661517,1076.98443185719,222.116409200137,653.417730861655
"SPS_x0.88",2029,0.554329300980016,6.54082450417522,261.468783499067,26792.155767776,362.181150435064,1854.3628718027,114.128052694816,1237.53186577412,253.785547545486,746.491563680055
"SPS_x0.88",2030,0.554371027890608,6.69991896498729,275.11841231826,27467.3967575498,398.726546330522,1979.33326306405,125.309783728115,1398.07929969104,285.454685890834,839.565396498455
"SPS_x0.88",2031,0.556210403999385,7.54232774275805,277.653310640857,27687.6436399438,440.588503473845,2092.26686010437,125.234675592173,1550.10937178167,322.484572605561,944.56096807415
"SPS_x0.88",2032,0.557670869679565,8.38574757792195,280.188208963455,27907.8905223377,482.450460617168,2205.20045714469,125.159567456231,1702.1394438723,359.514459320288,1049.55653964985
"SPS_x0.88",2033,0.558858574548862,9.23018029177567,282.723107286052,28128.1374047317,524.312417760491,2318.134054185,125.084459320288,1854.16951596292,396.544346035015,1154.55211122554
"SPS_x0.88",2034,0.559843404923143,10.0756277099929,285.258005608649,28348.3842871257,566.174374903814,2431.06765122532,125.009351184346,2006.19958805355,433.574232749743,1259.54768280124
"SPS_x0.88",2035,0.560673250860678,10.9220916626378,287.792903931247,28568.6311695197,608.036332047137,2544.00124826564,124.934243048404,2158.22966014418,470.60411946447,1364.54325437693
"SPS_x0.88",2036,0.576328319953822,11.4314540949529,287.998947813407,28825.4369950944,648.88887312449,2625.58455250963,123.724809474768,2251.02584963955,505.807075180227,1414.35447991761
"SPS_x0.88",2037,0.589946071169143,11.9508730613522,288.204991695567,29082.2428206691,689.741414201844,2707.16785675362,122.515375901133,2343.82203913491,541.010030895984,1464.16570545829
"SPS_x0.88",2038,0.601899906075322,12.480649356085,288.411035577727,29339.0486462438,730.593955279197,2788.75116099762,121.305942327497,2436.61822863028,576.21298661174,1513.97693099897
"SPS_x0.88",2039,0.612477230191699,13.0210958900116,288.617079459886,29595.8544718184,771.44649635655,2870.33446524161,120.096508753862,2529.41441812564,611.415942327497,1563.78815653965
"SPS_x0.88",2040,0.621902861793097,13.5725383069118,288.823123342046,29852.6602973931,812.299037433903,2951.9177694856,118.887075180227,2622.21060762101,646.618898043254,1613.59938208033
"SPS_x0.88",2041,0.625441763031324,13.4075870756404,295.152320901322,30163.2101015836,837.244232775599,2995.19668413968,123.141277033986,2665.62801235839,667.868547888774,1651.02739443872
"SPS_x0.88",2042,0.628762413141088,13.2536524964509,301.481518460598,30473.759905774,862.189428117294,3038.47559879376,127.395478887745,2709.04541709578,689.118197734295,1688.45540679712
"SPS_x0.88",2043,0.631884398144225,13.1096665744622,307.810716019873,30784.3097099645,887.13462345899,3081.75451344784,131.649680741504,2752.46282183316,710.367847579815,1725.88341915551
"SPS_x0.88",2044,0.634825028577869,12.9746950406505,314.139913579149,31094.8595141549,912.079818800686,3125.03342810192,135.903882595263,2795.88022657055,731.617497425335,1763.3114315139
"SPS_x0.88",2045,0.637599660621846,12.8479170570233,320.469111138424,31405.4093183453,937.025014142382,3168.312342756,140.158084449022,2839.29763130793,752.867147270855,1800.7394438723
"SPS_x0.88",2046,0.640359215961368,12.7634237147167,324.659087408454,31685.7856648389,954.416841021965,3209.45733722111,142.298928939238,2885.08032955716,765.166498455201,1816.22152420185
"SPS_x0.88",2047,0.643031460095519,12.6814350441088,328.849063678484,31966.1620113324,971.808667901549,3250.60233168621,144.439773429454,2930.86302780639,777.465849639547,1831.70360453141
"SPS_x0.88",2048,0.645620472228508,12.6018413012372,333.039039948513,32246.538357826,989.200494781132,3291.74732615132,146.58061791967,2976.64572605561,789.765200823893,1847.18568486097
"SPS_x0.88",2049,0.648130081352439,12.524539061194,337.229016218543,32526.9147043195,1006.59232166072,3332.89232061642,148.721462409887,3022.42842430484,802.064552008239,1862.66776519053
"SPS_x0.88",2050,0.650563885142098,12.4494307697664,341.418992488572,32807.2910508131,1023.9841485403,3374.03731508153,150.862306900103,3068.21112255407,814.363903192585,1878.14984552008
"SPS_x0.9",2025,0.553954468585675,5.39178886801834,212.954687875893,24799.756273642,222.352495290093,1394.31899225016,71.4423382251974,612.852192756608,130.847493992448,385.20200394782
"SPS_x0.9",2026,0.554104248411984,5.79862848717167,227.005776366239,25494.8572925268,259.972755770711,1522.96498325449,82.9529437006522,778.12161002403,163.448077583247,481.01330243735
"SPS_x0.9",2027,0.55420421499582,6.10631937882742,241.056864856584,26189.9583114116,297.59301625133,1651.61097425882,94.4635491761071,943.391027291452,196.048661174047,576.824600926879
"SPS_x0.9",2028,0.554275675305988,6.34716928507715,255.10795334693,26885.0593302964,335.213276731948,1780.25696526315,105.974154651562,1108.66044455887,228.649244764847,672.635899416409
"SPS_x0.9",2029,0.554329300980016,6.54082450417522,269.159041837275,27580.1603491812,372.833537212566,1908.90295626749,117.484760127017,1273.9298618263,261.249828355647,768.447197905939
"SPS_x0.9",2030,0.554371027890608,6.69991896498729,283.21013032762,28275.261368066,410.453797693184,2037.54894727182,128.995365602472,1439.19927909372,293.850411946447,864.258496395469
"SPS_x0.9",2031,0.556210403999385,7.54232774275805,285.819584483235,28501.9860999421,453.546988870134,2153.80412069567,128.918048403708,1595.70082389289,331.969412976313,972.342173017508
"SPS_x0.9",2032,0.557670869679565,8.38574757792195,288.42903863885,28728.7108318183,496.640180047085,2270.05929411953,128.840731204943,1752.20236869207,370.088414006179,1080.42584963955
"SPS_x0.9",2033,0.558858574548862,9.23018029177567,291.038492794465,28955.4355636944,539.733371224035,2386.31446754339,128.763414006179,1908.70391349125,408.207415036045,1188.50952626159
"SPS_x0.9",2034,0.559843404923143,10.0756277099929,293.64794695008,29182.1602955706,582.826562400985,2502.56964096724,128.686096807415,2065.20545829042,446.326416065911,1296.59320288363
"SPS_x0.9",2035,0.560673250860678,10.9220916626378,296.257401105695,29408.8850274467,625.919753577935,2618.8248143911,128.608779608651,2221.7070030896,484.445417095778,1404.67687950566
"SPS_x0.9",2036,0.576328319953822,11.4314540949529,296.469505102036,29673.2439655383,667.973839981093,2702.80762758344,127.36377445932,2317.232492276,520.683753861998,1455.95314109166
"SPS_x0.9",2037,0.589946071169143,11.9508730613522,296.681609098377,29937.6029036299,710.027926384251,2786.79044077579,126.11876930999,2412.75798146241,556.922090628218,1507.22940267765
"SPS_x0.9",2038,0.601899906075322,12.480649356085,296.893713094718,30201.9618417215,752.082012787408,2870.77325396813,124.873764160659,2508.28347064882,593.160427394439,1558.50566426365
"SPS_x0.9",2039,0.612477230191699,13.0210958900116,297.10581709106,30466.3207798131,794.136099190566,2954.75606716048,123.628759011329,2603.80895983522,629.398764160659,1609.78192584964
"SPS_x0.9",2040,0.621902861793097,13.5725383069118,297.317921087401,30730.6797179047,836.190185593724,3038.73888035283,122.383753861998,2699.33444902163,665.637100926879,1661.05818743563
"SPS_x0.9",2041,0.625441763031324,13.4075870756404,303.833271516067,31050.3633398654,861.869063151352,3083.29070426144,126.763079299691,2744.02883625129,687.511740473738,1699.58702368692
"SPS_x0.9",2042,0.628762413141088,13.2536524964509,310.348621944733,31370.0469618262,887.547940708979,3127.84252817005,131.142404737384,2788.72322348095,709.386380020597,1738.11585993821
"SPS_x0.9",2043,0.631884398144225,13.1096665744622,316.863972373399,31689.7305837869,913.226818266608,3172.39435207866,135.521730175077,2833.41761071061,731.261019567456,1776.6446961895
"SPS_x0.9",2044,0.634825028577869,12.9746950406505,323.379322802065,32009.4142057477,938.905695824236,3216.94617598727,139.90105561277,2878.11199794027,753.135659114315,1815.17353244078
"SPS_x0.9",2045,0.637599660621846,12.8479170570233,329.894673230731,32329.0978277084,964.584573381864,3261.49799989588,144.280381050463,2922.80638516993,775.010298661174,1853.70236869207
"SPS_x0.9",2046,0.640359215961368,12.7634237147167,334.207884096938,32617.7205373341,982.487924581435,3303.85314125702,146.484191555098,2969.93563336766,787.671395468589,1869.63980432544
"SPS_x0.9",2047,0.643031460095519,12.6814350441088,338.521094963145,32906.3432469599,1000.39127578101,3346.20828261816,148.688002059732,3017.0648815654,800.332492276004,1885.57723995881
"SPS_x0.9",2048,0.645620472228508,12.6018413012372,342.834305829352,33194.9659565856,1018.29462698058,3388.5634239793,150.891812564367,3064.19412976313,812.993589083419,1901.51467559217
"SPS_x0.9",2049,0.648130081352439,12.524539061194,347.147516695559,33483.5886662113,1036.19797818015,3430.91856534044,153.095623069001,3111.32337796086,825.654685890834,1917.45211122554
"SPS_x0.9",2050,0.650563885142098,12.4494307697664,351.460727561766,33772.211375837,1054.10132937972,3473.27370670158,155.299433573635,3158.4526261586,838.315782698249,1933.38954685891
"SPS_x0.93",2025,0.553954468585675,5.39178886801834,219.03910752949,25508.3207386032,228.705423726953,1434.15667774302,73.4835478887745,630.362255406797,134.585993820803,396.207775489186
"SPS_x0.93",2026,0.554104248411984,5.79862848717167,233.491655690988,26223.2817865989,267.400548792732,1566.47826849033,85.3230278063852,800.353656024717,168.118022657055,494.756539649846
"SPS_x0.93",2027,0.55420421499582,6.10631937882742,247.944203852487,26938.2428345947,306.09567385851,1698.79985923764,97.1625077239959,970.345056642636,201.650051493306,593.305303810505
"SPS_x0.93",2028,0.554275675305988,6.34716928507715,262.396752013985,27653.2038825905,344.790798924289,1831.12144998496,109.001987641607,1140.33645726056,235.182080329557,691.854067971164
"SPS_x0.93",2029,0.554329300980016,6.54082450417522,276.849300175483,28368.1649305863,383.485923990068,1963.44304073227,120.841467559217,1310.32785787848,268.714109165808,790.402832131823
"SPS_x0.93",2030,0.554371027890608,6.69991896498729,291.301848336981,29083.1259785821,422.181049055847,2095.76463147958,132.680947476828,1480.3192584964,302.24613800206,888.951596292482
"SPS_x0.93",2031,0.556210403999385,7.54232774275804,293.985858325613,29316.3285599405,466.505474266424,2215.34138128698,132.601421215242,1641.29227600412,341.454253347065,1000.12337796087
"SPS_x0.93",2032,0.557670869679565,8.38574757792195,296.669868314246,29549.5311412988,510.829899477002,2334.91813109437,132.521894953656,1802.26529351184,380.66236869207,1111.29515962925
"SPS_x0.93",2033,0.558858574548862,9.23018029177567,299.353878302879,29782.7337226571,555.154324687579,2454.49488090177,132.44236869207,1963.23831101957,419.870484037075,1222.46694129763
"SPS_x0.93",2034,0.559843404923143,10.0756277099929,302.037888291511,30015.9363040154,599.478749898156,2574.07163070916,132.362842430484,2124.21132852729,459.07859938208,1333.63872296601
"SPS_x0.93",2035,0.560673250860678,10.9220916626378,304.721898280143,30249.1388853738,643.803175108734,2693.64838051656,132.283316168898,2285.18434603502,498.286714727085,1444.8105046344
"SPS_x0.93",2036,0.576328319953822,11.4314540949529,304.940062390666,30521.0509359823,687.058806837696,2780.03070265726,131.002739443872,2383.43913491246,535.560432543769,1497.55180226571
"SPS_x0.93",2037,0.589946071169143,11.9508730613522,305.158226501188,30792.9629865908,730.314438566658,2866.41302479795,129.722162718847,2481.69392378991,572.834150360453,1550.29309989701
"SPS_x0.93",2038,0.601899906075322,12.480649356085,305.37639061171,31064.8750371993,773.57007029562,2952.79534693865,128.441585993821,2579.94871266735,610.107868177137,1603.03439752832
"SPS_x0.93",2039,0.612477230191699,13.0210958900116,305.594554722233,31336.7870878078,816.825702024582,3039.17766907935,127.161009268795,2678.2035015448,647.381585993821,1655.77569515963
"SPS_x0.93",2040,0.621902861793097,13.5725383069118,305.812718832755,31608.6991384163,860.081333753544,3125.55999122005,125.880432543769,2776.45829042225,684.655303810505,1708.51699279094
"SPS_x0.93",2041,0.625441763031324,13.4075870756404,312.514222130812,31937.5165781473,886.493893527105,3171.38472438319,130.384881565397,2822.42966014418,707.154933058702,1748.14665293512
"SPS_x0.93",2042,0.628762413141088,13.2536524964509,319.215725428868,32266.3340178784,912.906453300665,3217.20945754634,134.889330587024,2868.40102986612,729.6545623069,1787.7763130793
"SPS_x0.93",2043,0.631884398144225,13.1096665744622,325.917228726925,32595.1514576094,939.319013074225,3263.03419070948,139.393779608651,2914.37239958805,752.154191555098,1827.40597322348
"SPS_x0.93",2044,0.634825028577869,12.9746950406505,332.618732024981,32923.9688973405,965.731572847785,3308.85892387262,143.898228630278,2960.34376930999,774.653820803296,1867.03563336766
"SPS_x0.93",2045,0.637599660621846,12.8479170570233,339.320235323038,33252.7863370715,992.144132621346,3354.68365703576,148.402677651905,3006.31513903193,797.153450051493,1906.66529351184
"SPS_x0.93",2046,0.640359215961368,12.7634237147167,343.756680785422,33549.6554098294,1010.5590081409,3398.24894529294,150.669454170958,3054.79093717817,810.176292481977,1923.05808444902
"SPS_x0.93",2047,0.643031460095519,12.6814350441088,348.193126247806,33846.5244825873,1028.97388366046,3441.81423355011,152.93623069001,3103.26673532441,823.199134912461,1939.4508753862
"SPS_x0.93",2048,0.645620472228508,12.6018413012372,352.62957171019,34143.3935553452,1047.38875918002,3485.37952180728,155.203007209063,3151.74253347065,836.221977342945,1955.84366632338
"SPS_x0.93",2049,0.648130081352439,12.524539061194,357.066017172575,34440.2626281031,1065.80363469958,3528.94481006445,157.469783728115,3200.21833161689,849.24481977343,1972.23645726056
"SPS_x0.93",2050,0.650563885142098,12.4494307697664,361.502462634959,34737.1317008609,1084.21851021914,3572.51009832162,159.736560247168,3248.69412976313,862.267662203914,1988.62924819773
"SPS_x0.95",2025,0.553954468585675,5.39178886801834,225.123527183087,26216.8852035643,235.058352163813,1473.99436323588,75.5247575523515,647.872318056986,138.324493649159,407.213547030553
"SPS_x0.95",2026,0.554104248411984,5.79862848717167,239.977535015738,26951.7062806711,274.828341814752,1609.99155372617,87.6931119121181,822.585702025403,172.787967730862,508.499776862341
"SPS_x0.95",2027,0.55420421499582,6.10631937882742,254.831542848389,27686.5273577779,314.598331465691,1745.98874421647,99.8614662718847,997.299085993821,207.251441812564,609.78600669413
"SPS_x0.95",2028,0.554275675305988,6.34716928507714,269.68555068104,28421.3484348847,354.36832111663,1881.98593470676,112.029820631651,1172.01246996224,241.714915894267,711.072236525918
"SPS_x0.95",2029,0.554329300980016,6.54082450417522,284.539558513691,29156.1695119915,394.13831076757,2017.98312519706,124.198174991418,1346.72585393066,276.17838997597,812.358466357707
"SPS_x0.95",2030,0.554371027890608,6.69991896498729,299.393566346342,29890.9905890983,433.908300418509,2153.98031568735,136.366529351184,1521.43923789907,310.641864057672,913.644696189495
"SPS_x0.95",2031,0.556210403999385,7.54232774275804,302.152132167992,30130.6710199388,479.463959662714,2276.87864187828,136.284794026776,1686.88372811534,350.939093717817,1027.90458290422
"SPS_x0.95",2032,0.557670869679565,8.38574757792195,304.910697989642,30370.3514507793,525.019618906918,2399.77696806922,136.203058702369,1852.32821833162,391.236323377961,1142.16446961895
"SPS_x0.95",2033,0.558858574548862,9.23018029177567,307.669263811292,30610.0318816198,570.575278151123,2522.67529426015,136.121323377961,2017.77270854789,431.533553038105,1256.42435633368
"SPS_x0.95",2034,0.559843404923143,10.0756277099929,310.427829632942,30849.7123124603,616.130937395327,2645.57362045108,136.039588053553,2183.21719876416,471.830782698249,1370.6842430484
"SPS_x0.95",2035,0.560673250860678,10.9220916626378,313.186395454592,31089.3927433008,661.686596639532,2768.47194664202,135.957852729145,2348.66168898043,512.128012358393,1484.94412976313
"SPS_x0.95",2036,0.576328319953822,11.4314540949529,313.410619679295,31368.8579064262,706.143773694298,2857.25377773107,134.641704428424,2449.64577754892,550.437111225541,1539.15046343975
"SPS_x0.95",2037,0.589946071169143,11.9508730613522,313.634843903999,31648.3230695516,750.600950749065,2946.03560882012,133.325556127703,2550.6298661174,588.746210092688,1593.35679711637
"SPS_x0.95",2038,0.601899906075322,12.480649356085,313.859068128702,31927.788232677,795.058127803832,3034.81743990917,132.009407826982,2651.61395468589,627.055308959835,1647.563130793
"SPS_x0.95",2039,0.612477230191699,13.0210958900116,314.083292353406,32207.2533958024,839.515304858598,3123.59927099822,130.693259526262,2752.59804325438,665.364407826983,1701.76946446962
"SPS_x0.95",2040,0.621902861793097,13.5725383069118,314.307516578109,32486.7185589278,883.972481913365,3212.38110208727,129.377111225541,2853.58213182286,703.67350669413,1755.97579814624
"SPS_x0.95",2041,0.625441763031324,13.4075870756404,321.195172745556,32824.6698164292,911.118723902857,3259.47874450495,134.006683831102,2900.83048403707,726.798125643666,1796.70628218332
"SPS_x0.95",2042,0.628762413141088,13.2536524964509,328.082828913003,33162.6210739306,938.26496589235,3306.57638692262,138.636256436663,2948.07883625129,749.922744593203,1837.43676622039
"SPS_x0.95",2043,0.631884398144225,13.1096665744622,334.97048508045,33500.5723314319,965.411207881842,3353.6740293403,143.265829042225,2995.3271884655,773.04736354274,1878.16725025747
"SPS_x0.95",2044,0.634825028577869,12.9746950406505,341.858141247897,33838.5235889333,992.557449871335,3400.77167175797,147.895401647786,3042.57554067971,796.171982492276,1918.89773429454
"SPS_x0.95",2045,0.637599660621846,12.8479170570233,348.745797415344,34176.4748464346,1019.70369186083,3447.86931417565,152.524974253347,3089.82389289392,819.296601441813,1959.62821833162
"SPS_x0.95",2046,0.640359215961368,12.7634237147167,353.305477473906,34481.5902823247,1038.63009170037,3492.64474932885,154.854716786818,3139.64624098867,832.681189495366,1976.47636457261
"SPS_x0.95",2047,0.643031460095519,12.6814350441088,357.865157532467,34786.7057182147,1057.55649153992,3537.42018448205,157.184459320288,3189.46858908342,846.065777548919,1993.32451081359
"SPS_x0.95",2048,0.645620472228508,12.6018413012372,362.424837591029,35091.8211541048,1076.48289137947,3582.19561963526,159.514201853759,3239.29093717817,859.450365602472,2010.17265705458
"SPS_x0.95",2049,0.648130081352439,12.524539061194,366.984517649591,35396.9365899948,1095.40929121901,3626.97105478846,161.84394438723,3289.11328527291,872.834953656025,2027.02080329557
"SPS_x0.95",2050,0.650563885142098,12.4494307697664,371.544197708152,35702.0520258848,1114.33569105856,3671.74648994167,164.1736869207,3338.93563336766,886.219541709578,2043.86894953656
"SPS_x0.98",2025,0.553954468585675,5.39178886801834,231.207946836684,26925.4496685255,241.411280600672,1513.83204872874,77.5659672159286,665.382380707175,142.062993477515,418.219318571919
"SPS_x0.98",2026,0.554104248411984,5.79862848717167,246.463414340488,27680.1307747433,282.256134836772,1653.50483896202,90.063196017851,844.81774802609,177.457912804669,522.243014074837
"SPS_x0.98",2027,0.55420421499582,6.10631937882742,261.718881844291,28434.8118809611,323.100989072872,1793.17762919529,102.560424819773,1024.253115345,212.852832131823,626.266709577755
"SPS_x0.98",2028,0.554275675305988,6.34716928507714,276.974349348095,29189.4929871789,363.945843308972,1932.85041942857,115.057653621696,1203.68848266392,248.247751458977,730.290405080673
"SPS_x0.98",2029,0.554329300980016,6.54082450417522,292.229816851899,29944.1740933967,404.790697545072,2072.52320966184,127.554882423618,1383.12384998284,283.642670786131,834.314100583591
"SPS_x0.98",2030,0.554371027890608,6.69991896498729,307.485284355702,30698.8551996145,445.635551781172,2212.19599989512,140.052111225541,1562.55921730175,319.037590113285,938.337796086509
"SPS_x0.98",2031,0.556210403999385,7.54232774275805,310.31840601037,30945.0134799371,492.422445059003,2338.41590246959,139.968166838311,1732.47518022657,360.423934088568,1055.68578784758
"SPS_x0.98",2032,0.557670869679565,8.38574757792195,313.151527665037,31191.1717602598,539.209338336835,2464.63580504406,139.884222451081,1902.39114315139,401.810278063852,1173.03377960865
"SPS_x0.98",2033,0.558858574548862,9.23018029177567,315.984649319705,31437.3300405825,585.996231614666,2590.85570761853,139.800278063852,2072.30710607621,443.196622039135,1290.38177136972
"SPS_x0.98",2034,0.559843404923143,10.0756277099929,318.817770974373,31683.4883209052,632.783124892498,2717.07561019301,139.716333676622,2242.22306900103,484.582966014418,1407.72976313079
"SPS_x0.98",2035,0.560673250860678,10.9220916626378,321.65089262904,31929.6466012279,679.57001817033,2843.29551276748,139.632389289392,2412.13903192585,525.969309989701,1525.07775489186
"SPS_x0.98",2036,0.576328319953822,11.4314540949529,321.881176967925,32216.6648768702,725.228740550901,2934.47685280488,138.280669412976,2515.85242018538,565.313789907312,1580.7491246138
"SPS_x0.98",2037,0.589946071169143,11.9508730613522,322.11146130681,32503.6831525125,770.887462931472,3025.65819284229,136.92894953656,2619.5658084449,604.658269824923,1636.42049433574
"SPS_x0.98",2038,0.601899906075322,12.480649356085,322.341745645694,32790.7014281548,816.546185312043,3116.83953287969,135.577229660144,2723.27919670443,644.002749742534,1692.09186405767
"SPS_x0.98",2039,0.612477230191699,13.0210958900116,322.572029984579,33077.7197037971,862.204907692614,3208.02087291709,134.225509783728,2826.99258496395,683.347229660144,1747.76323377961
"SPS_x0.98",2040,0.621902861793097,13.5725383069118,322.802314323464,33364.7379794394,907.863630073186,3299.2022129545,132.873789907312,2930.70597322348,722.691709577755,1803.43460350154
"SPS_x0.98",2041,0.625441763031324,13.4075870756404,329.876123360301,33711.8230547111,935.74355427861,3347.5727646267,137.628486096807,2979.23130792997,746.44131822863,1845.26591143151
"SPS_x0.98",2042,0.628762413141088,13.2536524964509,336.949932397139,34058.9081299827,963.623478484035,3395.94331629891,142.383182286303,3027.75664263646,770.190926879506,1887.09721936148
"SPS_x0.98",2043,0.631884398144225,13.1096665744622,344.023741433976,34405.9932052544,991.50340268946,3444.31386797112,147.137878475798,3076.28197734295,793.940535530381,1928.92852729145
"SPS_x0.98",2044,0.634825028577869,12.9746950406505,351.097550470813,34753.0782805261,1019.38332689488,3492.68441964332,151.892574665294,3124.80731204943,817.690144181256,1970.75983522142
"SPS_x0.98",2045,0.637599660621846,12.8479170570233,358.171359507651,35100.1633557977,1047.26325110031,3541.05497131553,156.647270854789,3173.33264675592,841.439752832132,2012.59114315139
"SPS_x0.98",2046,0.640359215961368,12.7634237147167,362.85427416239,35413.5251548199,1066.70117525984,3587.04055336477,159.039979402678,3224.50154479918,855.186086508754,2029.89464469619
"SPS_x0.98",2047,0.643031460095519,12.6814350441088,367.537188817129,35726.8869538421,1086.13909941938,3633.026135414,161.432687950566,3275.67044284243,868.932420185376,2047.19814624099
"SPS_x0.98",2048,0.645620472228508,12.6018413012372,372.220103471868,36040.2487528643,1105.57702357891,3679.01171746324,163.825396498455,3326.83934088569,882.678753861998,2064.50164778579
"SPS_x0.98",2049,0.648130081352439,12.524539061194,376.903018126606,36353.6105518866,1125.01494773845,3724.99729951248,166.218105046344,3378.00823892894,896.42508753862,2081.80514933059
"SPS_x0.98",2050,0.650563885142098,12.4494307697664,381.585932781345,36666.9723509088,1144.45287189798,3770.98288156171,168.610813594233,3429.17713697219,910.171421215242,2099.10865087539
"NZE_x1.02",2025,0.564485400823153,5.56511016561096,257.048303358554,28618.4163071055,293.618391654049,1755.45762429234,96.7505952380952,875.5518707483,187.318537414966,538.427721088435
"NZE_x1.02",2026,0.569038787510935,5.96290679157771,288.865825372073,29941.6486464335,378.05310983871,2077.7158500894,125.636802721088,1244.27823129252,263.386054421769,749.160544217687
"NZE_x1.02",2027,0.571551454356803,6.21197688343754,320.683347385592,31264.8809857615,462.487828023371,2399.97407588647,154.523010204082,1613.00459183674,339.453571428571,959.893367346939
"NZE_x1.02",2028,0.573144156688956,6.38259191789076,352.500869399111,32588.1133250896,546.922546208033,2722.23230168353,183.409217687075,1981.73095238095,415.521088435374,1170.62619047619
"NZE_x1.02",2029,0.574243955359809,6.50677711259603,384.31839141263,33911.3456644176,631.357264392694,3044.4905274806,212.295425170068,2350.45731292517,491.588605442177,1381.35901360544
"NZE_x1.02",2030,0.575049001800251,6.60121510589868,416.13591342615,35234.5780037456,715.791982577355,3366.74875327766,241.181632653061,2719.18367346939,567.65612244898,1592.09183673469
"NZE_x1.02",2031,0.577157670089617,7.47491685669672,425.383877966263,36043.8359956781,820.715074277435,3642.02683975945,247.544081632653,3111.8387755102,663.035102040816,1850.37142857143
"NZE_x1.02",2032,0.578735961544987,8.30483176357683,434.631842506376,36853.0939876106,925.638165977515,3917.30492624123,253.906530612245,3504.49387755102,758.414081632653,2108.65102040816
"NZE_x1.02",2033,0.579961624628568,9.09417102244303,443.879807046489,37662.3519795432,1030.5612576776,4192.58301272302,260.268979591837,3897.14897959184,853.79306122449,2366.9306122449
"NZE_x1.02",2034,0.580940962516699,9.84583932264519,453.127771586602,38471.6099714757,1135.48434937768,4467.8610992048,266.631428571429,4289.80408163265,949.172040816327,2625.21020408163
"NZE_x1.02",2035,0.581741451795962,10.562470564489,462.375736126715,39280.8679634082,1240.40744107776,4743.13918568659,272.99387755102,4682.45918367347,1044.55102040816,2883.48979591837
"NZE_x1.02",2036,0.595315476010521,10.9706772908367,459.142536528496,39464.3269672747,1307.84352317393,4814.09330418072,268.928571428571,4811.09795918367,1104.61224489796,2950.32857142857
"NZE_x1.02",2037,0.607489498358446,11.3914149002566,455.909336930277,39647.7859711412,1375.2796052701,4885.04742267485,264.863265306122,4939.73673469388,1164.67346938776,3017.16734693878
"NZE_x1.02",2038,0.618469487920598,11.825269385168,452.676137332058,39831.2449750077,1442.71568736627,4956.00154116898,260.797959183673,5068.37551020408,1224.73469387755,3084.00612244898
"NZE_x1.02",2039,0.62842289947365,12.2728638542437,449.442937733839,40014.7039788741,1510.15176946244,5026.95565966311,256.732653061224,5197.01428571429,1284.79591836735,3150.84489795918
"NZE_x1.02",2040,0.637487273720543,12.734861518331,446.20973813562,40198.1629827406,1577.58785155861,5097.90977815724,252.667346938776,5325.65306122449,1344.85714285714,3217.68367346939
"NZE_x1.02",2041,0.640739916498213,12.6065417448214,455.63568459895,40328.2447096029,1620.83339979004,5157.42072789521,259.819591836735,5387.18163265306,1381.38571428571,3275.42653061225
"NZE_x1.02",2042,0.643824968900029,12.4850974114827,465.061631062279,40458.3264364652,1664.07894802148,5216.93167763317,266.971836734694,5448.71020408163,1417.91428571429,3333.1693877551
"NZE_x1.02",2043,0.646755058105502,12.3699903514571,474.487577525609,40588.4081633275,1707.32449625292,5276.44262737113,274.124081632653,5510.2387755102,1454.44285714286,3390.91224489796
"NZE_x1.02",2044,0.649541573838293,12.2607371355352,483.913523988939,40718.4898901898,1750.57004448435,5335.95357710909,281.276326530612,5571.76734693878,1490.97142857143,3448.65510204082
"NZE_x1.02",2045,0.652194816328555,12.1569022854313,493.339470452268,40848.5716170521,1793.81559271579,5395.46452684706,288.428571428571,5633.29591836735,1527.5,3506.39795918367
"NZE_x1.02",2046,0.654657950166491,12.0737632074066,497.414793167874,41113.3501898459,1809.25133209163,5424.84920425098,290.26693877551,5665.09591836735,1537.61224489796,3504.61428571429
"NZE_x1.02",2047,0.657088897639541,11.9916706024386,501.490115883479,41378.1287626396,1824.68707146747,5454.2338816549,292.105306122449,5696.89591836735,1547.72448979592,3502.8306122449
"NZE_x1.02",2048,0.659488285533036,11.9106048361341,505.565438599084,41642.9073354333,1840.12281084331,5483.61855905883,293.943673469388,5728.69591836735,1557.83673469388,3501.04693877551
"NZE_x1.02",2049,0.661856724462885,11.8305467622325,509.640761314689,41907.685908227,1855.55855021915,5513.00323646275,295.782040816327,5760.49591836735,1567.94897959184,3499.26326530612
"NZE_x1.02",2050,0.664194809393645,11.7514777075305,513.716084030294,42172.4644810208,1870.99428959499,5542.38791386668,297.620408163265,5792.29591836735,1578.0612244898,3497.47959183673
"NZE_x1.04",2025,0.564485400823153,5.56511016561096,262.636309953305,29240.5557920426,300.001400168267,1793.61974655956,98.853869047619,894.585607068915,191.390679532683,550.13267154688
"NZE_x1.04",2026,0.569038787510935,5.96290679157771,295.145517227987,30592.5540517908,386.271655704769,2122.88358596091,128.368037562851,1271.32775805975,269.111838213546,765.446643005028
"NZE_x1.04",2027,0.571551454356803,6.21197688343754,327.65472450267,31944.552311539,472.541911241271,2452.14742536226,157.882206078083,1648.06990905058,346.83299689441,980.760614463177
"NZE_x1.04",2028,0.573144156688956,6.38259191789076,360.163931777353,33296.5505712872,558.812166777772,2781.41126476361,187.396374593316,2024.81206004141,424.554155575274,1196.07458592132
"NZE_x1.04",2029,0.574243955359809,6.50677711259603,392.673139052035,34648.5488310353,645.082422314274,3110.67510416496,216.910543108548,2401.55421103224,502.275314256137,1411.38855737947
"NZE_x1.04",2030,0.575049001800251,6.60121510589868,425.182346326718,36000.5470907835,731.352677850776,3439.93894356631,246.42471162378,2778.29636202307,579.996472937001,1626.70252883762
"NZE_x1.04",2031,0.577157670089617,7.47491685669672,434.631353574225,36827.3976477581,838.556706326945,3721.20133627596,252.925474711624,3179.48744454303,677.448908606921,1890.59689440994
"NZE_x1.04",2032,0.578735961544987,8.30483176357683,444.080360821732,37654.2482047326,945.760734803113,4002.46372898561,259.426237799468,3580.678527063,774.901344276841,2154.49125998225
"NZE_x1.04",2033,0.579961624628568,9.09417102244303,453.529368069238,38481.0987617072,1052.96476327928,4283.72612169526,265.927000887311,3981.86960958296,872.353779946761,2418.38562555457
"NZE_x1.04",2034,0.580940962516699,9.84583932264519,462.978375316745,39307.9493186817,1160.16879175545,4564.98851440491,272.427763975155,4383.06069210293,969.806215616681,2682.27999112689
"NZE_x1.04",2035,0.581741451795962,10.562470564489,472.427382564252,40134.7998756562,1267.37282023162,4846.25090711456,278.928527062999,4784.25177462289,1067.2586512866,2946.1743566992
"NZE_x1.04",2036,0.595315476010521,10.9706772908367,469.123896018245,40322.2471187372,1336.27490411249,4918.74750644552,274.774844720497,4915.68704525288,1128.62555456965,3014.46614906832
"NZE_x1.04",2037,0.607489498358446,11.3914149002566,465.820409472239,40509.6943618182,1405.17698799336,4991.24410577648,270.621162377995,5047.12231588287,1189.99245785271,3082.75794143744
"NZE_x1.04",2038,0.618469487920598,11.825269385168,462.516922926233,40697.1416048991,1474.07907187423,5063.74070510744,266.467480035492,5178.55758651287,1251.35936113576,3151.04973380657
"NZE_x1.04",2039,0.62842289947365,12.2728638542437,459.213436380227,40884.5888479801,1542.9811557551,5136.2373044384,262.31379769299,5309.99285714286,1312.72626441881,3219.34152617569
"NZE_x1.04",2040,0.637487273720543,12.734861518331,455.90994983422,41072.0360910611,1611.88323963597,5208.73390376936,258.160115350488,5441.42812777285,1374.09316770186,3287.63331854481
"NZE_x1.04",2041,0.640739916498213,12.6065417448214,465.540808177188,41204.9456815508,1656.06890848113,5269.53856980597,265.467843833185,5504.29427684117,1411.41583850932,3346.63145519077
"NZE_x1.04",2042,0.643824968900029,12.4850974114827,475.171666520155,41337.8552720405,1700.25457732629,5330.34323584258,272.775572315883,5567.16042590949,1448.73850931677,3405.62959183673
"NZE_x1.04",2043,0.646755058105501,12.3699903514571,484.802524863122,41470.7648625303,1744.44024617146,5391.1479018792,280.08330079858,5630.02657497782,1486.06118012422,3464.6277284827
"NZE_x1.04",2044,0.649541573838293,12.2607371355352,494.43338320609,41603.67445302,1788.62591501662,5451.95256791581,287.391029281278,5692.89272404614,1523.38385093168,3523.62586512866
"NZE_x1.04",2045,0.652194816328555,12.1569022854313,504.064241549057,41736.5840435098,1832.81158386179,5512.75723395243,294.698757763975,5755.75887311446,1560.70652173913,3582.62400177462
"NZE_x1.04",2046,0.654657950166491,12.0737632074066,508.22815823674,42007.1186722338,1848.58288278927,5542.78070869122,296.577089618456,5788.25017746229,1571.03859804791,3580.80155279503
"NZE_x1.04",2047,0.657088897639541,11.9916706024386,512.392074924424,42277.6533009578,1864.35418171676,5572.80418343001,298.455421472937,5820.74148181011,1581.3706743567,3578.97910381544
"NZE_x1.04",2048,0.659488285533036,11.9106048361341,516.555991612107,42548.1879296819,1880.12548064425,5602.8276581688,300.333753327418,5853.23278615794,1591.70275066548,3577.15665483585
"NZE_x1.04",2049,0.661856724462885,11.8305467622325,520.719908299791,42818.7225584059,1895.89677957174,5632.85113290759,302.212085181899,5885.72409050577,1602.03482697427,3575.33420585626
"NZE_x1.04",2050,0.664194809393645,11.7514777075305,524.883824987474,43089.2571871299,1911.66807849923,5662.87460764639,304.09041703638,5918.21539485359,1612.36690328305,3573.51175687666
"NZE_x1.06",2025,0.564485400823153,5.56511016561096,268.224316548056,29862.6952769797,306.384408682486,1831.78186882679,100.957142857143,913.61934338953,195.462821650399,561.837622005324
"NZE_x1.06",2026,0.569038787510935,5.96290679157771,301.425209083902,31243.459457148,394.490201570828,2168.05132183242,131.099272404614,1298.37728482697,274.837622005324,781.732741792369
"NZE_x1.06",2027,0.571551454356803,6.21197688343754,334.626101619748,32624.2236373164,482.59599445917,2504.32077483805,161.241401952085,1683.13522626442,354.212422360248,1001.62786157941
"NZE_x1.06",2028,0.573144156688956,6.38259191789076,367.826994155594,34004.9878174848,570.701787347512,2840.59022784369,191.383531499556,2067.89316770186,433.587222715173,1221.52298136646
"NZE_x1.06",2029,0.574243955359809,6.50677711259603,401.02788669144,35385.7519976531,658.807580235855,3176.85968084932,221.525661047028,2452.65110913931,512.962023070098,1441.41810115351
"NZE_x1.06",2030,0.575049001800251,6.60121510589868,434.228779227287,36766.5161778215,746.913373124197,3513.12913385495,251.667790594499,2837.40905057675,592.336823425022,1661.31322094055
"NZE_x1.06",2031,0.577157670089617,7.47491685669673,443.878829182187,37610.959299838,856.398338376454,3800.37583279247,258.306867790594,3247.13611357587,691.862715173026,1930.82236024845
"NZE_x1.06",2032,0.578735961544987,8.30483176357683,453.528879137088,38455.4024218546,965.883303628712,4087.62253172998,264.94594498669,3656.86317657498,791.388606921029,2200.33149955634
"NZE_x1.06",2033,0.579961624628568,9.09417102244303,463.178929091988,39299.8455438711,1075.36826888097,4374.8692306675,271.585022182786,4066.59023957409,890.914498669033,2469.84063886424
"NZE_x1.06",2034,0.580940962516699,9.84583932264519,472.828979046889,40144.2886658877,1184.85323413323,4662.11592960501,278.224099378882,4476.3173025732,990.440390417036,2739.34977817214
"NZE_x1.06",2035,0.581741451795962,10.562470564489,482.479029001789,40988.7317879042,1294.33819938548,4949.36262854253,284.863176574978,4886.04436557232,1089.96628216504,3008.85891748004
"NZE_x1.06",2036,0.595315476010521,10.9706772908367,479.105255507995,41180.1672701997,1364.70628505105,5023.40170871032,280.621118012422,5020.27613132209,1152.63886424135,3078.60372670807
"NZE_x1.06",2037,0.607489498358446,11.3914149002566,475.731482014202,41371.6027524951,1435.07437071662,5097.4407888781,276.379059449867,5154.50789707187,1215.31144631766,3148.34853593611
"NZE_x1.06",2038,0.618469487920598,11.825269385168,472.357708520408,41563.0382347906,1505.44245638219,5171.47986904589,272.137000887311,5288.73966282165,1277.98402839397,3218.09334516415
"NZE_x1.06",2039,0.62842289947365,12.2728638542437,468.983935026614,41754.473717086,1575.81054204776,5245.51894921368,267.894942324756,5422.97142857143,1340.65661047027,3287.83815439219
"NZE_x1.06",2040,0.637487273720543,12.734861518331,465.610161532821,41945.9091993815,1646.17862771333,5319.55802938147,263.652883762201,5557.20319432121,1403.32919254658,3357.58296362023
"NZE_x1.06",2041,0.640739916498213,12.6065417448214,475.445931755426,42081.6466534987,1691.30441717222,5381.65641171674,271.116095829636,5621.40692102928,1441.44596273292,3417.8363797693
"NZE_x1.06",2042,0.643824968900029,12.4850974114827,485.281701978031,42217.3841076159,1736.43020663111,5443.754794052,278.579307897072,5685.61064773736,1479.56273291925,3478.08979591837
"NZE_x1.06",2043,0.646755058105501,12.3699903514571,495.117472200636,42353.1215617331,1781.55599609,5505.85317638727,286.042519964508,5749.81437444543,1517.67950310559,3538.34321206744
"NZE_x1.06",2044,0.649541573838293,12.2607371355352,504.95324242324,42488.8590158503,1826.68178554889,5567.95155872253,293.505732031943,5814.01810115351,1555.79627329193,3598.5966282165
"NZE_x1.06",2045,0.652194816328555,12.1569022854313,514.789012645845,42624.5964699675,1871.80757500778,5630.0499410578,300.968944099379,5878.22182786158,1593.91304347826,3658.85004436557
"NZE_x1.06",2046,0.654657950166491,12.0737632074066,519.041523305607,42900.8871546218,1887.91443348692,5660.71221313146,302.887240461402,5911.40443655723,1604.46495119787,3656.98881987578
"NZE_x1.06",2047,0.657088897639541,11.9916706024386,523.294033965369,43177.1778392761,1904.02129196606,5691.37448520512,304.805536823425,5944.58704525288,1615.01685891748,3655.12759538598
"NZE_x1.06",2048,0.659488285533036,11.9106048361341,527.546544625131,43453.4685239304,1920.1281504452,5722.03675727878,306.723833185448,5977.76965394854,1625.56876663709,3653.26637089618
"NZE_x1.06",2049,0.661856724462885,11.8305467622325,531.799055284892,43729.7592085847,1936.23500892433,5752.69902935244,308.642129547471,6010.95226264419,1636.1206743567,3651.40514640639
"NZE_x1.06",2050,0.664194809393645,11.7514777075305,536.051565944654,44006.0498932391,1952.34186740347,5783.3613014261,310.560425909494,6044.13487133984,1646.67258207631,3649.54392191659
"NZE_x1.09",2025,0.564485400823153,5.56511016561096,273.812323142807,30484.8347619167,312.767417196704,1869.94399109401,103.060416666667,932.653079710145,199.534963768116,573.542572463768
"NZE_x1.09",2026,0.569038787510935,5.96290679157771,307.704900939817,31894.3648625053,402.708747436887,2213.21905770393,133.830507246377,1325.4268115942,280.563405797101,798.01884057971
"NZE_x1.09",2027,0.571551454356803,6.21197688343754,341.597478736826,33303.8949630938,492.650077677069,2556.49412431385,164.600597826087,1718.20054347826,361.591847826087,1022.49510869565
"NZE_x1.09",2028,0.573144156688956,6.38259191789076,375.490056533836,34713.4250636824,582.591407917252,2899.76919092376,195.370688405797,2110.97427536232,442.620289855072,1246.97137681159
"NZE_x1.09",2029,0.574243955359809,6.50677711259603,409.382634330845,36122.9551642709,672.532738157435,3243.04425753368,226.140778985507,2503.74800724638,523.648731884058,1471.44764492754
"NZE_x1.09",2030,0.575049001800251,6.60121510589868,443.275212127855,37532.4852648594,762.474068397617,3586.3193241436,256.910869565217,2896.52173913043,604.677173913043,1695.92391304348
"NZE_x1.09",2031,0.577157670089617,7.47491685669673,453.126304790149,38394.520951918,874.239970425963,3879.55032930898,263.688260869565,3314.7847826087,706.27652173913,1971.04782608696
"NZE_x1.09",2032,0.578735961544987,8.30483176357683,462.977397452444,39256.5566389766,986.00587245431,4172.78133447436,270.465652173913,3733.04782608696,807.875869565217,2246.17173913043
"NZE_x1.09",2033,0.579961624628568,9.09417102244303,472.828490114738,40118.5923260351,1097.77177448266,4466.01233963974,277.243043478261,4151.31086956522,909.475217391304,2521.29565217391
"NZE_x1.09",2034,0.580940962516699,9.84583932264519,482.679582777032,40980.6280130937,1209.537676511,4759.24334480512,284.020434782609,4569.57391304348,1011.07456521739,2796.41956521739
"NZE_x1.09",2035,0.581741451795962,10.562470564489,492.530675439326,41842.6637001522,1321.30357853935,5052.4743499705,290.797826086956,4987.83695652174,1112.67391304348,3071.54347826087
"NZE_x1.09",2036,0.595315476010521,10.9706772908367,489.086614997745,42038.0874216622,1393.13766598962,5128.05591097511,286.467391304348,5124.8652173913,1176.65217391304,3142.74130434783
"NZE_x1.09",2037,0.607489498358446,11.3914149002566,485.642554556164,42233.5111431721,1464.97175343988,5203.63747197973,282.136956521739,5261.89347826087,1240.63043478261,3213.93913043478
"NZE_x1.09",2038,0.618469487920598,11.825269385168,482.198494114583,42428.9348646821,1536.80584089015,5279.21903298435,277.80652173913,5398.92173913044,1304.60869565217,3285.13695652174
"NZE_x1.09",2039,0.62842289947365,12.2728638542437,478.754433673002,42624.358586192,1608.63992834042,5354.80059398897,273.476086956522,5535.95,1368.58695652174,3356.3347826087
"NZE_x1.09",2040,0.637487273720543,12.734861518331,475.310373231421,42819.7823077019,1680.47401579069,5430.38215499358,269.145652173913,5672.97826086957,1432.5652173913,3427.53260869565
"NZE_x1.09",2041,0.640739916498213,12.6065417448214,485.351055333664,42958.3476254466,1726.53992586331,5493.7742536275,276.764347826087,5738.51956521739,1471.47608695652,3489.04130434783
"NZE_x1.09",2042,0.643824968900029,12.4850974114827,495.391737435906,43096.9129431912,1772.60583593592,5557.16635226142,284.383043478261,5804.06086956522,1510.38695652174,3550.55
"NZE_x1.09",2043,0.646755058105502,12.3699903514571,505.432419538149,43235.4782609358,1818.67174600854,5620.55845089533,292.001739130435,5869.60217391304,1549.29782608696,3612.05869565217
"NZE_x1.09",2044,0.649541573838293,12.2607371355352,515.473101640391,43374.0435786805,1864.73765608116,5683.95054952925,299.620434782609,5935.14347826087,1588.20869565217,3673.56739130435
"NZE_x1.09",2045,0.652194816328555,12.1569022854313,525.513783742634,43512.6088964251,1910.80356615378,5747.34264816317,307.239130434783,6000.6847826087,1627.11956521739,3735.07608695652
"NZE_x1.09",2046,0.654657950166491,12.0737632074066,529.854888374474,43794.6556370097,1927.24598418456,5778.6437175717,309.197391304348,6034.55869565217,1637.89130434783,3733.17608695652
"NZE_x1.09",2047,0.657088897639541,11.9916706024386,534.195993006314,44076.7023775943,1943.68840221535,5809.94478698022,311.155652173913,6068.43260869565,1648.66304347826,3731.27608695652
"NZE_x1.09",2048,0.659488285533036,11.9106048361341,538.537097638154,44358.749118179,1960.13082024614,5841.24585638875,313.113913043478,6102.30652173913,1659.4347826087,3729.37608695652
"NZE_x1.09",2049,0.661856724462885,11.8305467622325,542.878202269994,44640.7958587636,1976.57323827692,5872.54692579728,315.072173913043,6136.18043478261,1670.20652173913,3727.47608695652
"NZE_x1.09",2050,0.664194809393645,11.7514777075305,547.219306901834,44922.8425993482,1993.01565630771,5903.84799520581,317.030434782609,6170.05434782609,1680.97826086957,3725.57608695652
"NZE_x1.11",2025,0.564485400823153,5.56511016561096,279.400329737558,31106.9742468538,319.150425710923,1908.10611336123,105.16369047619,951.68681603076,203.607105885833,585.247522922212
"NZE_x1.11",2026,0.569038787510935,5.96290679157771,313.984592795731,32545.2702678625,410.927293302946,2258.38679357544,136.56174208814,1352.47633836143,286.289189588879,814.304939367051
"NZE_x1.11",2027,0.571551454356803,6.21197688343754,348.568855853904,33983.5662888712,502.704160894969,2608.66747378964,167.959793700089,1753.2658606921,368.971273291925,1043.36235581189
"NZE_x1.11",2028,0.573144156688956,6.38259191789076,383.153118912077,35421.86230988,594.481028486992,2958.94815400384,199.357845312038,2154.05538302278,451.653356994972,1272.41977225673
"NZE_x1.11",2029,0.574243955359809,6.50677711259603,417.73738197025,36860.1583308887,686.257896079015,3309.22883421804,230.755896923987,2554.84490535345,534.335440698018,1501.47718870157
"NZE_x1.11",2030,0.575049001800251,6.60121510589868,452.321645028423,38298.4543518974,778.034763671038,3659.50951443224,262.153948535936,2955.63442768412,617.017524401065,1730.53460514641
"NZE_x1.11",2031,0.577157670089617,7.47491685669673,462.373780398111,39178.082603998,892.081602475473,3958.72482582549,269.069653948536,3382.43345164153,720.690328305235,2011.27329192547
"NZE_x1.11",2032,0.578735961544987,8.30483176357683,472.4259157678,40057.7108560985,1006.12844127991,4257.94013721873,275.985359361136,3809.23247559894,824.363132209406,2292.01197870453
"NZE_x1.11",2033,0.579961624628568,9.09417102244303,482.478051137488,40937.3391081991,1120.17528008434,4557.15544861198,282.901064773736,4236.03149955634,928.035936113576,2572.75066548359
"NZE_x1.11",2034,0.580940962516699,9.84583932264519,492.530186507176,41816.9673602997,1234.22211888878,4856.37076000522,289.816770186335,4662.83052351375,1031.70874001775,2853.48935226264
"NZE_x1.11",2035,0.581741451795962,10.562470564489,502.582321876864,42696.5956124002,1348.26895769321,5155.58607139847,296.732475598935,5089.62954747116,1135.38154392192,3134.2280390417
"NZE_x1.11",2036,0.595315476010521,10.9706772908367,499.067974487495,42896.0075731247,1421.56904692818,5232.71011323991,292.313664596273,5229.45430346051,1200.66548358474,3206.87888198758
"NZE_x1.11",2037,0.607489498358446,11.3914149002566,495.553627098127,43095.4195338491,1494.86913616315,5309.83415508136,287.894853593611,5369.27905944987,1265.94942324756,3279.52972493345
"NZE_x1.11",2038,0.618469487920598,11.825269385168,492.039279708758,43294.8314945735,1568.16922539812,5386.9581969228,283.476042590949,5509.10381543922,1331.23336291038,3352.18056787933
"NZE_x1.11",2039,0.62842289947365,12.2728638542437,488.52493231939,43494.243455298,1641.46931463308,5464.08223876425,279.057231588287,5648.92857142857,1396.5173025732,3424.8314108252
"NZE_x1.11",2040,0.637487273720543,12.734861518331,485.010584930022,43693.6554160224,1714.76940386805,5541.2062806057,274.638420585626,5788.75332741792,1461.80124223603,3497.48225377107
"NZE_x1.11",2041,0.640739916498213,12.6065417448214,495.256178911902,43835.0485973945,1761.7754345544,5605.89209553827,282.412599822538,5855.6322094055,1501.50621118012,3560.24622892635
"NZE_x1.11",2042,0.643824968900029,12.4850974114827,505.501772893782,43976.4417787665,1808.78146524074,5670.57791047083,290.18677905945,5922.51109139308,1541.21118012422,3623.01020408163
"NZE_x1.11",2043,0.646755058105502,12.3699903514571,515.747366875662,44117.8349601386,1855.78749592708,5735.2637254034,297.960958296362,5989.38997338066,1580.91614906832,3685.77417923691
"NZE_x1.11",2044,0.649541573838293,12.2607371355352,525.992960857542,44259.2281415107,1902.79352661343,5799.94954033597,305.735137533274,6056.26885536823,1620.62111801242,3748.53815439219
"NZE_x1.11",2045,0.652194816328555,12.1569022854313,536.238554839422,44400.6213228828,1949.79955729977,5864.63535526854,313.509316770186,6123.14773735581,1660.32608695652,3811.30212954747
"NZE_x1.11",2046,0.654657950166491,12.0737632074066,540.668253443341,44688.4241193977,1966.57753488221,5896.57522201194,315.507542147294,6157.71295474712,1671.31765749778,3809.36335403727
"NZE_x1.11",2047,0.657088897639541,11.9916706024386,545.097952047259,44976.2269159126,1983.35551246464,5928.51508875533,317.505767524401,6192.27817213842,1682.30922803904,3807.42457852706
"NZE_x1.11",2048,0.659488285533036,11.9106048361341,549.527650651178,45264.0297124275,2000.13349004708,5960.45495549873,319.503992901508,6226.84338952973,1693.3007985803,3805.48580301686
"NZE_x1.11",2049,0.661856724462885,11.8305467622325,553.957349255096,45551.8325089424,2016.91146762951,5992.39482224212,321.502218278616,6261.40860692103,1704.29236912156,3803.54702750666
"NZE_x1.11",2050,0.664194809393645,11.7514777075305,558.387047859015,45839.6353054573,2033.68944521195,6024.33468898552,323.500443655723,6295.97382431233,1715.28393966282,3801.60825199645
"NZE_x1.13",2025,0.564485400823153,5.56511016561096,284.988336332309,31729.1137317909,325.533434225141,1946.26823562846,107.266964285714,970.720552351375,207.679248003549,596.952473380657
"NZE_x1.13",2026,0.569038787510935,5.96290679157771,320.264284651646,33196.1756732198,419.145839169005,2303.55452944694,139.292976929902,1379.52586512866,292.014973380657,830.591038154392
"NZE_x1.13",2027,0.571551454356803,6.21197688343754,355.540232970982,34663.2376146487,512.758244112868,2660.84082326543,171.31898957409,1788.33117790595,376.350698757764,1064.22960292813
"NZE_x1.13",2028,0.573144156688956,6.38259191789076,390.816181290319,36130.2995560776,606.370649056732,3018.12711708392,203.345002218279,2197.13649068323,460.686424134871,1297.86816770186
"NZE_x1.13",2029,0.574243955359809,6.50677711259603,426.092129609655,37597.3614975064,699.983054000595,3375.4134109024,235.371014862467,2605.94180346052,545.022149511979,1531.5067324756
"NZE_x1.13",2030,0.575049001800251,6.60121510589868,461.368077928992,39064.4234389353,793.595458944459,3732.69970472089,267.397027506655,3014.7471162378,629.357874889086,1765.14529724933
"NZE_x1.13",2031,0.577157670089617,7.47491685669672,471.621256006074,39961.6442560779,909.923234524982,4037.899322342,274.451047027507,3450.08212067436,735.10413487134,2051.49875776397
"NZE_x1.13",2032,0.578735961544986,8.30483176357683,481.874434083156,40858.8650732205,1026.25101010551,4343.09893996311,281.505066548358,3885.41712511091,840.850394853594,2337.85221827862
"NZE_x1.13",2033,0.579961624628568,9.09417102244303,492.127612160237,41756.0858903631,1142.57878568603,4648.29855758422,288.55908606921,4320.75212954747,946.596654835847,2624.20567879326
"NZE_x1.13",2034,0.580940962516699,9.84583932264519,502.380790237319,42653.3067075057,1258.90656126655,4953.49817520533,295.613105590062,4756.08713398403,1052.3429148181,2910.5591393079
"NZE_x1.13",2035,0.581741451795962,10.562470564489,512.633968314401,43550.5275246482,1375.23433684708,5258.69779282644,302.667125110914,5191.42213842059,1158.08917480035,3196.91259982254
"NZE_x1.13",2036,0.595315476010521,10.9706772908367,509.049333977245,43753.9277245872,1450.00042786674,5337.36431550471,298.159937888199,5334.04338952972,1224.67879325643,3271.01645962733
"NZE_x1.13",2037,0.607489498358446,11.3914149002566,505.464699640089,43957.3279245261,1524.76651888641,5416.03083818299,293.652750665484,5476.66464063886,1291.26841171251,3345.12031943212
"NZE_x1.13",2038,0.618469487920598,11.825269385168,501.880065302934,44160.728124465,1599.53260990608,5494.69736086126,289.145563442768,5619.285891748,1357.85803016859,3419.22417923691
"NZE_x1.13",2039,0.62842289947365,12.2728638542437,498.295430965778,44364.1283244039,1674.29870092574,5573.36388353954,284.638376220053,5761.90714285714,1424.44764862467,3493.3280390417
"NZE_x1.13",2040,0.637487273720543,12.7348615183309,494.710796628622,44567.5285243428,1749.06479194541,5652.03040621781,280.131188997338,5904.52839396628,1491.03726708075,3567.43189884649
"NZE_x1.13",2041,0.640739916498213,12.6065417448214,505.16130249014,44711.7495693424,1797.01094324548,5718.00993744903,288.060851818988,5972.74485359361,1531.53633540373,3631.45115350488
"NZE_x1.13",2042,0.643824968900029,12.4850974114827,515.611808351657,44855.9706143419,1844.95709454555,5783.98946868025,295.990514640639,6040.96131322094,1572.03540372671,3695.47040816326
"NZE_x1.13",2043,0.646755058105502,12.3699903514571,526.062314213175,45000.1916593414,1892.90324584562,5849.96899991147,303.920177462289,6109.17777284827,1612.53447204969,3759.48966282165
"NZE_x1.13",2044,0.649541573838293,12.2607371355352,536.512820074693,45144.4127043409,1940.8493971457,5915.94853114269,311.84984028394,6177.3942324756,1653.03354037267,3823.50891748004
"NZE_x1.13",2045,0.652194816328555,12.1569022854313,546.963325936211,45288.6337493404,1988.79554844577,5981.92806237391,319.77950310559,6245.61069210293,1693.53260869565,3887.52817213842
"NZE_x1.13",2046,0.654657950166491,12.0737632074066,551.481618512208,45582.1926017856,2005.90908557985,6014.50672645217,321.81769299024,6280.86721384206,1704.74401064774,3885.55062111801
"NZE_x1.13",2047,0.657088897639541,11.9916706024386,555.999911088204,45875.7514542308,2023.02262271394,6047.08539053044,323.855882874889,6316.12373558119,1715.95541259982,3883.5730700976
"NZE_x1.13",2048,0.659488285533036,11.9106048361341,560.518203664201,46169.3103066761,2040.13615984802,6079.6640546087,325.894072759539,6351.38025732032,1727.16681455191,3881.5955190772
"NZE_x1.13",2049,0.661856724462885,11.8305467622325,565.036496240198,46462.8691591213,2057.2496969821,6112.24271868696,327.932262644188,6386.63677905945,1738.37821650399,3879.61796805679
"NZE_x1.13",2050,0.664194809393645,11.7514777075305,569.554788816195,46756.4280115665,2074.36323411619,6144.82138276523,329.970452528838,6421.89330079858,1749.58961845608,3877.64041703638
"NZE_x1.15",2025,0.564485400823153,5.56511016561096,290.576342927061,32351.253216728,331.91644273936,1984.43035789568,109.370238095238,989.754288671991,211.751390121266,608.657423839101
"NZE_x1.15",2026,0.569038787510935,5.96290679157771,326.543976507561,33847.081078577,427.364385035064,2348.72226531845,142.024211771665,1406.57539189589,297.740757172434,846.877136941733
"NZE_x1.15",2027,0.571551454356803,6.21197688343754,362.51161008806,35342.9089404261,522.812327330768,2713.01417274122,174.678185448092,1823.39649511979,383.730124223603,1085.09685004437
"NZE_x1.15",2028,0.573144156688956,6.38259191789076,398.479243668561,36838.7368022752,618.260269626472,3077.30608016399,207.332159124519,2240.21759834369,469.719491274771,1323.316563147
"NZE_x1.15",2029,0.574243955359809,6.50677711259603,434.44687724906,38334.5646641242,713.708211922176,3441.59798758676,239.986132800947,2657.03870156758,555.708858325939,1561.53627624963
"NZE_x1.15",2030,0.575049001800251,6.60121510589868,470.41451082956,39830.3925259733,809.15615421788,3805.88989500953,272.640106477374,3073.85980479148,641.698225377107,1799.75598935226
"NZE_x1.15",2031,0.577157670089617,7.47491685669672,480.868731614036,40745.2059081579,927.764866574492,4117.07381885851,279.832440106477,3517.73078970719,749.517941437445,2091.72422360248
"NZE_x1.15",2032,0.578735961544987,8.30483176357683,491.322952398512,41660.0192903425,1046.3735789311,4428.25774270748,287.024773735581,3961.60177462289,857.337657497782,2383.69245785271
"NZE_x1.15",2033,0.579961624628568,9.09417102244303,501.777173182987,42574.8326725271,1164.98229128772,4739.44166655646,294.217107364685,4405.4727595386,965.157373558119,2675.66069210293
"NZE_x1.15",2034,0.580940962516699,9.84583932264519,512.231393967463,43489.6460547117,1283.59100364433,5050.62559040543,301.409440993789,4849.3437444543,1072.97708961846,2967.62892635315
"NZE_x1.15",2035,0.581741451795962,10.562470564489,522.685614751938,44404.4594368963,1402.19971600094,5361.8095142544,308.601774622893,5293.21472937001,1180.79680567879,3259.59716060337
"NZE_x1.15",2036,0.595315476010521,10.9706772908367,519.030693466995,44611.8478760497,1478.43180880531,5442.01851776951,304.006211180124,5438.63247559894,1248.69210292813,3335.15403726708
"NZE_x1.15",2037,0.607489498358446,11.3914149002566,515.375772182052,44819.2363152031,1554.66390160967,5522.22752128461,299.410647737356,5584.05022182786,1316.58740017746,3410.71091393079
"NZE_x1.15",2038,0.618469487920598,11.825269385168,511.720850897109,45026.6247543565,1630.89599441404,5602.43652479972,294.815084294587,5729.46796805679,1384.4826974268,3486.2677905945
"NZE_x1.15",2039,0.62842289947365,12.2728638542437,508.065929612166,45234.0131935099,1707.12808721841,5682.64552831482,290.219520851819,5874.88571428572,1452.37799467613,3561.82466725821
"NZE_x1.15",2040,0.637487273720543,12.7348615183309,504.411008327222,45441.4016326633,1783.36018002277,5762.85453182993,285.623957409051,6020.30346051464,1520.27329192547,3637.38154392192
"NZE_x1.15",2041,0.640739916498213,12.6065417448214,515.066426068378,45588.4505412903,1832.24645193657,5830.1277793598,293.709103815439,6089.85749778172,1561.56645962733,3702.65607808341
"NZE_x1.15",2042,0.643824968900029,12.4850974114827,525.721843809533,45735.4994499172,1881.13272385037,5897.40102688967,301.794250221828,6159.4115350488,1602.85962732919,3767.9306122449
"NZE_x1.15",2043,0.646755058105502,12.3699903514571,536.377261550689,45882.5483585442,1930.01899576417,5964.67427441954,309.879396628217,6228.96557231588,1644.15279503106,3833.20514640639
"NZE_x1.15",2044,0.649541573838293,12.2607371355352,547.032679291844,46029.5972671711,1978.90526767796,6031.94752194941,317.964543034605,6298.51960958296,1685.44596273292,3898.47968056788
"NZE_x1.15",2045,0.652194816328555,12.1569022854313,557.688097032999,46176.6461757981,2027.79153959176,6099.22076947928,326.049689440994,6368.07364685005,1726.73913043478,3963.75421472937
"NZE_x1.15",2046,0.654657950166491,12.0737632074066,562.294983581074,46475.9610841736,2045.2406362775,6132.43823089241,328.127843833186,6404.021472937,1738.17036379769,3961.73788819876
"NZE_x1.15",2047,0.657088897639541,11.9916706024386,566.90187012915,46775.2759925491,2062.68973296323,6165.65569230554,330.205998225377,6439.96929902396,1749.6015971606,3959.72156166815
"NZE_x1.15",2048,0.659488285533036,11.9106048361341,571.508756677225,47074.5909009246,2080.13882964896,6198.87315371868,332.284152617569,6475.91712511091,1761.03283052351,3957.70523513753
"NZE_x1.15",2049,0.661856724462885,11.8305467622325,576.1156432253,47373.9058093001,2097.5879263347,6232.09061513181,334.36230700976,6511.86495119787,1772.46406388642,3955.68890860692
"NZE_x1.15",2050,0.664194809393645,11.7514777075305,580.722529773375,47673.2207176756,2115.03702302043,6265.30807654494,336.440461401952,6547.81277728483,1783.89529724933,3953.67258207631
"NZE_x1.18",2025,0.564485400823153,5.56511016561096,296.164349521812,32973.392701665,338.299451253578,2022.59248016291,111.473511904762,1008.78802499261,215.823532238983,620.362374297545
"NZE_x1.18",2026,0.569038787510935,5.96290679157771,332.823668363475,34497.9864839343,435.582930901123,2393.89000118996,144.755446613428,1433.62491866312,303.466540964212,863.163235729074
"NZE_x1.18",2027,0.571551454356803,6.21197688343754,369.482987205138,36022.5802662035,532.866410548667,2765.18752221702,178.037381322094,1858.46181233363,391.109549689441,1105.9640971606
"NZE_x1.18",2028,0.573144156688956,6.38259191789076,406.142306046802,37547.1740484727,630.149890196211,3136.48504324407,211.31931603076,2283.29870600414,478.75255841467,1348.76495859213
"NZE_x1.18",2029,0.574243955359809,6.50677711259603,442.801624888465,39071.767830742,727.433369843756,3507.78256427112,244.601250739426,2708.13559967465,566.395567139899,1591.56582002366
"NZE_x1.18",2030,0.575049001800251,6.60121510589868,479.460943730129,40596.3616130112,824.7168494913,3879.08008529818,277.883185448092,3132.97249334516,654.038575865129,1834.36668145519
"NZE_x1.18",2031,0.577157670089617,7.47491685669673,490.116207221998,41528.7675602378,945.606498624001,4196.24831537502,285.213833185448,3585.37945874002,763.931748003549,2131.94968944099
"NZE_x1.18",2032,0.578735961544987,8.30483176357683,500.771470713868,42461.1735074644,1066.4961477567,4513.41654545186,292.544480922804,4037.78642413487,873.82492014197,2429.5326974268
"NZE_x1.18",2033,0.579961624628568,9.09417102244303,511.426734205737,43393.579454691,1187.3857968894,4830.5847755287,299.87512866016,4490.19338952973,983.71809228039,2727.1157054126
"NZE_x1.18",2034,0.580940962516699,9.84583932264519,522.081997697606,44325.9854019177,1308.2754460221,5147.75300560553,307.205776397515,4942.60035492458,1093.61126441881,3024.6987133984
"NZE_x1.18",2035,0.581741451795962,10.562470564489,532.737261189475,45258.3913491443,1429.16509515481,5464.92123568237,314.536424134871,5395.00732031943,1203.50443655723,3322.28172138421
"NZE_x1.18",2036,0.595315476010521,10.9706772908367,529.012052956745,45469.7680275122,1506.86318974387,5546.67272003431,309.85248447205,5543.22156166815,1272.70541259982,3399.29161490683
"NZE_x1.18",2037,0.607489498358446,11.3914149002566,525.286844724014,45681.1447058801,1584.56128433294,5628.42420438624,305.168544809228,5691.43580301686,1341.90638864241,3476.30150842946
"NZE_x1.18",2038,0.618469487920598,11.825269385168,521.561636491284,45892.5213842479,1662.259378922,5710.17568873817,300.484605146406,5839.65004436557,1411.107364685,3553.31140195209
"NZE_x1.18",2039,0.62842289947365,12.2728638542437,517.836428258553,46103.8980626158,1739.95747351107,5791.92717309011,295.800665483585,5987.86428571429,1480.3083407276,3630.32129547471
"NZE_x1.18",2040,0.637487273720543,12.734861518331,514.111220025823,46315.2747409837,1817.65556810013,5873.67865744204,291.116725820763,6136.078527063,1549.50931677019,3707.33118899734
"NZE_x1.18",2041,0.640739916498213,12.6065417448214,524.971549646616,46465.1515132381,1867.48196062766,5942.24562127056,299.35735581189,6206.97014196983,1591.59658385093,3773.86100266193
"NZE_x1.18",2042,0.643824968900029,12.4850974114827,535.831879267409,46615.0282854925,1917.30835315518,6010.81258509908,307.597985803017,6277.86175687666,1633.68385093168,3840.39081632653
"NZE_x1.18",2043,0.646755058105502,12.3699903514571,546.692208888202,46764.9050577469,1967.13474568271,6079.37954892761,315.838615794144,6348.7533717835,1675.77111801242,3906.92062999113
"NZE_x1.18",2044,0.649541573838293,12.2607371355352,557.552538508995,46914.7818300013,2016.96113821023,6147.94651275613,324.079245785271,6419.64498669033,1717.85838509317,3973.45044365572
"NZE_x1.18",2045,0.652194816328555,12.1569022854313,568.412868129788,47064.6586022557,2066.78753073776,6216.51347658465,332.319875776398,6490.53660159716,1759.94565217391,4039.98025732032
"NZE_x1.18",2046,0.654657950166491,12.0737632074066,573.108348649941,47369.7295665615,2084.57218697514,6250.36973533265,334.437994676131,6527.17573203194,1771.59671694765,4037.9251552795
"NZE_x1.18",2047,0.657088897639541,11.9916706024386,577.803829170095,47674.8005308673,2102.35684321252,6284.22599408065,336.556113575865,6563.81486246673,1783.24778172138,4035.87005323869
"NZE_x1.18",2048,0.659488285533036,11.9106048361341,582.499309690248,47979.8714951732,2120.1414994499,6318.08225282865,338.674232475599,6600.45399290151,1794.89884649512,4033.81495119787
"NZE_x1.18",2049,0.661856724462885,11.8305467622325,587.194790210402,48284.942459479,2137.92615568729,6351.93851157665,340.792351375333,6637.09312333629,1806.54991126886,4031.75984915705
"NZE_x1.18",2050,0.664194809393645,11.7514777075305,591.890270730556,48590.0134237848,2155.71081192467,6385.79477032465,342.910470275067,6673.73225377107,1818.20097604259,4029.70474711624
"NZE_x1.2",2025,0.564485400823153,5.56511016561096,301.752356116563,33595.5321866021,344.682459767797,2060.75460243013,113.576785714286,1027.82176131322,219.895674356699,632.067324755989
"NZE_x1.2",2026,0.569038787510935,5.96290679157771,339.10336021939,35148.8918892915,443.801476767182,2439.05773706147,147.486681455191,1460.67444543035,309.192324755989,879.449334516415
"NZE_x1.2",2027,0.571551454356803,6.21197688343754,376.454364322217,36702.2515919809,542.920493766566,2817.36087169281,181.396577196096,1893.52712954747,398.488975155279,1126.83134427684
"NZE_x1.2",2028,0.573144156688956,6.38259191789076,413.805368425044,38255.6112946704,642.039510765951,3195.66400632415,215.306472937001,2326.3798136646,487.78562555457,1374.21335403727
"NZE_x1.2",2029,0.574243955359809,6.50677711259603,451.156372527871,39808.9709973598,741.158527765336,3573.96714095549,249.216368677906,2759.23249778172,577.08227595386,1621.59536379769
"NZE_x1.2",2030,0.575049001800251,6.60121510589868,488.507376630697,41362.3307000492,840.277544764721,3952.27027558682,283.126264418811,3192.08518189885,666.37892635315,1868.97737355812
"NZE_x1.2",2031,0.577157670089617,7.47491685669673,499.36368282996,42312.3292123178,963.448130673511,4275.42281189153,290.595226264419,3653.02812777285,778.345554569654,2172.1751552795
"NZE_x1.2",2032,0.578735961544986,8.30483176357683,510.219989029224,43262.3277245864,1086.6187165823,4598.57534819623,298.064188110027,4113.97107364685,890.312182786158,2475.37293700089
"NZE_x1.2",2033,0.579961624628568,9.09417102244303,521.076295228487,44212.326236855,1209.78930249109,4921.72788450094,305.533149955634,4574.91401952085,1002.27881100266,2778.57071872227
"NZE_x1.2",2034,0.580940962516699,9.84583932264519,531.93260142775,45162.3247491237,1332.95988839988,5244.88042080564,313.002111801242,5035.85696539486,1114.24543921917,3081.76850044366
"NZE_x1.2",2035,0.581741451795962,10.562470564489,542.788907627013,46112.3232613923,1456.13047430867,5568.03295711034,320.47107364685,5496.79991126886,1226.21206743567,3384.96628216504
"NZE_x1.2",2036,0.595315476010521,10.9706772908367,538.993412446495,46327.6881789747,1535.29457068243,5651.32692229911,315.698757763975,5647.81064773736,1296.71872227152,3463.42919254658
"NZE_x1.2",2037,0.607489498358446,11.3914149002566,535.197917265977,46543.053096557,1614.4586670562,5734.62088748787,310.9264418811,5798.82138420586,1367.22537710736,3541.89210292813
"NZE_x1.2",2038,0.618469487920598,11.825269385168,531.402422085459,46758.4180141394,1693.62276342997,5817.91485267663,306.154125998225,5949.83212067436,1437.73203194321,3620.35501330967
"NZE_x1.2",2039,0.62842289947365,12.2728638542437,527.606926904941,46973.7829317218,1772.78685980373,5901.20881786539,301.381810115351,6100.84285714286,1508.23868677906,3698.81792369122
"NZE_x1.2",2040,0.637487273720543,12.734861518331,523.811431724423,47189.1478493042,1851.9509561775,5984.50278305415,296.609494232476,6251.85359361136,1578.74534161491,3777.28083407276
"NZE_x1.2",2041,0.640739916498213,12.6065417448214,534.876673224854,47341.852485186,1902.71746931875,6054.36346318133,305.005607808341,6324.08278615794,1621.62670807453,3845.06592724046
"NZE_x1.2",2042,0.643824968900029,12.4850974114827,545.941914725284,47494.5571210679,1953.48398246,6124.2241433085,313.401721384206,6396.31197870453,1664.50807453416,3912.85102040816
"NZE_x1.2",2043,0.646755058105502,12.3699903514571,557.007156225715,47647.2617569497,2004.25049560125,6194.08482343568,321.797834960071,6468.54117125111,1707.38944099379,3980.63611357587
"NZE_x1.2",2044,0.649541573838293,12.2607371355352,568.072397726145,47799.9663928315,2055.0170087425,6263.94550356285,330.193948535936,6540.77036379769,1750.27080745342,4048.42120674357
"NZE_x1.2",2045,0.652194816328555,12.1569022854313,579.137639226576,47952.6710287134,2105.78352188375,6333.80618369002,338.590062111801,6612.99955634428,1793.15217391304,4116.20629991127
"NZE_x1.2",2046,0.654657950166491,12.0737632074066,583.921713718808,48263.4980489495,2123.90373767278,6368.30123977289,340.748145519077,6650.32999112689,1805.0230700976,4114.11242236025
"NZE_x1.2",2047,0.657088897639541,11.9916706024386,588.70578821104,48574.3250691856,2142.02395346181,6402.79629585576,342.906228926353,6687.66042590949,1816.89396628217,4112.01854480923
"NZE_x1.2",2048,0.659488285533036,11.9106048361341,593.489862703272,48885.1520894217,2160.14416925085,6437.29135193863,345.064312333629,6724.9908606921,1828.76486246673,4109.92466725821
"NZE_x1.2",2049,0.661856724462885,11.8305467622325,598.273937195504,49195.9791096578,2178.26438503988,6471.78640802149,347.222395740905,6762.32129547471,1840.63575865129,4107.83078970719
"NZE_x1.2",2050,0.664194809393645,11.7514777075305,603.058011687736,49506.8061298939,2196.38460082891,6506.28146410436,349.380479148181,6799.65173025732,1852.50665483585,4105.73691215617
"NZE_x1.22",2025,0.564485400823153,5.56511016561096,307.340362711314,34217.6716715392,351.065468282015,2098.91672469736,115.68005952381,1046.85549763384,223.967816474416,643.772275214434
"NZE_x1.22",2026,0.569038787510935,5.96290679157771,345.383052075304,35799.7972946488,452.02002263324,2484.22547293298,150.217916296954,1487.72397219757,314.918108547767,895.735433303756
"NZE_x1.22",2027,0.571551454356803,6.21197688343754,383.425741439295,37381.9229177584,552.974576984466,2869.5342211686,184.755773070098,1928.59244676131,405.868400621118,1147.69859139308
"NZE_x1.22",2028,0.573144156688956,6.38259191789076,421.468430803285,38964.048540868,653.929131335691,3254.84296940422,219.293629843242,2369.46092132505,496.818692694469,1399.6617494824
"NZE_x1.22",2029,0.574243955359809,6.50677711259603,459.511120167276,40546.1741639775,754.883685686917,3640.15171763985,253.831486616386,2810.32939588879,587.76898476782,1651.62490757172
"NZE_x1.22",2030,0.575049001800251,6.60121510589868,497.553809531266,42128.2997870871,855.838240038142,4025.46046587547,288.36934338953,3251.19787045253,678.719276841171,1903.58806566105
"NZE_x1.22",2031,0.577157670089617,7.47491685669673,508.611158437923,43095.8908643978,981.28976272302,4354.59730840804,295.97661934339,3720.67679680568,792.759361135759,2212.40062111801
"NZE_x1.22",2032,0.578735961544987,8.30483176357683,519.66850734458,44063.4819417084,1106.7412854079,4683.73415094061,303.583895297249,4190.15572315883,906.799445430346,2521.21317657498
"NZE_x1.22",2033,0.579961624628568,9.09417102244303,530.725856251236,45031.073019019,1232.19280809278,5012.87099347318,311.191171251109,4659.63464951198,1020.83952972493,2830.02573203194
"NZE_x1.22",2034,0.580940962516699,9.84583932264519,541.783205157893,45998.6640963296,1357.64433077766,5342.00783600574,318.798447204969,5129.11357586513,1134.87961401952,3138.83828748891
"NZE_x1.22",2035,0.581741451795962,10.562470564489,552.84055406455,46966.2551736403,1483.09585346253,5671.14467853831,326.405723158829,5598.59250221828,1248.91969831411,3447.65084294587
"NZE_x1.22",2036,0.595315476010521,10.9706772908367,548.974771936245,47185.6083304371,1563.725951621,5755.9811245639,321.545031055901,5752.39973380657,1320.73203194321,3527.56677018634
"NZE_x1.22",2037,0.607489498358446,11.3914149002566,545.108989807939,47404.961487234,1644.35604977946,5840.81757058949,316.684338952972,5906.20696539485,1392.54436557232,3607.4826974268
"NZE_x1.22",2038,0.618469487920598,11.825269385168,541.243207679634,47624.3146440309,1724.98614793793,5925.65401661509,311.823646850044,6060.01419698314,1464.35669920142,3687.39862466726
"NZE_x1.22",2039,0.62842289947365,12.2728638542437,537.377425551329,47843.6678008278,1805.61624609639,6010.49046264068,306.962954747116,6213.82142857143,1536.16903283052,3767.31455190772
"NZE_x1.22",2040,0.637487273720543,12.734861518331,533.511643423024,48063.0209576246,1886.24634425486,6095.32690866627,302.102262644188,6367.62866015972,1607.98136645963,3847.23047914818
"NZE_x1.22",2041,0.640739916498213,12.6065417448214,544.781796803092,48218.5534571339,1937.95297800983,6166.48130509209,310.653859804791,6441.19543034605,1651.65683229814,3916.27085181899
"NZE_x1.22",2042,0.643824968900029,12.4850974114827,556.05195018316,48374.0859566432,1989.65961176481,6237.63570151792,319.205456965395,6514.76220053239,1695.33229813665,3985.3112244898
"NZE_x1.22",2043,0.646755058105501,12.3699903514571,567.322103563228,48529.6184561525,2041.36624551979,6308.79009794374,327.757054125998,6588.32897071872,1739.00776397516,4054.3515971606
"NZE_x1.22",2044,0.649541573838293,12.2607371355352,578.592256943296,48685.1509556618,2093.07287927477,6379.94449436957,336.308651286602,6661.89574090506,1782.68322981366,4123.39196983141
"NZE_x1.22",2045,0.652194816328555,12.1569022854313,589.862410323364,48840.683455171,2144.77951302975,6451.09889079539,344.860248447205,6735.46251109139,1826.35869565217,4192.43234250222
"NZE_x1.22",2046,0.654657950166491,12.0737632074066,594.735078787675,49157.2665313374,2163.23528837043,6486.23274421313,347.058296362023,6773.48425022183,1838.44942324756,4190.29968944099
"NZE_x1.22",2047,0.657088897639541,11.9916706024386,599.607747251985,49473.8496075038,2181.69106371111,6521.36659763086,349.256344276841,6811.50598935226,1850.54015084295,4188.16703637977
"NZE_x1.22",2048,0.659488285533036,11.9106048361341,604.480415716296,49790.4326836703,2200.14683905179,6556.5004510486,351.454392191659,6849.5277284827,1862.63087843833,4186.03438331855
"NZE_x1.22",2049,0.661856724462885,11.8305467622325,609.353084180606,50107.0157598367,2218.60261439247,6591.63430446633,353.652440106477,6887.54946761313,1874.72160603372,4183.90173025732
"NZE_x1.22",2050,0.664194809393645,11.7514777075305,614.225752644916,50423.5988360031,2237.05838973315,6626.76815788407,355.850488021295,6925.57120674357,1886.8123336291,4181.7690771961
"NZE_x1.24",2025,0.564485400823153,5.56511016561096,312.928369306065,34839.8111564763,357.448476796233,2137.07884696458,117.783333333333,1065.88923395445,228.039958592132,655.477225672878
"NZE_x1.24",2026,0.569038787510935,5.96290679157771,351.662743931219,36450.702700006,460.238568499299,2529.39320880449,152.949151138716,1514.7734989648,320.643892339544,912.021532091097
"NZE_x1.24",2027,0.571551454356803,6.21197688343754,390.397118556373,38061.5942435358,563.028660202365,2921.70757064439,188.114968944099,1963.65776397516,413.247826086956,1168.56583850932
"NZE_x1.24",2028,0.573144156688956,6.38259191789076,429.131493181527,39672.4857870655,665.818751905431,3314.0219324843,223.280786749482,2412.54202898551,505.851759834368,1425.11014492754
"NZE_x1.24",2029,0.574243955359809,6.50677711259603,467.86586780668,41283.3773305953,768.608843608497,3706.33629432421,258.446604554865,2861.42629399586,598.455693581781,1681.65445134576
"NZE_x1.24",2030,0.575049001800251,6.60121510589868,506.600242431834,42894.2688741251,871.398935311563,4098.65065616411,293.612422360248,3310.31055900621,691.059627329192,1938.19875776397
"NZE_x1.24",2031,0.577157670089617,7.47491685669673,517.858634045885,43879.4525164777,999.13139477253,4433.77180492455,301.35801242236,3788.32546583851,807.173167701863,2252.62608695652
"NZE_x1.24",2032,0.578735961544987,8.30483176357683,529.117025659936,44864.6361588304,1126.8638542335,4768.89295368498,309.103602484472,4266.34037267081,923.286708074534,2567.05341614907
"NZE_x1.24",2033,0.579961624628568,9.09417102244303,540.375417273986,45849.819801183,1254.59631369446,5104.01410244541,316.849192546584,4744.35527950311,1039.40024844721,2881.48074534161
"NZE_x1.24",2034,0.580940962516699,9.84583932264519,551.633808888037,46835.0034435356,1382.32877315543,5439.13525120585,324.594782608696,5222.3701863354,1155.51378881988,3195.90807453416
"NZE_x1.24",2035,0.581741451795962,10.562470564489,562.892200502087,47820.1870858883,1510.0612326164,5774.25639996628,332.340372670807,5700.3850931677,1271.62732919255,3510.33540372671
"NZE_x1.24",2036,0.595315476010521,10.9706772908367,558.956131425995,48043.5284818996,1592.15733255956,5860.6353268287,327.391304347826,5856.98881987578,1344.74534161491,3591.70434782609
"NZE_x1.24",2037,0.607489498358446,11.3914149002566,555.020062349902,48266.869877911,1674.25343250273,5947.01425369112,322.442236024845,6013.59254658385,1417.86335403727,3673.07329192547
"NZE_x1.24",2038,0.618469487920598,11.825269385168,551.083993273809,48490.2112739224,1756.34953244589,6033.39318055354,317.493167701863,6170.19627329193,1490.98136645963,3754.44223602484
"NZE_x1.24",2039,0.62842289947365,12.2728638542437,547.147924197717,48713.5526699337,1838.44563238905,6119.77210741596,312.544099378882,6326.8,1564.09937888199,3835.81118012422
"NZE_x1.24",2040,0.637487273720543,12.7348615183309,543.211855121624,48936.8940659451,1920.54173233222,6206.15103427838,307.595031055901,6483.40372670807,1637.21739130435,3917.1801242236
"NZE_x1.24",2041,0.640739916498213,12.6065417448214,554.68692038133,49095.2544290818,1973.18848670092,6278.59914700286,316.302111801242,6558.30807453416,1681.68695652174,3987.47577639752
"NZE_x1.24",2042,0.643824968900029,12.4850974114827,566.161985641036,49253.6147922185,2025.83524106963,6351.04725972733,325.009192546584,6633.21242236025,1726.15652173913,4057.77142857143
"NZE_x1.24",2043,0.646755058105501,12.3699903514571,577.637050900741,49411.9751553552,2078.48199543833,6423.49537245181,333.716273291925,6708.11677018634,1770.62608695652,4128.06708074534
"NZE_x1.24",2044,0.649541573838293,12.2607371355352,589.112116160447,49570.335518492,2131.12874980704,6495.94348517629,342.423354037267,6783.02111801242,1815.09565217391,4198.36273291925
"NZE_x1.24",2045,0.652194816328555,12.1569022854313,600.587181420153,49728.6958816287,2183.77550417574,6568.39159790076,351.130434782609,6857.92546583851,1859.5652173913,4268.65838509317
"NZE_x1.24",2046,0.654657950166491,12.0737632074066,605.548443856542,50051.0350137254,2202.56683906807,6604.16424865337,353.368447204969,6896.63850931677,1871.87577639752,4266.48695652174
"NZE_x1.24",2047,0.657088897639541,11.9916706024386,610.50970629293,50373.3741458221,2221.3581739604,6639.93689940597,355.606459627329,6935.35155279503,1884.18633540373,4264.31552795031
"NZE_x1.24",2048,0.659488285533036,11.9106048361341,615.470968729319,50695.7132779188,2240.14950885273,6675.70955015857,357.844472049689,6974.06459627329,1896.49689440994,4262.14409937888
"NZE_x1.24",2049,0.661856724462885,11.8305467622325,620.432231165708,51018.0524100155,2258.94084374506,6711.48220091118,360.08248447205,7012.77763975155,1908.80745341615,4259.97267080745
"NZE_x1.24",2050,0.664194809393645,11.7514777075305,625.393493602097,51340.3915421122,2277.73217863738,6747.25485166378,362.32049689441,7051.49068322981,1921.11801242236,4257.80124223602
