"Basin_ID","stress"
26088,3.32103621165309e-06
2077,NA
13455,0
408,NA
47782,0.00995413166513465
345,NA
39108,0.0931111147582469
37772,0.00153409414201643
2576,NA
55818,0.015052187200785
56034,1.69621241819251e-05
29405,0.0838448876406834
44311,0.0562179498304969
5823,2.04940958426373e-06
66522,3.79090598644104e-05
39,NA
33304,0.0503294807321101
66914,1
18791,0.00069778307532073
56964,0.00834636132248351
66917,NA
56611,2.22769691972402e-05
66521,0.000423037390134175
66920,0
64257,0.225518668280082
66922,0
33511,0.0290060269470825
56042,1.0537191256794e-05
374,NA
3888,4.16206899616089e-07
66927,NA
23522,1.72466104145329e-05
5174,0.00145346192505372
5387,5.56740826536338e-06
16453,0.000570161268079553
22026,2.12484553819906e-06
65944,0.062326867070523
49673,0.000805810536632042
3994,0
32941,0.0875481100133531
11793,0
44316,0.0718939071433368
49267,0.0041212351358577
18377,0.00149860922603846
47998,0.117372051690974
48755,0.0426753033399927
55625,0.045259212217829
66944,0
54450,0.122876170921324
42297,0.0551892657049176
66342,0.00740019575282823
4272,0
20323,NA
5704,0
57994,5.69839745945091e-05
66952,0
66861,0.00106405623065828
3212,1.33834679814373e-05
47281,0.366087458195903
47789,0.00192486029227451
55847,1.81228717286601e-05
55238,0.0130746991343736
37224,0.0625515223149071
10122,0.000965080533182805
15084,NA
37552,7.24045721326541e-05
52486,0.00238779448788885
65978,0.0714126221304544
62127,0.000884035834597356
4800,4.64026925239915e-06
49516,0.00151381380394037
36588,0.076376526688137
7099,0
7048,8.4076221710822e-06
66971,0.000314181134760869
66972,NA
26655,0.0689558162949803
20413,0
44799,0.0255503837761419
35582,0.191495247806781
13990,0
6245,1.55222028136608e-06
38722,0.00184208953060618
66980,NA
54646,2.9769411212556e-05
66982,NA
9825,0.000108279771302794
66984,0.000445116732958879
65876,0.00569570100089836
52219,6.438648547206e-05
38919,0.211524635406119
2581,NA
66989,NA
4195,3.07917283023286e-06
62303,0.0850115764775065
782,NA
6083,0
8200,1.14309780041743e-05
7773,3.82993204000028e-05
65421,0.0934615352043428
14369,2.73750690519626e-06
66998,6.50051004458373e-07
461,NA
57989,5.00396017533486e-07
58601,0.0014261937883259
47944,0.0374216713030701
23416,0
67004,0.0013309431400884
35242,0.265533021010828
15460,NA
5618,0
15070,0
17494,0
67010,NA
8272,0
22044,8.36058884055395e-06
13457,0
40758,0.0236511396529343
105,NA
55747,0.0839632106940525
6744,2.72999021666697e-06
60353,0.00139847249573532
67019,0.000135120692889096
3606,1.55398973066e-05
50269,0.000832115006687298
40171,0.00404059101986882
4547,0
54045,6.89150739219167e-05
2520,NA
16423,4.08548335968156e-05
1242,NA
48962,0.0136785416019775
11770,0
67030,NA
67031,0
1279,NA
67033,NA
5593,1
19041,2.88720708380847e-06
3959,NA
8864,0
67038,0
6646,0
54590,0.00360341487101513
50884,0.000936536574753298
25375,0.0101616943024599
7669,0
2979,0
6446,1.72768522214647e-05
23580,0.0097678751125305
54242,0.000269913864546254
14006,NA
67049,NA
22335,0.0564634418588533
67051,8.51568952244971e-07
12166,7.29912001003856e-07
67053,0
65838,0.0349294230366465
62882,0.000478475431569385
27063,0.00203578427730428
6227,0.000160937467323848
49449,0.0100817258287663
8945,0.00119319697804569
12958,0.000156020543091148
16417,2.59548975888923e-06
50260,0.00318249191504442
2368,NA
49714,0.00228420158662352
67065,NA
43611,0.419320647076715
67067,0
42358,0.0179540327699723
49090,0.0775439041630464
31392,0.0195088989703928
67071,0
13008,0.00010043661804665
49916,0.0450301092976053
54396,0.00363035822012276
67075,7.40584081568477e-05
38478,0.00337956590330705
20304,0.000350865830237524
3051,NA
23119,0.00157503323564407
49888,0.199793693304636
30638,0.000407496602689658
44873,0.00178152594211527
62711,0.0373276283095248
66270,0.0112458596653857
2696,5.52430965137309e-06
4893,0
47574,0.000251125339498519
8213,0
20053,0.0401758395351477
3538,2.69210515569095e-06
5768,4.4004619609344e-05
47338,0.00924900434468993
55072,4.08766744570803e-05
279,NA
52325,0.000875656513170761
30080,1
8206,0
7158,0
23426,1.23598402320115e-07
67100,NA
37989,0.0105679048942194
66851,0.000157841808772935
28850,0.0201702654926601
173,NA
17822,NA
504,NA
1663,0
32642,0.04375985929041
67109,NA
67110,0
5374,5.50524881308679e-06
67112,NA
16425,2.92912414676714e-05
6459,0.000724917561114361
12903,0
1696,NA
67117,NA
21137,1.98950444821577e-05
58928,3.18502613327074e-05
57370,3.13494141079996e-05
11281,0.00178475962863498
3245,NA
8271,0
50058,1
3599,6.35823181698774e-05
67126,NA
40295,0.10922472599287
5701,0
20833,8.99948402252574e-12
34238,0.416254234270502
6025,1
49101,0.666449080492474
10427,7.72905478151921e-05
26230,0.0204296362155374
65788,0.00257273574025124
54718,0.00803384972153876
2319,NA
32049,0.0824606134649383
65910,0.233572855800933
61752,0.00350973927042294
33699,0.276121239299117
24041,0.00459470321200255
27655,0.0570139971499741
3952,0
49678,0.0283954056174526
50771,0.0400970236276724
47787,0.000637251572520024
67148,NA
9411,0
53314,0.00617136520317371
30082,0.00304675088309185
6644,0
67153,NA
27509,2.34693664112997e-06
4188,3.99139716547565e-06
6447,0.000191407678638039
25227,6.47916408794802e-06
64763,0.0161954558155887
48905,1
18786,0.00424475664799717
11181,0
25363,1.94177340671899e-06
54383,0.00138507772011822
922,NA
55245,0.00185521510150631
4057,0
2357,0
34711,0.00575126606998436
52629,0.000436701259441674
35385,0.202061088154244
44009,0.120203623210666
67172,NA
66158,0.00548267399543727
2787,NA
49908,0.103347454087157
44055,0.00537914991493298
34914,0.000365248277974813
67178,0.00257492805892384
46669,0.392091590281779
3040,NA
56803,7.18242580744911e-06
67182,0
67183,0
36819,NA
1705,NA
46381,0.115407787884274
2518,NA
29577,0.00615214339408525
2795,NA
373,NA
54232,0.000237307926194827
67192,0
39265,1
51807,0.000196363894966304
30583,0.00412882654677052
30783,0.128909890452212
67197,NA
38245,0.0362663594868204
36721,0.00166174575179809
7159,0
41855,0.394869734694988
17351,1.90390278906306e-05
50886,0.0158220003371305
14338,3.83240009447618e-05
55023,0.000237947180979754
37162,0.00207057758220564
5172,1
24945,0.0182598829524474
347,NA
67210,0
27519,0.0116855081099643
66074,0.0169926654506634
48332,0.394688661903116
38168,0.00561384273534739
67215,NA
3605,6.73520785286436e-06
8809,0
50869,0.0205452398480069
63903,1.97998518235046e-05
56936,0.00180591331324693
60646,0.00071863888504047
56225,1.56492022989432e-05
19578,3.3512810663706e-08
53668,0.0385393372870906
30642,0
41,NA
49702,0.729773594015599
67228,0
20703,5.54025194840828e-06
59201,0.0413414820236713
7884,8.10900473738432e-06
1754,NA
606,NA
6085,0
26225,0.000261907799513794
32608,0.21924387255498
48571,0.0113518299503034
5702,0
48527,0.0048338329209694
53464,0.00895297610438518
65416,0.00401868948231204
21006,0.0149215964863256
2072,NA
7115,0
57677,0.000312979658034855
22050,1.23683077751784e-06
3958,0
67248,5.30814308794553e-07
47365,0.836990488052844
13499,0.000962038311272372
44858,0.54412243853467
6746,4.23136881290643e-05
3608,1.53513011099088e-05
50271,0.048200587492562
30401,0.03465559437047
1143,0
1272,NA
27934,7.33934913428466e-05
17384,4.876211141597e-06
65725,0.0262006379050827
3520,NA
28347,0.00519395331899636
63335,0.010258201010296
7829,8.21727712212998e-06
66438,6.30898227481771e-05
5661,0
6986,1.13725304770004e-05
60405,0.000865558366367174
67269,0.0240454393976961
35732,0.0157231200758164
1250,NA
23740,0.0213407637860716
36575,0.0142741811871932
9804,2.22239949978313e-06
6141,NA
29987,0.000170620020004445
36723,0.342897871482124
4193,1.44116339112101e-05
21338,0.0276062817007003
67280,NA
11214,0
3961,NA
35013,0.000908021908381731
12920,NA
2350,0
7103,0
21776,0.0173071930675037
49313,0.0481961776971176
31546,0.062048966628697
1469,NA
16068,0
35591,0.0314984215664135
4055,0
67294,4.91204587680219e-05
50120,0.000430867542834817
6701,0.000226679198454862
61223,0.00023469175602281
11280,0.000178693677985683
38301,0.0064453175633984
67300,NA
8811,0
63008,0.001115363890539
3033,NA
4817,1.01642903483307e-05
22477,1.46051344625311e-05
58922,0.00821950654095089
67307,0
56984,0.241570520554427
29378,0.015304178134671
49656,0.0242425042084338
67311,0
19481,2.03774741176776e-05
46851,0.000154015525244047
2519,NA
45322,0.849752119856981
3127,0
1070,NA
15952,8.41405914207531e-07
54433,3.3432414134794e-05
63371,0.00169864453703943
14002,0
66685,0.000305845999877532
50498,0.0123132611803249
67324,NA
17383,NA
66235,0.000807982815442161
66159,0.0362667352051351
67328,NA
52640,0.000172667059588495
31757,0.001262218275997
33697,0.480761070449817
43183,0.311374229457776
56951,0.0353797274854047
4551,0
9431,NA
28333,0.00181199892405255
3540,3.20865741138059e-06
67338,NA
2054,3.4876305080755e-06
36728,0.493903741674972
18780,0.000146147876824511
1109,NA
19195,0.000204314451285349
1281,NA
30645,0.0054497807477681
67346,NA
42166,0.222385982490873
49273,0.000326265005922406
6606,0
16625,0.0414750761801015
10133,1.97823116145765e-05
6544,2.00736585979947e-05
40261,1
65583,0.028529800931828
60756,0.0242419220718797
156,NA
29183,9.4441850015526e-05
46930,0.00188470849936211
1524,NA
7105,0
28118,0.891345897216162
2305,NA
32639,0.0031846063352415
37228,0
48759,0.0122246108646924
28356,3.96978083373672e-05
3707,NA
32943,0.0357087353175443
20027,1.882880455275e-10
43168,0.726731832372227
6247,4.39301255844004e-05
67372,3.38534424096867e-07
15963,1.04459298596388e-05
67374,NA
27071,0.000316427243863157
242,NA
44886,0.0349368100927217
67378,0.00486467770191868
61370,0.401120315104681
46402,0.00375786120744375
2363,NA
56593,5.72421879140314e-05
2786,NA
3521,NA
39776,0.278741906106683
46108,0.000378061118920476
30635,0.00869791045222541
65729,0.458063243803659
23279,0.0247270296728616
35736,0.00389685139466102
36564,0.451563221486566
19057,2.27781563319707e-05
626,NA
66867,2.31546412629317e-05
29575,0.00421635479833667
33678,0.124629091283896
3046,NA
50662,1
54444,4.08528336803288e-05
50673,0.00216485337871711
10131,9.00224940698079e-05
8088,2.38529253638714e-05
61939,0.377196200083928
49671,0.11518505482015
3889,2.18703088680576e-07
9991,0
53673,0.00268515848936367
944,NA
8675,2.29437870790201e-06
45648,0.021742141212157
4553,0
49315,0.0305955889253871
30252,0.00160540891136548
58697,0.0217471249271798
67415,NA
4689,0.000466369466906093
46143,0.094703923785963
46727,0.00527089809206975
23430,5.92521226582702e-08
506,NA
67421,NA
39116,0.722277863810011
51705,0.000493677306048506
29374,0.0403616327994876
4273,0
25223,0.000445019846495852
67427,6.94086400376717e-06
59796,0.000295456090371264
18383,0.0192535977980247
39033,0.00113189203066802
46661,0.0332748239316742
12737,1.74436628993787e-05
3213,1.72540655151215e-05
122,NA
31764,0.0021085292721468
52696,5.74036441867747e-05
58776,7.72237211172395e-08
67438,0
20465,0.0339576153697291
2071,NA
25361,2.00725788826287e-06
13741,0.000178603029105471
42429,0.000383741103042077
41046,0.0905798501790446
1096,NA
58293,0.000881093566340891
61423,0.00232844448259047
62349,0.022491268907352
20829,3.46826899897236e-08
3439,NA
6233,1.66932537698095e-05
68,NA
33747,0.717009561678851
1753,NA
67455,NA
11762,0
30253,0.00477337313137681
43170,0.123446989945282
41208,0.00304418084350006
66843,0.000718372270598685
67461,NA
61494,0.0305826136130477
48515,0.759166714062805
4231,NA
34582,0.0254514576185975
44037,0.0158804483603188
21604,1.27875899917852e-05
7719,0
50284,0.000473808532147514
33018,0.00474794156451173
4192,1.57793187018474e-05
12168,3.00736186790595e-05
63821,0.0186843535410978
66192,0.00125823512164253
67475,NA
20726,5.85091559059408e-07
65987,0.000973458249076224
20029,0
67479,NA
27932,0.00059462973914962
61826,7.38229916788312e-05
59302,0.000260844141410173
42912,0.32752173356774
48526,0.298937058243439
49511,0.0993590813104477
58230,0.0304137201984673
4224,0
16623,0.00381578588447174
7883,0.00364691896107998
57349,0.0101075099318841
67491,8.43120691156111e-06
62073,1
1475,NA
2361,NA
66805,0.00104498948609052
67496,NA
58142,3.32826860172713e-05
67498,NA
25228,0.000104329268750742
249,NA
54722,0.00220108525960012
66415,9.71349410547121e-05
53664,0.0509143247561252
14876,2.26618047388241e-05
633,NA
67506,NA
35738,0.0378644601351651
37149,0.00341171185963384
67509,NA
46106,0.285817148445342
67511,NA
1290,NA
340,NA
3126,0
40793,0.0475963107773152
67516,0
37009,0.0431036686473191
52153,0.00610356583326243
56390,0.374809106184705
17063,0.00681367251151516
58139,1.98403706632783e-07
5660,0
2673,NA
39780,1
34,NA
67526,NA
54231,0.000307797586630363
63452,0.0325648018768037
25376,0.00665212086862943
41237,0.425313016984702
67531,NA
20469,0.113254651177716
23574,0.00264189734024084
60039,0.0116755740681035
10128,5.00809616426327e-05
42914,0.00110997856150762
45666,0.0231024853531279
14000,0
58301,4.01204930692281e-05
48761,0.0873500402610126
62357,0.0177335525215644
7102,0
9834,1.12531451977442e-05
7683,3.70446885454899e-07
31671,1
6452,0.000133941507162541
17091,0.000483272509060393
30255,0.000229968917363224
50281,0.00561625960542176
56759,0.0147882983235814
969,NA
56226,9.24340732472498e-06
12451,0.000330452615941516
67554,0
48587,9.81669213505615e-05
38080,0.00168194312951793
45924,0.0783751664016737
31898,0.00208920891085803
2241,NA
45356,0.00290244275679164
57204,0.558131825319679
54624,8.39104161267385e-05
60581,0.0102828753984518
8211,0
10413,1.1160756629566e-05
41422,1
67567,NA
781,NA
30762,0.00966284598859229
15600,0.000275681298263615
216,NA
21902,0.021323588646897
62834,0.000747297369757838
410,NA
66122,0.00499650740112758
67576,NA
761,NA
35388,0.100341198978209
40639,0.337256924395159
2535,NA
45682,0.0398453561618141
19892,3.50410534034906e-05
67583,NA
20722,4.02025251723622e-06
50926,0.00647006305143004
67586,0
44321,0.0119901904189956
67588,NA
37944,1
32849,0.176387172753223
67591,NA
67592,NA
42163,0.0916222429071838
6091,0
53927,0.00115441667023909
2125,NA
67597,0.0014344375587616
37774,0.00232919647926452
31346,0.92550845986292
64261,0.11612328749282
10699,0.000113653029406601
67602,NA
4650,NA
1909,NA
50887,0.000546049809539758
31144,0.0123671556607105
34912,0.0178244340027542
67608,NA
36714,0.434228142363197
40493,0.735707542710213
22151,5.69620086498756e-08
23714,0.0239481377442759
65647,0.0168154161469106
66292,6.0805293669046e-05
37306,0.039176539356752
11208,0
38869,0.0569342843851291
61690,4.71308987430535e-05
45928,0.0331519465801075
6035,0
17064,0.00138983474022854
44802,0.0480715226397962
24792,4.96775550329807e-06
33221,0.112423832502991
51880,0.0303063736933463
46397,0.0108785723417783
10130,8.77780283237628e-05
497,NA
67629,NA
31512,0.0101672908590655
4804,1.60060202504959e-05
47362,0.935779457565579
67633,NA
23582,0.00706961707898297
55609,0.0472070081260091
62620,5.38326077906266e-05
25226,2.98684196684393e-05
20453,0.0100972519708886
43452,0.0991591935017732
113,NA
57202,1.48497964393669e-05
39278,0.00752662904364782
2507,1.5456949476124e-06
2585,NA
65686,0.00153986826135764
1934,NA
6608,0
49896,0.216948472591139
59625,0.000301110187162505
784,NA
7821,1.0184604214749e-06
67652,0.00433564359103247
8204,0
463,NA
21603,9.3574027382379e-07
7109,0
10073,7.90218534891358e-05
26948,0.00058741598747285
37543,0.0176651768231943
35530,0.486353991871562
29647,0.00776028735947056
17809,5.93184538465993e-06
107,NA
21898,0.0310034906873825
43303,0.000777131365643389
5824,2.4837009149012e-07
47761,0.0604219428280629
50279,0.0462339617964786
9019,3.91027031264103e-05
31929,0.284783724348028
2524,NA
1468,NA
67673,NA
22479,8.54471780559845e-06
67675,NA
17056,0
27514,0.000335246794236977
67678,NA
20723,1.73518565815198e-05
61205,0.0055765607556646
18247,3.93208315644457e-06
45895,0.023492700157383
55999,0.0378776311161554
49236,0.015146224892524
6648,NA
65397,0.675378961353548
21160,2.84901169170307e-06
4995,2.60532455485443e-06
2788,NA
34918,0.0400117794445152
61242,0.000293172980671358
4556,0
1683,NA
6703,4.10325532699019e-05
26661,0.0134956731578481
35351,0.0705341683231771
1901,NA
33892,0.20647103124745
6643,0
38171,0.00736904499571714
47256,0.0100263919334941
6231,0.000258574375555815
49452,0.0681047859295509
29579,0.00147270284550387
44307,0.0250775635570663
50477,0.0443546094395068
65655,0.0051447765104313
440,NA
12340,0
17476,0
67711,NA
28358,0.032236165690626
6595,0
16635,0.0414382444874448
39049,0.00141042949779892
1897,NA
65199,0.000390354528539025
67718,0
5334,NA
4794,4.25460726605846e-06
2120,NA
35722,0.694295623837542
24927,0.000773843033357245
14898,2.1256678190933e-05
1077,0
54618,0.000594967262799781
49464,0.818702333006223
44763,0.73814163847178
47997,0.948539182904794
57156,0.0253962910983037
49904,0.260843372730914
439,NA
18661,2.60949237586614e-05
67734,NA
39502,0.00981113302435084
19156,1.3483373930178e-05
73,NA
3527,0
19905,2.08313840267675e-06
3542,3.44343481591266e-06
7311,2.87918815566504e-07
33015,0.0417506282708758
281,NA
35378,0.342892858783984
32606,0.0502487036323197
26522,0.00100268882300248
40246,0.209687954077136
8210,0
67749,NA
67750,NA
56032,3.3089786967092e-05
27074,0.000186827411135882
24488,5.62736352996633e-05
175,NA
67755,NA
12170,0.000187175464699754
67757,NA
15454,0.00410672822943434
33755,0.0102038156784073
666,NA
49290,0.000827221763482621
14873,1.46228969464737e-05
12911,0.0014814063182614
43586,0.00653171970867477
10416,4.04561809624724e-07
58949,3.9163953520167e-05
3207,NA
60162,0.00309410925100607
1700,NA
62484,0.000369635109493564
57996,0.630195907900127
3603,4.84890437954913e-06
23985,1.97163231970082e-10
17379,3.64109301239493e-06
35257,0.224852037956139
61882,0.0219349065179617
59268,3.20359631112837e-05
60471,0.148420447771746
1092,NA
21899,0.0180723711530204
174,NA
21578,9.50864838604379e-06
66380,1.00591727221532e-05
50325,0.00215410670668939
46285,0.0453964062686153
1312,NA
53675,0.000425633525227458
53448,0.0123874798406453
63229,3.47768208190695e-05
20725,6.62135369782392e-06
66625,1.36775164466794e-05
10697,0.000320321904529678
66041,0.209701187843052
54723,0.00842315989863458
9830,8.68897551508632e-06
24791,NA
34569,0.802696423620477
816,NA
23109,1.60150269762921e-05
67800,0
20450,0.000427329918883502
65991,0.0130220034132944
55118,0.000310274031662028
3655,NA
4848,0
35705,0.335101379564277
67807,0
46849,0.302785935962585
67809,NA
22033,2.83110989612428e-05
14519,0
54742,4.31016445623368e-06
67813,NA
1291,NA
65594,0.0054409780476417
23595,0.0463789513672955
16637,0.00795778527535768
4061,0
60939,0.349430140591677
42000,0.569438226655555
26633,0.00158193126067232
3522,NA
44021,0.851308596192104
35740,0.00851952502766075
6610,0
31928,0.00777708774222364
46683,0
76,NA
64694,0.0163225934405904
3044,NA
46875,0.145060171296404
21340,0.00561918110271462
33682,0.400859005739001
47995,0.0597527816811571
26946,0.000467860887737944
54425,0.000187343723412596
37549,0.105330782261438
3890,1.8207422198835e-07
22566,0.183269273595264
67840,0.0609440811571694
27810,8.75888072745031e-05
12732,6.52882147921741e-06
9442,0
54859,0.240683108498732
7309,3.11830572056854e-06
3208,NA
21605,0.00065072533378791
64931,0.000182718234876551
67849,NA
6545,3.13704278305771e-06
67851,NA
66406,9.9869778541021e-05
17359,3.43446694593669e-05
60759,1
60173,0.00063266304748442
970,NA
59125,5.57551365357366e-05
48765,0.00787364852320723
66120,0.00679643945982529
48763,0.0112378184535686
36268,0.0461112373145824
2583,NA
30192,0.00352335179492072
43040,0.000195784383332233
43579,1
41815,0.90693417974114
4274,0
3609,1.35060243466526e-05
52315,0.00259274771609999
22199,0.000794373032133113
55840,5.26563004842942e-05
1273,NA
22219,0.0500670399491673
3214,1.22842945602653e-05
22499,2.29988961714157e-06
4994,NA
67877,0.013614395974685
3706,NA
66411,0.0883029812576171
10063,2.23947326926334e-05
29247,0.0918680841857656
2230,0
65787,0.00676605205373849
5386,4.00991702024144e-06
45166,0.106832122167669
4678,1.17918283358303e-05
4261,NA
6230,0.00230989847807238
67889,0.00643268478615347
3962,NA
51872,0.00199240647735948
39121,0.323824876333759
43448,0.134459765232236
67894,0
45044,0.18881910297972
67896,0
18802,0.017052137517643
3612,7.12978402904495e-06
44008,0.00510029977492601
54241,0.000320448520557242
22192,7.4684277118399e-09
39257,0.416696118302569
35053,0.0339992266807457
66450,8.26465892509951e-06
4082,1.76701190879696e-06
60584,0.0121196827643154
61499,0.000501767968563153
11765,0
18395,0.000565562734180237
65493,0.664821518632959
2268,NA
11600,3.06233581628316e-06
18660,1.66626460481527e-05
6031,0
25231,4.73935161182798e-05
19155,2.70700005459335e-09
67917,NA
618,NA
26417,0.0584237399991987
35370,3.22272647310295e-06
47783,0.00708804282652057
67922,NA
4207,0
67924,0
2354,0
34705,0.237059798342718
43473,0.000540989534815447
41261,0.0926875917659784
3430,NA
40769,0.503956854839028
1473,NA
49326,0.342686540562187
42752,0.191149535799172
23885,6.07787577236248e-06
67935,NA
43059,0.0251597820397781
6705,0.000611840870206649
4059,0
51613,0.00605160443224404
35186,0.0609040464225557
53853,7.53664344298956e-05
51306,8.46348782133462e-05
55610,0.00717843467776726
3037,NA
12452,0.000322827174713528
55438,0.0218695031711047
3541,3.6496722768376e-06
2589,NA
66164,0.0176530346993785
66016,0.00895859860460331
498,NA
10816,1.38416561364106e-05
46884,0.0683639890467029
3419,0
56956,0.0661269077947806
59855,0.00154292693743863
66704,NA
4479,2.77463292747828e-06
18355,2.33578219508737e-06
7512,4.99221092403503e-05
6448,0.000227871311801865
67962,NA
48317,0.00419353071406996
114,NA
17099,0.00615005033695351
42619,0.100939557190131
9832,1.33230558529357e-05
20452,0.000782772635996273
51261,0.0400012325777108
57679,0.609947638004497
67971,0
66837,2.54919670311939e-06
67973,0
3779,NA
40611,0.499239999392162
67976,NA
67977,6.16657149207221e-06
44845,0.306404822503692
46882,0.0448075569170715
66181,0.00133964444870564
243,NA
3544,3.61156643505922e-06
43442,0.311617944170459
16138,0.0017099214352913
464,NA
21155,2.86212551216118e-06
9828,1.4279788931066e-05
66373,0.000130548149547379
19997,0
2475,1.43683977418749e-06
17500,0
53310,0.0311532016928579
27813,0.0038548318971631
20307,4.12319096593842e-06
108,NA
6087,0
52309,0.0196129850142078
40277,0.0819792793807871
55254,2.05382336570652e-05
68000,NA
59671,0.000663323812367666
3903,0
23273,0.0219042768740245
54826,0.00787099847624025
5385,8.47463569556837e-06
22483,0.000165509844112197
2309,NA
36917,0.0136124758874059
18366,1.96905108637973e-10
11882,5.05787999494752e-05
68011,0
50683,0.00108478200396904
50051,0.159579216512964
6140,NA
59481,8.36004902217328e-05
21159,2.93042543809832e-06
26632,7.21224962891404e-05
35373,0.481722442784137
43614,0.256177781260507
2776,NA
68021,NA
68022,NA
47116,0.0174927032203679
66813,3.25009307279798e-05
50291,0.000688899686234301
755,NA
3610,7.72076005586657e-06
61238,0.112134007710006
2455,NA
45859,0.000662596750034038
24794,6.30425361879897e-06
4054,NA
16091,NA
18397,0.00112107819698996
49883,0.0124925746931867
42755,0.0709015273128276
60354,0.0963519278342828
23887,1.11123680766229e-05
7827,0
16592,NA
9541,3.74049211476004e-05
44186,0.1975930097026
19063,1.24807294251662e-06
26208,0.000192449287379046
17074,0.171567688924146
19070,6.03379476149501e-05
22347,0.0610993254215496
45169,0.00521803360675519
56976,0.00313586349167212
65690,0.00405907810345265
10138,6.72034849754574e-05
54730,4.23994577614833e-05
68053,NA
13468,0
65510,0.0701958929800898
4052,NA
55017,0.00059273866867389
32655,0.0194185433050685
46411,0.00708653625557203
3940,NA
29389,0.0290503787297078
19629,0.0109238759039217
44012,0.446993787440735
54812,0.00242537376537692
40161,0.00109464702076751
33568,0.303519383148743
47765,0.00431867291483038
68068,NA
56962,0.0518838495893128
18656,0.000103030743300567
13450,0
46827,0.011576463710904
60343,0.0247232701067965
68074,0
34597,0.182489171305384
50877,0.0413787087526685
57002,1.75931314786612e-05
23405,3.93621356382112e-05
46674,0.491731528469219
68080,NA
10062,4.81280309671182e-05
68082,0
35588,0.0105157476281598
57834,0.00778472390113719
600,NA
12910,7.02935090767868e-05
44003,0.200473509518056
50496,0.000373548997917257
1094,NA
176,NA
38092,0.00131681789353667
1935,NA
47364,0.0272775020259249
13465,0
21759,0.00188150164296364
56420,2.11676060557402e-05
30634,0.00145960681405121
46416,0.12374112773346
16892,5.16463707207e-06
32223,0.0513594998888977
68101,NA
5586,4.7435888539862e-05
49681,0.00659799479899384
68104,NA
59269,4.30675946913421e-05
68106,NA
2229,NA
63045,0.0010491928756325
4084,1.11697202949087e-06
52381,0.000672081627685755
35730,0.194012618827081
66736,NA
48950,0.1197762285462
60409,0.000122460568110966
6596,0
45827,0.0280444667997488
40757,0.012077600798484
6743,1.34422418735047e-05
35355,0.159794845565032
62258,0.0753481886272983
1137,NA
17381,6.66363277131306e-05
68123,NA
23427,4.65979695560758e-08
19042,2.1991506131831e-05
68126,0.0130017790465263
25511,0.0538571449330179
49657,0.278427147462439
17775,1.35589928802993e-05
35513,0.0109472252311314
11210,0
27516,0.0429189877836072
49515,0.204871054741468
36399,0.615910472728117
11187,0
56569,0.00551171606383543
24053,0.14019867707075
7287,1.62938162799885e-06
37250,0.198575185602009
68140,0.000427631382215708
762,NA
44306,0.00737248117849327
32977,0.0563756599779556
1514,NA
4194,1.27692382728373e-05
40753,0.108430538148539
59927,0.0107133300512478
1684,NA
30784,0.0526064160689953
68150,NA
22966,2.12041580143553e-06
1472,NA
6531,8.63773786724624e-11
15064,0
35754,0.237433995706809
56011,0.00941750205345948
19064,6.53281324587758e-07
54940,0.155851737330684
68159,NA
13452,0
34142,0.00195723426959319
68162,NA
38294,0.579764594906719
457,NA
20529,0.00572400383429165
13469,0
21590,3.11204433042074e-06
54630,2.44204237630111e-05
33064,0.0240760072684633
1706,NA
66821,0.0835986078625034
60161,0.000275527881859208
101,NA
30820,0.00753706829432244
68175,NA
65659,0.00071230189651782
68177,0
52944,0.0042554345610218
20032,0.000191198888513032
26210,0.000112456349936259
53377,5.35944120022286e-06
1144,NA
26634,0.00107776801440031
49875,0.023527022863687
68185,0.0909455535334448
57359,2.32306831014055e-05
31200,0.00311052622947949
68188,NA
47563,0.00361891230061853
68190,NA
48732,0.00546964320452483
68192,2.80983326320333e-05
66569,0.00351577939448292
55161,6.13645429642772e-05
68195,NA
4552,0
68197,0.126606711915828
15566,5.1595270551252e-05
21341,0.0129649375579918
32942,0.0934129225573774
55434,0.0559658602157756
16401,5.52752935379388e-06
59473,0.000511079616154893
1739,NA
10068,4.93539793221538e-05
51794,0.0268471422586868
235,NA
68208,NA
32988,0.353838311598978
68210,NA
68211,1.8347912406168e-07
60108,0.0233405481639973
66346,8.02419080207498e-05
50674,0.00455788248069898
57363,0.000154917161135723
47142,0.00179892167825828
17,NA
50057,0.802237556998247
11190,0
41070,0.328003215511457
3418,0
16939,NA
18636,2.5849676625729e-05
1267,NA
51994,0.282121442172902
34702,0.439693285848912
54011,0.000479278227613928
14874,3.40558570972337e-06
57995,5.30181913332993e-05
6232,0.000235121204685237
47547,0.0715778870898879
16089,0
1071,NA
42130,1
68235,2.74994352360286e-08
36390,0.00266655767915968
19159,3.22893305678226e-09
33698,0.00470850575194292
35725,0.547846162984762
4843,0
49500,0.00999246710172601
3778,4.27028385634166e-06
433,NA
7762,NA
54807,0.00563352177329365
68246,NA
55823,2.26611490553906e-05
20704,3.52219514453076e-06
20039,0.0295912921790982
33903,0.0180388955365351
6435,0
68252,NA
43054,0.0347028248436642
1110,NA
18784,0.001703645299451
68256,1
68257,0.100022164211221
54635,1.61565575954942e-05
19066,3.26510898683035e-06
68260,NA
49325,0.000299125769663535
61413,0.000312916452694959
30194,0.0033796942032386
6698,NA
35599,0.751274782520381
2356,0
34707,0.0163591512368248
46132,0.0687696493556433
55848,8.36732543555734e-06
35739,0.000480444981592732
55036,0.00456618180753863
51677,0.00254475268368493
65074,0.000743207423996706
4836,1
11259,0.000208606067150703
50119,0.000160020997197618
367,NA
68278,0.000102965970426602
17385,4.41566958265954e-06
68280,0.000491716463368188
68281,NA
68282,0
36565,0.139970665159461
18645,1.64063783767841e-05
36717,0.077681030345129
3039,NA
58785,0.000353701318066195
33558,8.08674095233898e-05
30099,0.719663069643902
10673,0.00274173192638058
57180,0.0315798298246774
50258,0.0657526840653198
45921,0.0121735528867884
66259,0.0208601157123418
52638,0.00018347145388095
53111,0.00213372459218815
8201,0
59809,0.000620988936281935
33700,0.0404449804143562
37538,0.00294554309636031
15383,2.98346655228266e-05
39239,0.0437625971739853
25372,0.0191967311741714
47555,0.0142856411150424
31720,0.598584358852135
21777,0.0136466039033492
68307,0.00139266529528949
627,NA
28998,0.0248695746643366
68310,NA
39294,0.572531513215232
16137,0.00662707127114739
7662,0
52861,2.5461284392519e-05
65500,0.037918485006757
47941,0.0735941847665339
167,NA
31910,0.00603981624784089
5502,1.84117046688078e-05
3195,9.91749357433751e-06
28964,0.0411179639439766
53271,0.00491248947618942
46566,0.00312828834112569
33681,0.372537709959164
59655,2.43758014171184e-05
66410,0.0852652437306203
52316,0.0180560517720486
57845,2.41663792842226e-05
68329,NA
15953,0.00540285576513574
3395,0
66856,0.00101116604762924
68333,0.00105123648079854
48525,0.49208990455534
46662,0.0031276448609987
49672,0.000628432203549476
3423,NA
66131,5.98205993552939e-05
65068,9.13515309112655e-05
3591,4.32937524508523e-06
34598,0.256733736750281
50878,0.0268620890795582
6436,1.20377947095936e-05
9432,0
68345,0
66234,0.00377856613213367
5355,0.000241542895810667
47890,1
39256,0.0609893587953092
48762,0.0240152858042463
2919,NA
68352,NA
39263,1
68354,0.00319058927586713
9540,2.71172245536638e-05
57167,0.167949616516794
53282,0.00725623495107576
16946,NA
66336,0.106109206521106
49514,0.919726407934812
6777,2.95462052832005e-05
28469,0.0105031025259161
61053,0.00196794332820706
3785,NA
31228,0.375040791389625
68366,NA
68367,NA
3944,NA
20894,0.0250118813392564
21302,2.29884527810941e-09
50868,0.000943904691022563
29253,0.663893090493418
40366,0.000420690221225255
22208,0.0800672361211895
36380,0.543790882781554
29614,0.0090306347914633
2481,2.8914324646792e-06
57684,0.000487707747945768
42162,0.012313111457255
56800,2.40858783122953e-05
7090,0
66129,0.00428261308848247
5173,1.76288917605303e-05
34048,0.109350363345912
16640,0.073530704826562
56008,0.0983081416283783
54228,0.0176038173777818
54385,0.00306414797993412
8199,8.77245907900491e-06
68390,0
44287,0.290095996899288
20050,0.0122580345783094
23871,6.1045280511038e-05
8810,1.6628048967735e-13
20309,1.04361338173749e-05
66398,0.00255060108246992
45932,0.614801684331983
9246,3.74444032628657e-05
68399,NA
58954,0.00252572839114987
39047,0.0231173312639097
47996,1
44800,0.0245407359845701
4649,NA
12918,0
16626,0.00712158640577797
68407,NA
5703,NA
7290,7.15151073763815e-07
2461,NA
8299,NA
2568,NA
42026,0.283666015953161
37585,0.804402397496971
60997,0.000396113847007232
3593,3.91519971281696e-06
43902,0.297529390033564
41381,0.0079335754035402
35382,0.0776909181151295
32617,0.918842850657461
5567,1
68422,0
68423,NA
68424,NA
50267,0.358125014543353
3600,8.24918095139477e-06
341,NA
57778,0.017087383635113
4072,1.99056191852787e-05
54728,0.470555609272021
12174,3.58613771717921e-05
60519,0.00011698013505589
23431,9.25715013747505e-05
1348,NA
59613,0.000684291202096208
28843,0.641835110115694
6026,1
3644,0
53633,0.00472621716250573
35717,0.0288839731150607
9251,1.55185926867853e-05
68442,0.000218870254852792
1246,NA
19062,2.41472905251335e-06
17474,2.80251575520979e-06
34699,0.429298479508549
35,NA
45389,0.112325303014583
17913,0.00108084067521653
64695,0.396335008261941
10132,0.00041038056779341
66891,2.46956723258927e-05
37541,0.00381990473032916
32483,0.449286603668184
55028,0.0407241545608552
19157,7.21245828633051e-09
66779,0.00131059306251112
41699,0.897390533148112
4927,NA
11597,2.57572304893655e-05
43046,0.120228778677224
3880,7.24247297425805e-10
1523,NA
7104,0
63129,0.0199894610083373
49320,0.127861867718751
44036,0.0833246705876762
7761,NA
20830,5.03276545992384e-08
54233,0.000673541186215101
11586,5.16290529885577e-06
68472,NA
4355,7.5621332412948e-07
11884,6.22351875489806e-05
5655,0
3027,NA
4845,0
32976,0.365310944927902
40133,0.156846586032413
51447,0.07299247570239
51030,0.0974126271060747
36591,0.671393744519096
4362,2.6263732186222e-06
34583,0.178285903039661
68485,NA
15601,0.000107783626456399
56378,0.0239304186401738
17533,0.000755830001376755
4264,0
818,NA
7091,0
1941,NA
31907,0.0827491031218401
7822,3.48570277164261e-06
51795,0.0469452376345107
62442,0.000853987954734141
23415,0.00174428729887898
32839,0.00761041608936769
18642,1.27647457942333e-05
4892,0
44881,0.00983726209584342
66076,0.0087822482959117
68503,0
6237,2.66224277630156e-05
66268,0.00823125579062134
4835,1
68507,0
46162,0.0104155996873129
17341,8.222431931903e-05
52805,0.00175834447490999
65722,0.0115556333426276
37537,0.394010770234645
68513,NA
12980,0.00928576915860119
34593,0.000942939493972348
68516,NA
29783,0.00710939231545394
13458,0
2574,NA
8674,1.13333443420362e-06
31020,8.21615440415987e-05
2046,2.13425406730476e-06
26641,0.000214377116142514
66443,0.189172772781827
5373,3.61862461044288e-05
68526,0
50658,0.0055162567152528
68528,0.000424205614272425
47284,0.0154911108701084
68530,NA
36571,0.0105925556237531
3192,9.68576482824618e-06
61114,0.0466158751043573
66605,NA
3598,5.76105765442409e-06
68536,NA
7661,0
19992,3.63989324500745e-08
65727,0.345866849416982
46660,0.0142429223101628
64882,0.77756828542862
20960,0.00740192568904532
5501,5.87244285149251e-06
35721,0.792604925951171
6024,1
35574,0.909547123756462
39110,0.194883307168438
1689,NA
60407,0.000526276068533482
65055,0.00083163920556805
19,NA
68552,NA
54442,0.000227364926373701
68554,NA
15067,0
1293,NA
28225,2.71670563795401e-06
972,0
18634,7.55177360932364e-06
58956,0.000211698315311639
58291,0.0231565269537859
31775,0.359230100086789
42585,0.0917189306361989
46787,0.0148923530594284
3951,0
39261,1
30200,0.00678244059494618
18896,0.0303969170464802
26945,0.000792628717570278
24936,0.00907446308563922
4278,NA
49465,0.00568254458482161
53108,0.00777714476712462
3881,1.50458568880942e-07
68575,NA
6126,0
37360,0.227502689020436
22207,0.0295612910672227
41207,0.00961030877122713
17915,1.06667820917215e-09
1275,NA
20287,4.17884145311085e-06
50036,0.246639141397579
40156,0.0325656611058596
2474,1.34992378577852e-06
51704,0.00163441854051318
53305,0.026291775637946
29251,0.751334359478151
9538,2.01898132476116e-05
4265,0
68591,0
44318,1
56796,6.21221170910933e-05
22494,6.53549231778931e-06
5568,1
4682,5.0993599494187e-06
2106,NA
68598,NA
68599,NA
63133,0.011802125726198
38802,0.0106247621626066
6776,1.21311731181853e-05
10058,NA
51809,0.312649713559718
4073,6.73592425881314e-06
16902,1.44587773899087e-05
3458,NA
22604,1.75173417944504e-05
44606,0.00160720062099666
36727,0.0745719725532651
64471,0.0222850479601743
4223,0
51633,0.000105927366994698
54626,0.000153072875078819
52970,0.000676871637609807
4922,0
58597,0.00526180734845215
26512,0.00144104823688426
68619,0
3645,0
2351,NA
11773,0
54835,0.000141349516750586
35178,0.00869438924371805
47143,0.0645844596531953
16413,1.0084664606771e-05
1745,NA
28640,0.0067603727176247
59300,0.00028334798923866
21593,6.69998615634354e-07
68631,0
21773,0.0105881366624629
55243,0.00150557674188918
2454,NA
9987,1.06929266063225e-06
35747,0.0118443470731018
21164,3.30972126978008e-06
11238,8.04682470404468e-06
45674,0.0802364641787879
36736,0.171726566934302
55032,0.0523516135111112
3034,NA
4210,0
68644,NA
9590,3.35398464598981e-06
36258,0
66497,5.1119129342531e-05
49868,0.134454103461704
60933,0.12151125244195
41732,0.00112778208587185
37008,0.0127473553920056
66803,0.000902896274959109
3193,9.36561472901081e-06
21333,0.0015929054050316
4885,NA
46668,0.259909069003807
6985,3.58705612293047e-05
14538,0
24789,1.08834704319116e-05
68660,NA
47520,0.27923483776214
3624,6.27031500345937e-06
50885,0.00233608704940736
68664,NA
12898,0
10070,0.00190750985178559
66083,0.00504000199086064
55749,0.070730914199758
28838,0.0482794180569399
500,NA
17806,1.30830248985997e-05
1508,NA
65112,0.576125812175457
2055,2.23430980300464e-06
68675,NA
34517,1
6451,0.013685064817323
59290,2.17154851778307e-05
68679,NA
4840,0
116,NA
48331,0.337069049351848
33037,0.417474230383393
34570,0.783213414105766
60532,0.000204147104770244
50278,0.0166427004647951
24485,4.36087399369787e-06
34568,0.558776623865275
12450,0.000230043297488637
9988,0
34704,0.323114484041684
53667,0.000849188623958616
58299,2.4244949681403e-06
59031,0.0400883678482104
53826,0.000522820408048218
65201,0.0291969442490041
34214,0.835837380411651
11215,0
10411,1.45939243536153e-06
245,NA
2306,NA
3235,0
6440,1.52601213121773e-05
43048,0.0238661971378357
2479,4.51087438367417e-06
5760,0
21748,7.90697134972305e-10
15582,0
38167,0.0121261546698519
68710,NA
66487,0.00126629792749743
41209,0.00204071316574173
59446,3.63135560315609e-05
56043,2.63428010850011e-05
1938,NA
26514,0.000609351248917192
57376,1.32445265331869e-05
66747,6.61368034702819e-06
42032,0.00293410623223552
45681,0.0113508443842031
2349,NA
9823,3.05415623914369e-06
53562,3.97201601911518e-06
66799,0.00534902637259179
57163,0.112551877820747
42330,0.00154597490152531
45611,0.0641329628319978
66531,0.356847102234333
1309,NA
55022,8.2249640227823e-05
66087,0.10850504464117
66244,0.00106674516286846
43613,0.358488704582954
17061,0
47282,0.00499072053245342
37943,0.346738357149079
61424,0.260891276090974
68738,1
3032,NA
38194,0.145253372175396
757,NA
66096,0.0244481897017422
66811,2.59695820308002e-05
6236,4.16683922826887e-06
49109,0.0221830117514734
66323,0.00105934660244195
918,NA
2459,NA
45923,0.0791924085909079
62967,0.000560473567994117
35576,0.738789001345178
52616,0.00180107382680709
32781,0.0104737976937201
14589,0.00593846089760062
22031,1.10927928378513e-05
38618,0.396168164130427
68757,NA
52801,9.36936053731977e-05
55559,0.00251524390890301
68760,NA
68761,0.000962289502637013
52615,0.00558684722582891
12978,0.000620466382223652
13301,3.17428477820797e-05
1697,NA
13994,0
55038,0.0290923675153104
37010,0.00286970481016405
1687,NA
34680,0.00741030795766276
29397,0.116037907736615
30761,0.00345751555590594
44853,0.0716918855012808
3597,1.44033906472067e-05
2053,3.61793124835087e-06
4546,0
18775,4.50608186892571e-10
57685,0.000490683278714167
6442,8.59432428835676e-06
18658,1.00259957659766e-06
40801,0.213536240979303
1512,NA
2671,0
56960,0.051512833766576
66437,5.24154944447842e-05
56612,1.93498949612182e-05
7668,0
442,NA
68789,0
66216,0.0118101491845076
45904,0.217465266571791
20826,6.45200912032062e-06
66631,0.000106808081617511
18655,1.49446228881777e-05
48376,0.070439103009407
2064,NA
68797,NA
53860,1
48372,0.158827437452277
68800,0.0140914234691615
32848,0.0349531936857788
68802,0.147597092390088
2304,NA
35590,0.000227541223373464
12956,0.00177146528226231
30590,0.21965940343547
10428,0.000236680343004262
2584,NA
58778,1.43196902621474e-05
602,NA
40111,0.123297421404344
36682,0.189239387712331
6086,0
37305,0.178506825601433
68815,NA
178,NA
25655,5.46080809787573e-06
1939,NA
68819,NA
10052,NA
16900,0.000158771700564014
68822,NA
61688,0.0122797995661604
36913,0.0442125412111113
55654,3.91564913589567e-05
35708,0.261020850118052
49680,0.00438118860501072
4833,0.00600002798743474
68829,NA
34717,0.0640334333766983
68831,NA
56046,0.0216922462834508
23277,0.0314170892171992
44305,0.0100373443571476
66371,0.000575206490989725
68836,0
9585,1.8648113300492e-05
35745,0.156620106792422
32991,0.11591720988163
32602,0.276989929309589
68841,NA
6599,0
66547,0.041502454025722
28599,0.0228278948422387
66413,0
6747,0.000193567845800618
52457,0.0454872738385832
50275,0.0604579472980804
43043,0.535873353859508
66865,4.70954533701865e-06
1139,NA
59377,0.00374613975893801
4796,2.96098566013855e-06
2523,NA
29616,0.00134433587095496
15584,0
370,NA
68858,1
68859,8.27864923201557e-06
47769,0.0362019181525409
68861,NA
64400,0.724400580950943
68863,0
10718,0.000124164686414395
2738,1.07318049149783e-05
21327,0.00837087561484577
37550,0.0334023513166323
66665,0.000186892184157783
38250,1
7291,0.00272854777330742
45894,0.00167753929045537
32638,0.369251622591827
7878,4.61866411839041e-06
45583,0.107266602319658
5274,NA
51517,0.00948808059782261
22963,2.30190314051347e-06
620,NA
35580,0.288072552543677
11186,0
29988,0.142960940364315
6702,0.00119792391175394
68883,NA
68884,NA
1518,NA
1900,NA
15452,2.62705214181406e-05
42024,0.763899686327996
68889,NA
28434,0.00804925074288896
68891,NA
56036,1.29728554401098e-05
63007,0.00628662103823254
44598,0.0123869236162447
66534,1.58903727639674e-05
24932,0.00460328397265069
28840,0.000143660405988447
20458,0.0116413668572873
58464,0.325652847478697
35107,0.168958759679514
66223,0.0140971925051004
68902,NA
60028,0.00407467900591796
103,NA
64849,0.0142006792767323
12318,0
68907,NA
4187,2.29791418629998e-05
68909,NA
3526,0
28463,0.0432524403480582
21763,0.00469181299263383
21746,3.03326864676329e-05
65751,0.00841723695548351
34904,0.224916206789637
7097,0
33014,0.0142524186273862
32610,0.0896559839391813
1105,NA
35756,0.12735688159936
16634,0.128724997133678
17040,0
65996,0.00208136321448627
4555,0
68925,NA
6243,3.39190021388282e-06
68927,NA
2478,4.90652079614184e-06
55444,1.11584647956892e-05
13500,9.05032976804069e-05
21304,4.73381651200617e-09
56571,0.060266801583875
44473,0.433959935984734
68934,NA
152,NA
42895,0.528074314249595
11816,9.36840464503318e-05
68938,NA
66089,0.000522563063701667
31901,0.0940639296282563
45818,0.00909099475626501
68942,NA
47713,0.00134148971419016
9587,1.58359708038831e-05
16907,8.69139337501975e-06
51811,0.21447586098833
63174,0.00261719514938079
5000,3.98633377641979e-06
21329,0.01046356723111
8273,0
38800,0.136152411688761
2355,0
36035,0.0110593585925168
31322,0.00126626314593751
15387,1.05726951166874e-05
3017,0
1269,NA
46415,0.244671397194022
2458,NA
3519,NA
622,NA
1073,0
68963,0.000718120892814041
68964,1
48778,0.857515942602118
11607,8.61108399444393e-06
35729,0.000947782749060448
51250,0.120068419127941
5585,1
59202,0.0149473150750812
58137,7.40406366429194e-07
61997,0.000416767735522399
435,NA
29574,0.000963892785881766
32836,0.0204672637698766
20045,0.044713589681416
58130,9.90990966830262e-05
5230,0
6439,1.97155435606824e-05
30575,0.00329058470049249
68981,NA
277,NA
57000,9.03148454821858e-06
3887,7.86132121407466e-08
50663,0.675144121718946
68986,NA
65342,0.028693712411684
5759,0
39445,0.00307475695218092
12939,NA
12162,4.64966673397536e-06
10074,0.000555716866483916
30202,0.497277219979449
37156,0.00257885414219376
43450,0.42687550428265
2360,NA
14365,4.58734560379569e-06
662,NA
30586,1
53763,0.000445790691181255
37676,0.430436132370665
31759,0.000161663188258594
29856,7.17752460286175e-05
369,NA
17976,0.000561198782852266
4271,0
38159,0.000943448962551488
32969,0.120038807757687
69009,0
21589,5.47700205354634e-06
25793,0.00019113147007497
18653,1.33429879869433e-06
3043,NA
3211,3.34273413066316e-05
66827,2.49924303606313e-05
4079,5.62998183322691e-05
69017,0.0104672232164125
47785,0.0042710253266749
53118,0.000200945932858496
35790,0.805025001806488
57158,0.00301240878868205
37548,0.0565641627052128
57290,0.0730086717847056
8205,0
34103,0.94854528000198
65625,0.173717160405669
43755,0.00346758679978209
629,NA
32110,0.00939592585052227
49312,0.135141775935845
7154,0
69032,NA
33893,0.421517992836294
21750,0.00116883236900157
5169,1.6487052678727e-06
25669,0.000211752555597288
58947,4.37342168950835e-06
14372,2.89983290513601e-05
10626,NA
24786,6.86642551833731e-06
47521,0.000510553575743468
53644,0.00386321557087682
22497,4.75233432314592e-06
35723,0.620672440848643
7875,7.4509579665671e-05
28642,0.0143931754914372
72,NA
29277,0.00375545287893105
21330,0.00971283353720436
12385,0.0041577579188134
29576,0.000195935789923685
40754,0.0260864785951085
6017,7.61243296271789e-05
51805,0.000641308159438405
66225,0.00309958111958105
69056,NA
31538,0.0688024116347588
39120,0.188694486359487
47554,0.0555991993184521
5359,7.84192894985714e-05
47905,0.00568660047064354
56583,0.35354245423282
61693,1
11184,0
56192,0.0145924978234213
7666,0
35050,0.050246783001401
37636,0.0267592394488699
32282,0.0212492022642512
69070,1
69071,0
69072,NA
69073,NA
66783,0.0011784861295422
31130,0.00874670646223952
19193,0.000661437947896124
43447,0.00258908543661532
31353,0.18629550055663
6144,0
6605,0
19638,0.0618790961505257
69082,NA
58620,0.000783296564513205
69084,NA
24944,0.0123556532885816
30792,0.0134801031890686
69087,3.82988143498362e-05
3236,0
46675,0.0237818228528098
7094,0
51442,0.0962518967272909
23573,0.00103290071462492
4058,0
32939,0.0829739709225934
33686,0.148195361466429
8203,0
26215,6.29804749190866e-06
51871,0.000754939444371641
65454,0.388378059569601
69100,1
66396,0.0360922806753085
27806,0.000241261846026581
6695,NA
12735,2.77146809541807e-07
62618,4.56057502371428e-05
47363,1
64220,0.00310733331728843
7297,5.16065193552634e-06
69109,0.000524266981936322
26519,2.2720208145192e-05
26224,0.000169070086882119
28984,0.0833489263623819
56994,0.000454537567030192
16632,0.0233308466760132
57162,0.327020793133712
7819,5.45586306149285e-06
66189,0.0835721922867908
69118,0.0141276261191639
33907,0.000444209799068669
5170,1.9824608889502e-06
14366,2.65202596960805e-06
65955,0.0101589229370403
2465,NA
32963,0.550222355887733
55234,0.0502930074059789
60042,0.0022549103166038
45667,0.0633847855648124
4837,1
40170,0.0385460724836731
29573,0.000218260130207546
31711,1
21886,0.0313941457686694
32108,0.0368880652304976
7876,0.000190665803552547
66835,1.17090392580294e-06
343,NA
28578,0.0295225704326996
35731,0.049054386586596
69139,0.000133168365374229
16593,NA
2920,NA
36074,0.0312077479567977
16891,9.98694515302361e-06
372,NA
50492,0.0455116186031938
6982,1.29011454356499e-05
4051,NA
51991,0.000539285770748783
69149,NA
45129,0.142472852853303
59098,3.44567635123249e-05
37247,0.00186492808171809
53852,7.6915788914465e-05
37,NA
12536,0.000443999803235219
25229,5.37350656605984e-07
66337,0.000493872433223771
28981,0.00912897602520177
31755,0.000576910397930703
10139,7.12238492667851e-05
55621,0.0526638711469515
65596,0.623370822644016
11605,2.87077652305706e-05
56954,0.0253989207298917
7293,1.99124820142854e-06
63671,0.0920022555351356
19899,5.41534328152092e-07
7108,0
29685,0.00375217222897102
55275,4.80506772994544e-05
39267,0.523747704712232
7765,NA
5276,NA
2928,5.98217101871745e-06
4849,0
2070,NA
69177,NA
69178,NA
57985,8.24584424712732e-05
10628,NA
69181,NA
39782,1
12426,0.00406165885569385
46922,0.00237688769700835
12165,4.2920521411985e-06
17541,0.0316746878429047
28848,0.0123539536635123
7826,1.19341140216535e-05
40583,0.583840465420162
66663,0.00342890358979015
48954,0.0337462107956755
7095,0
3227,0
46412,0.0117788810618555
19492,5.75364749568373e-06
69196,NA
53317,0.00779706482687273
6241,2.45417874013493e-06
53134,0.00696104776606849
34031,0.142369856518064
48590,0.0191326060787074
2264,1.68362033554844e-05
17979,0.000633226641728082
28524,0.168590349326498
2578,NA
24342,0
764,NA
13466,3.68562196191307e-05
57170,0.00962413268247536
104,NA
66190,0.0191034961612019
42329,0.0388325390626973
66108,0.374769998669328
7820,5.54929658473105e-05
18779,0.000197855471505505
4138,8.9164007816999e-06
59278,0.000476238540712316
27929,0.0177978353923729
29175,0.00144174620672343
65498,0.862793863294698
48757,0.0472808781843805
9817,3.05850763654846e-06
69223,NA
51873,0.00998873763790589
43582,0.0996752009801901
10721,5.30817713154688e-05
34512,0.00672208165037725
45791,0.000633651334984931
9827,0.000168363704225341
65968,0.0430266780186293
39598,1
69232,NA
57779,0.00406550841559673
49309,0.0010316150774098
3602,7.82525594450467e-06
41697,0.037095832392854
238,NA
10060,0.00112194098009577
2517,NA
30371,0.000860021866917583
69241,NA
56168,0.000704436717593196
237,NA
16139,0.00138604125676318
69245,NA
6028,0
69247,NA
59106,0.000125959779002297
51680,0.000688227786469533
12399,0.000152237532992791
56201,0.0625013377449931
69252,5.98228035211275e-07
45168,4.59915408026498e-05
11206,0
29978,0.000635557851588847
65897,0.0142628806862572
69257,NA
50678,0.0121714249763081
42587,0.169434581223496
65383,0.518762762274546
20,NA
43471,0.00298323738433059
3955,0
19477,0.000140241221941963
63298,0.00022175892672263
53115,0.000827516683109242
45578,0.00527622137435966
10054,NA
47115,0.00109477772297011
65658,0.0258489506848904
69271,1
3699,NA
63696,0.0462116350503756
22947,8.72524358134534e-05
66734,2.52659284728745e-05
47527,0.0110929439742848
53854,6.93507856637323e-05
4847,0
69279,0
69280,0
1743,NA
436,NA
7665,0
45002,0.192883027333339
36506,0.0015079501223243
1940,0
26223,0.000122804607703396
69288,1
294,NA
28849,0.0116744098731954
56392,0.466618311862014
7663,0
39847,1
52216,1.50464739808225e-05
31930,0.00487487780629991
30464,0.0432516245501108
64919,0.00126179598324995
4077,8.52227684550599e-06
46665,0.00415176678136171
48842,0.00352247143035268
39515,0.0160055992110304
58385,0.0810224405995254
17062,0.00081207483438947
6778,8.63657444230418e-06
45422,0.0930120997989434
4924,NA
66624,0.000373180267101146
3649,0
45152,0.00977329185666338
2573,NA
36037,0.0181703767320016
54395,0.00308733512012895
22957,1.29574272973457e-05
50495,0.000544912709355966
63372,1
15453,0.000261313702212307
30206,0.12168288468157
54580,0.0196748605796017
56958,0.0615080899622813
43904,0.250900629490724
19641,0.0035923453173041
46409,0.0264212910914331
57535,1.66831482637654e-05
38476,0.444377567198225
54840,7.65028428014892e-05
3038,NA
8202,0
32226,0.0164227429399319
12448,0.000139434816685559
69330,0
36598,0.141049011637289
69332,NA
2921,NA
14545,0
7766,0
21336,0.00480108011017552
8209,0
66275,0.00157686096689534
7296,4.52107285673979e-06
69340,NA
14544,0
66823,4.85688815493425e-05
12167,0.000558082557206037
14560,NA
69345,NA
56772,0.206265153732137
69347,NA
4887,NA
46676,0.0158247084688226
3628,4.75751904173046e-05
1688,NA
60879,0.00280503567727201
9017,2.03633858778719e-05
38484,0.00427951738838842
23526,1.37312392126813e-06
69356,NA
7542,6.59058486535658e-07
1088,NA
35928,0.128420654600268
17810,2.10049219414243e-05
53999,0.028012875910447
46826,0.0106860299199782
6600,0
1676,NA
17393,NA
1752,NA
4797,2.13896171138656e-06
2063,NA
33687,0.0498302816573115
57928,0.0680848867330551
66771,0.000601392841742336
34714,0.22067125191706
27191,0.0175033360226206
69374,NA
66436,0.000107768505051222
9992,0
37673,0.199137621870996
58787,0.00204133769949869
17378,2.2166997037805e-06
49911,0.0305916181133041
34594,0.00486949019222427
2310,NA
47766,0.00722922697671667
12164,3.78821976187985e-06
54423,0.000111599473273876
22675,0.0132336166288312
7292,1.13970788063305e-06
49082,0.0195505331456663
49646,0.0535319620513678
6642,0
54592,0.00601009446260385
33895,0.048861935351362
54623,0.00127931327286128
18778,0.000527226856959793
54412,0.00273840414955081
1698,NA
5275,NA
63744,0.00119969627583066
50489,0.000279836215898725
21312,0.0568481151062301
11188,0
5361,3.03387861592531e-05
11174,0
62259,0.498440273016167
47926,0.0259955119211297
66763,0.000867041901092891
62612,0.0150663487200265
41992,0.43264418643328
17978,0.000861560738601874
32987,0.355780087626963
44284,0.0805270598395122
2353,0
69413,0.00143791294246512
9826,3.1769083610135e-06
69415,NA
55043,0.000847237145246892
45431,0.00614394686141854
1311,NA
4844,0
69420,0.0379125084813302
65931,0.0105247871950473
10625,NA
69423,0.0188351951752612
4842,0
10127,5.43938775488148e-05
23280,0.184549694047849
20901,0.00564474191860477
57841,7.42918270126822e-05
42908,1.38896552555435e-05
3036,NA
15961,NA
14899,0.000224134860879991
6240,3.1027621730959e-06
69434,NA
69435,NA
34094,0.636111742874789
4053,NA
55975,0.0894221475492949
69439,NA
34250,0.00803362492712731
69441,NA
43050,0.0318501685806636
3882,1.64860100214031e-07
36578,0.0128216508687053
29458,1.95006014209513e-06
66344,0.000664825140303265
66031,0.0584276295201345
25274,0.06087259440607
35526,0.281025737826479
61452,6.96533399475075e-05
69451,NA
52622,0.0254022688359298
69453,NA
4137,7.44921911732303e-06
58698,0.047963579013528
41726,0.155085568904341
3200,2.3541072997828e-06
36361,0.0967550889675666
56970,0.0363523906536179
69460,2.44195491330061e-05
59926,0.0239583237078995
69462,NA
6697,NA
51793,0.0742577851530367
40292,0.0961868844775759
26523,0.0290476164582361
5035,2.50211862708058e-06
52314,0.00144278032808954
66583,8.95721063698668e-05
1138,NA
8863,0
40157,0.0108351657424657
3601,8.37935535567502e-06
64398,0.0135773691372329
48171,0.00864004092976617
56988,0.0215067284203747
49687,0.457010174360759
21323,0.00104466069782987
43202,0.000895723385102374
29056,0.00258314948211717
51676,0.000368336053863315
21337,0.00586889736107814
63047,0.000416181389108645
26659,0.415100638311601
8844,0
4078,6.26454400669814e-06
66559,1.4108449318955e-05
23986,2.18548101589536e-09
33503,0.00351358869978098
3954,0
6984,1.22486846522037e-05
28577,0.0318869716485072
34586,0.486095146066729
2308,NA
10433,7.23929808296769e-06
47111,0.0166955608365596
54600,0.0182155245040343
15925,2.88794555131088e-05
16890,2.79091701846368e-05
40112,0
54805,0.00608250672384113
21314,0.00163833755671353
8265,0
3698,NA
32994,0.0550051227183746
3194,2.36251631643006e-05
11207,0
49330,0.426834335185718
22504,8.08840059139306e-08
22956,4.92086879398972e-05
17501,0.00158334181534613
7177,NA
35352,0.0370210253576177
69514,0
69515,NA
66434,0.000170118742470084
36365,0.812417330534948
32607,0.0919066483413045
14559,NA
28332,0.011268324227734
3031,NA
38503,0.320224587343006
4076,7.93821400550449e-06
66854,0.000241405627168822
16595,0.000530551040121704
34537,0.950322215854548
69527,NA
7157,0
46377,0.0094755864673962
50478,0.0785881482015278
43049,0.0018230234208273
11755,0
45325,0.765632903397625
20036,0.00302734880200522
64168,0.142274560831234
3648,0
48514,0.000265908442543398
51675,0.000153841093616198
36716,0.0154500025516327
55723,0.00770783228721768
17540,0.00719330398415091
57368,2.61611854516048e-05
64617,0.0339542700169672
38297,0.296068040441038
69545,NA
69546,NA
9249,0.00393646833383818
589,NA
58933,8.03652947845155e-05
19875,4.70497119925694e-06
50286,0.00204227286477646
7145,0
44764,0.457850321420235
55047,2.00178961417615e-05
32115,0.00332343466818565
69556,NA
163,NA
2978,8.46477089001166e-07
54192,0.00618400306542352
49510,0.0469198540511755
1699,NA
5700,0
46534,0.224042517980396
15087,0.000233935497761793
2052,2.66229788096208e-06
51515,0.0104146526170271
26631,3.16323390165604e-05
48562,0.175541490131548
65490,0.0164582899078007
69570,NA
48220,0.0146205464590833
53663,0.0418753634118598
35734,0.0488745925746461
57345,0.000809219662898232
65984,0.0103481396595539
36078,0.395730054468464
63937,0.465497918537615
69578,NA
26516,0.000134604480014149
59981,0.000258402394323225
69581,NA
49316,0.0150841767354878
69583,0
239,NA
61308,0.000634174096580801
2303,NA
66232,0.0113471475012921
53825,0.000495613589593926
61702,0.0294790908849613
3327,6.12342862477156e-05
56515,0.225398985045295
5659,0
18246,NA
41106,0.163919368531307
7656,0
4191,1.27457312712542e-05
35575,0.640756358527867
16941,2.19859436211477e-07
2929,6.99335283235454e-06
38083,0.00161780519575985
10126,4.07898685495553e-05
69602,NA
48949,0.0318515558479248
57835,0.00570430956754667
16583,1.24393789392545e-05
22506,7.13995491863778e-09
42913,0.000691001238179141
2563,NA
7101,0
43620,0.0452810891776606
69611,NA
69612,NA
66662,0.000932549834082189
69614,NA
59993,0.00366594336425844
54720,0.00560757719895628
8397,0.000136172815681925
58140,7.10943733411566e-07
66301,0.000933264356162182
3228,NA
751,NA
28841,0.564736249692658
69623,NA
63981,0.030199963083702
66254,0.0230955967383084
69626,0
6115,0
2480,2.53355697174963e-06
46105,0.352329647605854
2265,1.99094705845062e-05
296,0
7667,0
2908,2.53238986945871e-06
69634,0
53433,0.0187605345389881
53862,0.617538330523754
20321,2.465195235009e-07
46681,0.0525061168793553
35706,0.698886742093152
3125,NA
60172,0.00171898812885656
46399,0.000320402266642124
54126,0.000157182830342615
56388,0.230921846322015
40110,0.161198431307265
18781,0.000156625773337374
45155,0.200048918092187
52164,0.000134502587595701
32305,0.179726508796179
4926,NA
48766,0.0215418139071774
57520,0.0138900852459033
20899,0.0199629461875101
2781,NA
43041,0.0392969357787496
49659,7.17927352227895e-05
4352,0
521,NA
69659,NA
32838,0.001181921303943
2460,NA
51443,0.100931780301324
52935,0.0262546489525563
44426,0.0555315363177822
49876,0.177791431237637
24487,0.000193053308411006
43947,0.350704704313436
65715,0.0103960009211122
20028,1.77190212074787e-09
30054,0.0549477023571172
63290,0.00845103519402539
65372,0.0101368330261349
62179,0.0129206716198788
46044,0.0913722185562661
8670,2.02352439003273e-05
6588,0
26518,8.23957983517251e-06
4891,0
57011,2.19283034672454e-05
52113,0.00913933274364063
4993,1.74126578843555e-06
46878,0.0630647767448844
48867,0.00493663206477957
4791,8.70183584969768e-06
14543,0
24506,0.159610903969354
69687,NA
31223,0.0781123981963205
3705,NA
30573,0.00262099840906333
53680,0.000118079251235913
69692,0.00517371146211169
12901,0
54632,4.59894779679901e-05
69695,NA
6229,5.82037534356169e-05
1270,NA
4353,0
51874,0.0102642136714651
1513,NA
28480,0.0115528327014945
59840,1.65966863164574e-05
16937,NA
65382,0.0285981785793974
13306,6.47862228402615e-05
37692,0.00606966917479125
65661,0.00633490222842783
18394,0.0150466465507162
16421,1.96893120480157e-05
26657,0.0199485448612448
32984,0.220372934714072
12364,0
5261,0
69714,NA
5647,0
57014,0.185895240102691
4081,2.0156486007926e-05
34729,0.214830918395154
6121,0
30764,0.0576431373317897
24790,3.04281975992214e-05
11814,0.000587112801810797
44801,0.0407266276188146
47283,0.0117409861737128
69725,NA
1933,NA
3199,2.25264086369852e-06
38485,0.0101241128260933
5356,2.21310780523154e-05
62437,0.00593468287619666
34592,0.00425554430130697
45644,0.345211848639449
6772,0.000112277155717191
4592,NA
5211,0
69736,NA
35054,0.545174611700207
69738,0
69739,NA
5557,0.000858674484447577
44300,0.133026746147243
18336,0
60820,0.0379702418222335
66733,3.72576728567898e-06
61560,0.00067145300928038
11173,0
33928,0.176989500477084
40799,0.212218103585495
6523,2.60904197969679e-12
49654,1
66584,2.06083280725193e-05
36570,0.0858196967923379
12401,0.000122450421978195
58463,4.89173594560879e-05
69755,1.26752234769278e-07
5024,5.48169767743259e-05
48731,0.69726750904986
27512,3.85456827580375e-05
6242,2.37648700784476e-06
69760,NA
51812,0.0133901731305675
19489,6.2238526238715e-06
44846,0.541572416971498
8671,1.44215066889065e-05
4539,0
53850,0.000315133048240624
69767,0
64258,0.0131553546522624
10056,NA
36036,0.00766247073875352
69771,0.000545115253948068
7229,0.000196362414065234
1682,NA
19891,1.97699723748356e-05
28492,0.0205062026536112
20721,9.51078724716577e-06
5603,1
48148,0.00386573609809297
49878,0.0253323370781902
69780,NA
16411,7.59601218786882e-06
56966,0.00485754529146466
16624,0.11836423249871
27203,0.0104228445604187
1140,NA
56232,0.703677486345324
36683,0.360803329754903
20410,4.10351909776404e-08
39322,0.27696877310008
39705,0.00435024962173951
36918,0.121829744694865
3687,NA
4198,1.29539250524738e-07
69794,NA
34007,0.0376256818090579
69796,NA
1896,NA
40155,0.0452488215935404
35702,1
10698,0.000763780036140406
31902,0.0593479724434614
4498,5.87867971074102e-06
21331,0.00453519877073713
26092,0.0296672041035951
6211,5.30239551444514e-05
22677,0.0302407427100327
23581,0.0108918400300261
51052,0.0119033358108222
51441,0.132806181169246
69810,1
69811,NA
4291,NA
7655,0
11302,0.000312940989103308
62306,0.00913642489576615
66183,0.00963491303495519
231,NA
23713,0.0217554562522226
26206,0.00365364327488386
69820,NA
49834,0.0109873465336239
60044,0.495642510898003
35936,0.0384559006441539
12979,0.00231625309432979
65575,0.270755068037948
49089,0.00588180992519926
52784,0.000784569201000563
52969,0.00435681299509479
69829,NA
65934,0.00535667148702161
13,NA
5354,2.37083673951124e-05
69833,0
20903,0.0130290798214529
52382,0.000982392859370782
69836,0
31765,0.000597452342646843
32965,0.0329428929854682
12945,3.85976342563366e-05
53746,2.79193387911569e-05
10129,2.19497479745541e-05
53278,0.00155562668192115
27386,0.00869141237157341
44013,0.0478831812755727
6114,0
51681,0.000223386419400284
5177,7.18415781788645e-06
69848,NA
69849,0.000607934527787247
11593,5.57983729903037e-05
56001,0.049960933270334
3206,NA
69853,NA
69854,NA
69855,NA
66682,0.000779229395711473
35377,0.152878619726908
56380,0.0139424936677657
55811,0.0977155376829586
46133,0.139630102661387
69861,NA
9519,0.000251069367423821
35746,0.0725587931567917
33894,0.112079835447139
69865,NA
4802,6.96108828000413e-06
14528,0
4670,6.54566093568346e-06
45130,0.322630294024081
59119,6.80821560551353e-05
44601,0.000236034511985185
60290,0.0429623373021604
32286,0.0498585819741719
65308,0.0018458628805843
30051,0.0493954755830133
34703,0.364947968925075
34049,0.215211883893445
5749,NA
65586,0.0273125807555388
62875,0.244308067090104
49289,0.00207287234598648
66447,4.48889004681528e-05
6056,0
31760,0.00468729601158627
30178,0.00673646583986976
54428,0.000281431026024651
69887,NA
496,NA
43057,0.0106216936803783
44038,0.00121023191949395
69891,NA
69892,NA
51078,0.000325470928513454
35724,0.20635057399064
5280,0
59261,0.0114024678122253
2228,0
53283,0.0112802049405378
69899,5.52008569297248e-06
36358,0.012411196577183
50277,0.016690166289596
8298,0
51864,8.70465731005418e-05
29859,0.00024441675967283
49108,0.270125420206079
6740,0.000275556372968431
4981,0
55812,0.0208186524533602
3422,NA
57377,0.156973730972876
36491,0.00250948715420603
56760,0.00949997238870469
32780,0.0161071577554239
69914,0
462,NA
2828,NA
5822,1.99805509073564e-06
54641,8.20872758503155e-05
34931,0.328999726021696
66646,4.94892918417631e-05
55160,0.123647432409984
8336,0.00158141444487814
4380,8.72821667539336e-06
31688,0.00212169070862528
59117,0.000866014731823757
3643,0
34035,0.0643796867833284
15899,1.50953337205059e-05
2911,NA
69930,0
61307,9.86866803404251e-05
58539,0.0158053105971698
65152,0.0691678825429723
12362,0
106,NA
2737,8.47487627810578e-06
44004,0.794599867072829
32581,0.211109949468489
20415,2.61882512518253e-13
69940,NA
17962,0.00194712955193856
5370,4.98006524588515e-06
18787,0.00567875202796123
6542,0
69945,0.00526249024290905
6441,0.000129789305062843
2566,NA
26227,0.0163776535564609
43581,0.000784684824952443
69950,NA
26660,0.0149916825667636
39237,0.108225298166336
33396,0.512921199284939
32990,0.0119961582396199
5178,7.89992724750743e-06
69956,NA
3026,NA
49308,0.00185073782300172
56585,0.376580100904983
6119,0
56423,1.43002960419952e-05
21339,0.0149347366421765
44427,0.036334265953363
69964,NA
21600,6.48653219236649e-07
53816,0.0157163396637834
4591,0
69968,NA
69969,NA
41071,0.789335007558759
52780,0.0401330313585857
27506,3.15851393253733e-06
69973,NA
5347,3.53116877715143e-05
49319,0.0975059747146182
7712,NA
2467,4.15468004538762e-06
41101,0.05054973924561
5750,NA
29985,0.00269618763157539
4923,0
44882,0.0355386478840996
16948,NA
2099,NA
61050,0.00174484183390703
45926,0.132625680782287
2785,1
2754,1.02648076690017e-05
55220,0.027877185892844
5023,2.91081409022644e-05
1679,NA
69992,0
44852,0.247295134360206
66745,0.0028397845391389
33857,0.00413212929145045
2464,NA
51875,0.0168281968390248
2768,NA
46376,0.0773352880167617
70000,NA
19996,3.52491255590381e-11
64470,0.0503519005781787
38486,0.460960390830828
55113,5.99121222732951e-06
49293,0.0097966827418753
40610,0.775392959882905
55806,0.00202001393312316
1738,NA
66838,2.80446048265178e-05
438,NA
66214,0.00115804777738962
18230,1.66345494542864e-06
45903,0.10912269487225
16125,0.0176936613153044
4886,NA
46672,0.132210108953468
5602,1
70018,5.59393484745801e-05
48371,0.0242500927643454
35691,0.00234957917342902
3625,9.27534831825923e-06
51679,3.30438164203258e-05
22027,6.68185489139769e-07
9230,3.54337059971388e-05
51609,0.00526301664227609
59472,2.24699252128182e-05
5500,5.12065759937286e-05
4288,0
7877,3.02474628833518e-06
54943,9.80378126879721e-06
1858,0
12954,0.000594621035138397
51516,0.00543730493382767
7541,5.06154345118773e-06
10123,0.000439735570553484
36719,0.18915509004642
1931,NA
26893,0.00656215334946756
1517,NA
40120,0.0014165787577248
3335,5.95806825457669e-06
49679,0.0574251318703661
9829,9.97086018992846e-06
6210,7.7264850769259e-05
31201,0.00137781201009791
21891,0.0369151032748801
70047,NA
55053,5.3128189836039e-05
37555,0.00616804483556486
59658,0.000346892905443957
70051,NA
70052,NA
4841,0
21571,1.42736736107345e-05
53855,0.000116735210559017
1501,NA
32601,0.563830648280792
6125,0
35726,0.638095291532336
70060,0
45930,0.0207756526149482
56399,0.00167603372847444
3592,4.47129739980191e-06
771,NA
66532,4.27519850702721e-06
57193,5.55954949901358e-05
9533,0.000238644086072202
1344,NA
12447,0.000352230222794936
70070,NA
5598,0.000341428740790794
56387,0.180809112030184
25096,0.0082938690368164
66884,6.88480668376638e-06
43055,0.0207309087004994
3203,NA
5360,0.000330704732628823
70078,0
70079,NA
27508,2.50115283678703e-06
19878,1.32292372917417e-05
58762,9.32054814050931e-05
3945,0
24338,1.19278724116485e-05
1090,NA
172,NA
51305,0.000219059764629628
21761,0.00286336390437391
61880,0.0027167959550709
70090,0
46533,0.277536185250303
16067,0
53998,0.03062317508687
7096,0
24653,0.00785248740310938
53304,0.000524668957724748
27937,0.0037885834695342
35052,0.0175805000551399
1680,NA
59090,0.00886703822963392
36489,0.00317459338863928
15085,5.49289581113507e-05
55467,1.73119789090756e-05
3021,NA
59259,0.000443259364193597
45887,0.0975240333830392
4801,2.59343170809564e-06
70108,0
17058,0
26656,0.0258988529902212
60582,0.000899763946697384
70112,NA
4354,3.13380691251831e-06
39109,0.228605526096327
33658,0.0698917469235529
37539,0.15527783848198
42158,0.116775983946508
70118,NA
6023,4.37391565943809e-05
37176,0.00242901477452704
54193,0.00107035379849749
61692,0.0002179962993351
54617,0.00630524185975861
70124,NA
70125,0
10694,0.000241634981344577
5279,NA
51810,0.0395682608420731
22028,3.23462552047178e-06
3623,6.60870677396964e-06
70131,NA
37141,0.000970684997793947
34933,0.0329818204576218
4834,7.44076093202293e-06
26202,4.76739609925514e-06
9407,0
53309,0.0345408748978143
16418,2.7925620238747e-06
70139,NA
16629,0.0113804908004252
28439,0.0801979471764088
38401,0.00280179984514921
4980,NA
1507,NA
7089,0
30763,0.235460830389503
1865,NA
10134,5.79832974639757e-05
24942,0.0296199234690731
37557,0.246206758933892
70151,0
6235,6.51392951712886e-06
2755,1.12463861140201e-05
31235,0.0100851087239944
13495,3.53564972306975e-06
44589,0.0103052868636233
25359,2.27005564666057e-07
70158,NA
70159,NA
24483,3.59837993040502e-06
5229,0
42604,0.336072879508946
29584,5.99090320167161e-05
27382,0.000313255540970402
5804,0.000227621071693755
26769,0.00700568998019704
41415,0.0810461391140483
66081,0.0383697716781245
3886,1.18888431778565e-07
56395,0.350254951974545
30566,0.00360517661981451
56589,0.0081280355410538
39444,0.0295506901182192
3204,NA
11833,0.000225120982650998
47925,0.0579261052755135
6541,0
62700,0.000937706991038797
44329,0.00536280044465288
43441,0.665150987292248
70181,NA
968,NA
61224,0.0343240527383939
35611,0.0245272568813974
59104,8.07994345788502e-05
32986,0.240744291984291
51518,0.0062081798122697
41998,0.021765708297217
66405,4.98009298724194e-05
10136,1.60770575701506e-05
35046,0.424164581361739
6524,3.07786244305743e-06
70193,1.0351192864094e-06
32968,0.454579168220556
66888,0.000274654681959237
3210,7.54438289166911e-05
55252,7.46205510640557e-06
41175,0.0341140701870357
35253,0.0211919941560843
65874,0.00197134529757613
49148,0.171301133268023
61892,0.000962021593168725
8963,0.000290698449742353
35789,0.658934139051459
37544,0.0544481288836243
21893,0.0339496042896987
57984,0.0227880625243042
2466,NA
47975,0.00212318043922319
5608,7.68653994114901e-12
66042,1
7230,0.000141175149671202
29184,0.000757091096578654
66221,0.0223411045170739
2226,NA
42885,0.550778231491648
44428,0.0539354612268265
70218,NA
27814,0.01367279053574
2098,NA
46139,0.00580767887398755
56952,0.00675469392916097
57374,8.88322732353908e-05
70224,0
34585,0.402156796418377
28585,0.0235971980339212
30963,0.00783133715576257
70228,NA
2739,9.83915779828891e-06
61239,0.00775120737890945
57538,0.0466043714276109
21322,0.0496810551817969
50666,0.426568784944068
37145,0.00973461722529918
1263,NA
39241,0.120948117134411
59858,0.000945422255399582
2767,NA
33902,0.129959480245445
16399,7.45350429256554e-07
31758,0.00595724000598739
38193,0.0495510071119546
1737,NA
9412,0
5566,1
63983,0.110494874602709
3028,NA
55432,0.0198142031881372
70249,NA
65502,0.0445671289736339
46677,0.0941025883596795
18381,0.00256701481154829
70253,NA
54955,0.00020148200466745
70255,NA
11763,0
36595,0.171981394912147
13839,0.000597235476701329
70259,1
1335,NA
46176,0.00435263723249301
24783,3.03662673202693e-05
70263,0.0257046579526497
55278,0.0080422864597137
36715,0.049744470629648
1106,NA
57682,0.00665362650597544
38296,0.698372337604624
70269,NA
70270,8.26410560893517e-06
23110,0.00241782658268213
55020,0.000115213906676428
11595,3.27629177074212e-07
43612,0.299844132947744
65622,0.0708839808068299
1500,NA
38481,0.0489716709531945
59445,0.00210318600441536
7760,NA
9807,2.56590967375389e-06
66809,3.00841517739664e-05
2047,1.75541629142008e-06
70283,NA
112,NA
33412,0.545749899917621
15422,1.34494348685195e-05
8845,0
1740,NA
42458,0.169186278440899
70290,0.0385808413130223
33179,0.80197404842408
66086,0.0247185582775463
70293,NA
30966,0.885081001211785
241,NA
61941,0.0252570029677234
37050,0.211810559816764
47479,0.844579725894638
70299,NA
623,NA
43061,0.251979128384306
39446,0.00184588840166391
45430,0.00739162017623079
35597,0.016281992416784
53197,0.000133082985462844
35049,0.239948339875718
70307,NA
34698,1
70309,0
37635,0.0280959042728271
70311,NA
70312,0
49506,0.118704368578404
36689,0.68824092737199
47085,0.000384256241240034
19211,0.027757469682402
63856,0.0627653992289894
45580,0.746030157979146
66761,0.000221601832584495
61796,0.0427658541150464
22475,2.24584161097407e-05
41550,0.190756742476655
62180,0.0010020260201549
60941,0.0984680524211175
18358,0
15054,0
58285,0.0129615049166253
40485,0.0115133723255212
8401,5.66728844143429e-06
70330,NA
10692,0.000132109000196201
753,NA
21577,7.91420500359925e-07
66028,0.16249296847822
18220,2.19855938674654e-05
59994,7.03864761688718e-05
7086,0
12423,0.000722912186917939
48200,0.507797979974013
46104,1
3417,NA
31908,0.030530792135395
2912,NA
66720,NA
38293,0.165132144643237
59483,0.000557617113538274
26214,1.12674125192472e-05
57361,4.83371558144881e-05
46850,0.239337457311449
18744,2.97060566403083e-09
57518,0.0134531648858603
65419,0.0105350242078966
58176,0.00199684375385069
30791,0.139831926615526
39266,1
22048,2.62393786340264e-05
57191,1.95177910598676e-07
66051,0.027818717050605
33887,0.262208945275295
57463,0.000109853900284678
50414,1
54900,0.000594244078983812
50037,0.18039096910535
6434,2.100234417189e-06
37638,0.505887653251593
49914,0.00265342514622297
2473,NA
29797,0.19927076371774
40579,0.873013073603826
5756,NA
2105,NA
70372,7.57118004473748e-07
6591,0
56010,0.0200225114499402
45128,0.114842247128943
70376,8.63803357360216e-06
60228,0.854490862744828
8255,0
29249,0.494745033118595
18250,0.000319473591897812
70381,NA
34029,0.156253104599649
43053,0.355713052214167
12902,0
2774,0
49083,0.000878905438737794
23921,0.00960311799516109
15461,NA
44855,0.130935939754656
21752,0.00235481940324318
70391,NA
22152,3.77196034436385e-06
16627,0.015813942075299
19583,6.27976325144176e-08
7283,8.15590691074457e-07
2453,NA
55623,0.00287217009165838
30187,0.00848730287357805
45896,0.0344152874636937
70400,NA
70401,NA
36186,0.0137599972601693
66787,0.000268691676780156
26229,0.015282434527616
2069,NA
6592,0
47999,0.0988982443969245
56202,0.00291815158418446
7152,1
20732,9.31620679649946e-06
61885,0.0205591551596977
70412,NA
51882,0.723690170658868
1937,NA
6027,1
42909,0.152378719871738
70417,0
58442,0
4289,0
44434,0.0206585976784288
44755,0.00173909530126999
45167,0.0466671645261544
45643,0.189127640838101
7284,5.93499234149509e-07
70425,3.70886441417975e-06
19612,3.65210951290803e-06
6775,5.3946664616506e-05
48174,0.0308346083082671
32609,0.213122822910436
8909,0.000637333703478744
5658,0
760,NA
62171,0.0680848554941759
19160,3.78388356261469e-09
3877,1.17273297682459e-05
11180,0
65656,0.00793147479407887
4190,5.55063934899108e-06
38094,0.000942885895766494
45934,0.0160591236112558
55442,1.48020539208985e-05
66816,0.00403045339058299
48945,0.0152277678087809
24781,0.000234765106218072
4846,0
32225,0.0425689314744092
59810,0.000411589363578194
70448,NA
2918,NA
455,NA
35014,0.0110929521598568
70452,0
4884,NA
46664,0.0398831078985875
37458,0.00672510646779008
19058,2.1287809646152e-05
34701,0.362935993211905
70458,NA
6696,NA
1686,NA
41084,0.00187542342727639
99,NA
70463,NA
70464,NA
70465,NA
70466,NA
5606,0
20031,7.21432843515131e-05
39259,1
3124,NA
29180,0.00230183778059102
55250,0.00282796025055554
16419,4.40723797308938e-06
1142,NA
22049,1.7138670481956e-05
33350,0.198338278933457
47110,0.0478450440090624
65687,0.00910675367618705
14337,2.69176216929219e-05
54791,0.0609216840601889
11753,0
57355,0.00426377318871257
15580,0
66479,2.33706940752414e-05
34006,0.0524369072776412
28462,0.047205763399512
70487,0.0102536174393415
70488,NA
31157,0.0310902842759475
66070,0.0100143988346383
4548,0
29613,0
4839,0
8968,4.79065770559969e-05
60210,0.00429670694458934
47770,0.00155692013962224
43226,0.00360220777865116
1735,NA
30379,5.82497498913113e-06
31399,0.000238031427257888
66353,0.000697741484499668
233,NA
70503,NA
5564,1
26213,0.00037411149668085
56770,0.113916433401557
3056,NA
22486,1.04084235182332e-05
45790,0.0131481389230623
46646,0.0339426102472015
36685,0.628633830142321
32386,0.0505106311296982
6016,1
70514,NA
14565,0.00133528109432587
16590,0
57160,0.0207277285419576
61879,0.00431609862199684
52789,6.20823492627401e-05
64105,0.492335832748468
4992,3.41512660452948e-06
15,NA
3414,NA
16932,1.36064908190897e-06
5358,2.07066661706565e-05
70526,NA
3943,0
8400,2.35810694488829e-05
52303,0.0102647212231608
21163,6.74689692944345e-06
6228,0.00028086311893665
16588,0.00021033064432507
6118,0
1069,NA
58304,3.48785650885955e-05
62434,0.0237421518522845
19893,1.04156187409697e-05
5181,9.20925929360526e-06
35713,0.140708975049856
64321,0.114023714640236
4502,4.60933023167639e-06
13992,0
53932,0.00095895871440975
47781,0.0337279368153481
431,NA
7758,NA
43901,0.125868830872261
4080,4.70139630097598e-06
55815,0.0936652788606641
56989,0.000848619331502705
49081,0.00622027099330161
12890,0
1108,NA
5753,NA
9537,4.17145674295158e-05
24928,0.000228652045668159
70557,0
66879,5.24305266434413e-05
34713,0.595706876226353
53632,0.0107250263951707
32322,0.72995205515544
1151,NA
58754,0.000420846214125552
24926,9.05078654377671e-06
6694,NA
70566,NA
2352,0
70568,NA
49910,0.682146781489481
51974,0.0657296402973773
2267,NA
70572,NA
4832,1
55251,7.86449688670834e-06
166,NA
4263,0
70577,0
44310,0.0902175866646147
55851,4.61258969933938e-05
46178,0.00278229341161312
25785,9.76227626264416e-05
3035,NA
16898,1.23321839509837e-05
62525,0.00237110980024474
12424,0.0161633961798699
4985,NA
18652,5.26329978753987e-06
70588,NA
66227,0.181219620886453
46657,0.00139871018397497
70591,0.000921943658194189
66258,0.0128452943304406
30372,0.000586655225658515
66029,0.0695718433081015
4384,0.000842387366411719
625,NA
3647,0
43005,0.989710174038451
8338,5.30255048260376e-05
15905,4.1365767612485e-06
21769,0.00485112268769969
53028,8.905749931688e-05
591,NA
58131,0.00806583826609285
43725,0.0683457577695419
21149,3.10122677110469e-06
11182,0
3415,NA
5129,1.27446562132439e-05
48194,0.00222451811932604
70611,NA
8862,0
66581,4.59698080699514e-06
3191,1.34373778034246e-05
9358,0
70616,0.000715040824701623
50083,0.0340034607183502
41698,0.017545984504796
21444,0.0302430617742295
44594,0.0611149744609679
31140,0.00339448528502993
5182,0
70623,NA
70624,NA
38077,0.0068373675169191
48510,0.0175446750468274
6123,0
57987,2.53450015212325e-07
16396,2.29744409910326e-07
30053,0.00287163414341265
51434,0.00570268290410235
4595,NA
34430,0.194043018333088
20030,0.000154077209144416
6432,1.88190944216903e-05
2307,NA
66575,0.000543336984069718
17529,0.184442004946116
5351,3.04561443323242e-05
20046,0.0275214134824516
27935,1.70979350369353e-05
2471,6.19349239876492e-06
46626,0.00506439342164009
62125,0.00444838489751376
26204,1.45574215884911e-05
5754,NA
4925,NA
66311,0.000108392201421537
56779,0.00423966527730704
14339,1.55442838485163e-05
3326,NA
66808,0.00054139252654518
32262,0.151585271443302
70654,NA
60783,0.00946058025418348
2103,NA
28872,0.0441851475367268
6773,1.86213589498899e-05
36577,0.00349965372063301
67,NA
32107,0.0430449842736182
30160,0.557801856799434
8297,0
48953,0.0160621521025744
2772,NA
19625,0.00682739870605697
70667,NA
70668,0.000244144781504182
7156,0
57991,2.33294415012043e-06
1742,NA
65992,0.00613485215349593
50259,0.00136810876989455
2451,NA
56573,0.0289643235368209
43477,0.00104086415174145
38303,0.00551842472956963
70678,NA
61987,0.0569865802600072
51246,0.156475202322111
50476,0.0182564054240251
643,NA
4890,0
64932,0.000217502047273701
32126,0.14001434785395
51674,0.0445117390974255
70687,NA
36364,0.388472320956096
20044,0.0145618338199459
43044,0.901100806941243
70691,1.69791674066655e-07
54227,0.0320124752845116
60588,0.197976822715143
20869,1.6018935666769e-06
21162,1.78997423316627e-07
12917,NA
16587,0
3690,6.9585766732373e-06
42029,0.335229022437452
70700,NA
10051,NA
36726,0.332720334154109
27918,0.00164976333175046
5699,0
60040,0.00776499606224728
41693,0.0128815465360575
8295,0
9837,2.61541045140222e-05
70709,NA
54481,0.000143089929554419
21751,0.00342577082143504
55070,3.52285134305911e-05
610,NA
66036,0.0413925651666189
22955,0.00620545409862459
1505,NA
70717,NA
3596,6.14043088015035e-06
65069,9.17971771645855e-05
56227,6.49940540580308e-06
66327,0.000869638047692917
339,NA
18374,0.000470124121502719
22498,4.70009813279338e-06
6022,6.88517124695806e-05
4793,8.00934789551623e-06
2594,0
928,NA
57168,0.0489346440045261
28871,0.864498616002655
54430,0.00019278177161993
66603,0.000708474680178815
3942,NA
46321,0.139980758796749
33,NA
52594,0.00891127300986021
30558,0.00406007377194386
2256,7.10394376233791e-06
57524,0.0591257101452832
6779,3.66453467721545e-05
50490,0.000481860207523991
32114,0.000400784064004645
28466,0.0939409568003747
43451,0.0074495706368241
55003,0.0343022090475858
33889,0.845266182445512
10124,0.000358404200038519
9405,0
70749,NA
49509,0.110920011375047
11185,0
70752,NA
51984,0.00185658546334056
7100,0
55045,0.00212303471015763
7757,NA
70757,0
11604,1.15903475982923e-05
40824,0.00619746048859741
357,NA
70761,NA
40118,1
18659,5.09575255823858e-06
56230,2.1562547354347e-05
57844,1.24449687345453e-05
51247,0.0085516662728947
70767,NA
70768,NA
50467,0.028996833562804
66871,0.00315585488554286
52,NA
23933,0.198459452808891
70773,NA
25102,0.00739540394842707
7087,0
65307,0.00405501105823746
54643,5.79609963072765e-05
49276,0.102657029192278
66717,0.00114868212737124
456,NA
46680,0.0275819756397292
42588,0.0445040345353448
30199,0.00209701501038605
3319,1.9207855990916e-07
62658,0.00263577514351174
53114,0.00151605307390952
66701,5.4346488618855e-07
6700,0
3627,1.4868789967976e-05
7713,0
61180,0.00203458925649535
4596,0
59032,0.00698033311242186
17934,6.82142748436145e-07
26765,0.054459483423192
7711,NA
41205,0.119002878824058
61426,0.000235484205142075
100,NA
63822,1
52308,0.0129612332600724
70802,NA
70803,1
1511,NA
16633,0.14953849208831
70806,NA
41995,0.0416163244916032
66791,7.39508984849446e-06
66622,0.00321637217432374
27928,0.000670628474332292
9816,6.84709695469861e-06
50470,0.267465723235543
36919,0.205999990406074
47786,0.00759260912408344
60877,3.66183321334438e-05
21303,3.23292616192116e-09
50479,0.101379631662705
70818,0.0172201783820201
3594,9.69745497195438e-07
70820,NA
52061,0.000340980106919308
18251,1.98417963884127e-05
48147,0.214592335279464
7818,5.70504311576839e-05
46073,0.0169906230172067
234,NA
35930,0.104921702371262
48904,0.545608558891821
48132,0.520810032060535
53679,0.000111248031639106
70831,NA
45154,0.336461118759152
70833,NA
16594,NA
53313,0.00201003328098995
23130,0.0338804464324783
14588,0.0101581540586991
42011,0.308810467584834
65172,0.0667746186960795
16,NA
53491,0.028002827758642
31131,0.0171773220061921
70843,NA
34571,0.135562274502897
30782,0.0583242990092457
36699,1
3929,NA
6122,0
52464,0.0833383065030194
3691,NA
42031,0.0375310932281337
34913,0.000507030767849648
70853,NA
12952,NA
15048,0
6120,0
70857,NA
34039,0.00389400508421502
49151,0.00231027467168732
10618,3.54435909535296e-12
32804,1
2470,7.2941035191505e-06
11306,0.000265200137544948
1932,NA
17826,NA
49292,0.345170411758828
46877,0.0543068105077616
2102,NA
54851,2.51186002051747e-05
34986,0.00468806202446029
45082,0.0335215661881885
10050,NA
36720,0.0218479300265587
14535,0
54604,0.0008025929801774
56194,0.110739921365763
6771,3.80234701121615e-06
26231,0.0104315827408229
24204,0.0404028869505052
32338,0.241139107176022
28,NA
32116,0.000462035361228106
2771,NA
1265,NA
1930,NA
1741,NA
10019,0
2450,NA
70889,8.78220745418875e-06
51065,0.0196014438891879
13467,0
1467,NA
21588,1.97867098081915e-05
64015,0.0232714425582826
32410,0.538350543148473
70896,1.8478028366048e-06
16911,0.00204490520373776
3030,NA
4075,5.6568570400814e-06
49859,0.00256523739283291
17792,2.50460110264257e-06
70902,NA
27510,5.91034592169586e-05
61751,0.621170836169906
57292,0.000816053773537833
70906,NA
50250,0.086441087419958
50488,0.000336808792604011
6981,5.27102166279504e-05
56963,0.0285879918313003
40619,0.337593708056303
41991,0.0730687555671173
37094,0.755030674847176
12904,0
38300,0.103289418989477
23131,0.0950315230482299
1681,NA
49310,0.0396915003063201
35707,0.525317344171361
1892,NA
54839,2.85177513982587e-05
56205,1.56371237648966e-06
55041,0.00397454492179403
4386,6.9403850534755e-06
32860,0.0326813790930816
53859,0.0213725002632161
10061,0.00129077181659552
61616,0.0103085691115971
45321,0.395526770994995
21749,0.000637170067345528
11603,5.19446448232726e-06
1504,NA
7764,NA
48377,0.0161495889790618
752,NA
21573,1.94655292814871e-06
24785,2.48277994091689e-05
49640,0.0487151922553537
17974,0.0242697315300204
37942,0.0250192485847807
70941,0.00437996891351634
297,NA
70943,NA
31196,0.0255780482711896
35698,0.466235664519875
6517,0.000165445946277356
49124,0.11798921051317
34903,0.770574751600037
70949,NA
48720,0.015057396655267
70951,0.00291936543280481
53646,0.00310721669021959
6468,7.27135515203158e-07
20038,0.00609229461103499
36075,0.0536939419511384
70956,NA
60693,0.00582686732033582
2302,NA
54397,0.0153343299700514
54050,0.00117213484555267
47904,0.0639637280739306
52641,9.7279338440443e-05
28839,0.701985415680291
31012,0.00036987383982874
8659,7.38082650165219e-06
33676,0.920443802435105
19056,6.37878467983645e-05
66121,0.00231949763135787
70969,NA
70970,NA
5353,3.53582570614355e-05
4209,0
70973,NA
32964,0.257553105113786
36493,0.00257596189216663
66403,0.00709530647646209
66759,0.000171871406315048
2759,0
1307,NA
17977,0.000499984868377703
29214,0.0367582014659297
42165,0.0905457099403021
40490,0.0467761831511798
16597,0.0287700959289242
18654,4.39900942126265e-07
49877,0.0265754394456126
8335,0.000648754877150498
48961,0.00180023325807084
17794,9.64568204380239e-07
63620,0.000254567455490521
70991,0
33198,0
3421,NA
46107,0.000233635818457251
70995,NA
1091,NA
227,NA
56971,0.00516100203222202
14587,0.00183228142864693
71000,NA
71001,1.09274208563787e-05
5607,0
62614,0.0169240319511161
16949,NA
21437,0.0398870558202361
71006,NA
51792,0.00494484371957876
29457,3.01574088343712e-06
8253,3.29245981167718e-12
47083,0.434669773589591
66461,0.000331477822517223
9,NA
53485,0.0163925834036888
59291,1.89519075400855e-05
71015,NA
71016,0.000126632061008897
52324,0.00317936186231566
71018,NA
71019,NA
51077,3.99893543168204e-05
10627,NA
20868,2.27176445558528e-09
66078,0.0837536878108939
33901,0.0924863971589689
36563,0.183629377145864
2758,2.55813696644684e-06
52458,0.00646606295466411
48758,0.0371355757846181
51067,0.410413164188028
1860,0
61311,1
31695,0.00135739254214562
42475,0.124179859272456
6438,4.19729118945176e-05
18231,1.17933688870715e-06
58144,3.67051310045304e-05
5346,2.05594700962999e-05
61309,0.00596969186383839
47767,0.0106372122745534
2477,2.42521111328068e-06
7664,0
5565,2.42018648788537e-05
5758,0
20099,0.0444373865919545
21326,0.00765401266052859
35728,0.270256679274095
51627,0.0854757614279472
8840,1
1724,NA
40652,0.864907180624426
12172,1.06442633825713e-05
35727,0.437754772779751
61890,0.204290198178194
32835,0.128999145992453
49294,0.00239473336576363
62788,0.386539224500776
3642,0
44472,0.200024365269444
6759,1.23133267444816e-05
71060,NA
12535,0.00018650306111252
46921,0.00394211479844338
15451,1.00321659798571e-05
6055,0
54427,5.11529016835634e-05
30162,0.00131583967620555
22651,4.14744039059361e-07
45160,0.26612292275144
12950,NA
59627,0.000676275447138279
2457,NA
55016,0.0108987376246164
55630,6.21137465404773e-05
35098,0.173122819194551
36902,0.0673087193879978
43449,0.0056311808658455
9404,0
53306,0.0124347295825486
64548,0.792468548182163
62710,0.00035546338809621
359,NA
7759,NA
51863,0.000133177840491821
44289,0.0466636140374281
55002,0.0412006718823511
32989,0.0498756386952565
65579,0.00417052942511755
62565,0.0001359713538813
3025,NA
2227,0
5550,4.01934222969484e-05
12403,0.000587015450563933
49085,0.678502907293979
71094,NA
7153,0
14533,0
65193,0.000119222528682177
55162,1.34857438316189e-05
35697,0.476447792949785
56425,0.714330710755704
4874,0
5168,1.87907093460992e-05
12887,0
71104,NA
71105,0
19491,5.1522111036645e-05
66890,0.000418731595545153
50465,0.000863687738379555
40036,0.00423036880799274
71110,1.50301976607858e-05
4373,6.84715832186155e-06
71112,NA
37463,0.00232817966617219
21762,0.00568204229493132
57347,0.0410898662622063
71116,0.00125290751143751
71117,NA
38248,0.0205032341758336
6148,NA
40798,0.699615951009368
54830,0.00215169203564134
71122,NA
28221,5.4343269950757e-05
45134,0.0169945938720312
32059,0.00250932364609196
65592,0.00553857899626378
40479,0.0425609333987277
16638,0.0445303554947562
2062,NA
7698,0
71131,NA
28426,0.0778129771777474
38920,0.075393371130411
19994,0
45121,0.0745513084458839
71136,1
59842,0.000260184550955932
35949,0.838932408544226
2554,NA
42131,0.000419983707944013
56003,0.102899709966249
56591,0.00637905116351272
21328,0.00539440640304971
66825,3.02728391980884e-05
37674,0.111805204214914
2257,1.54919474003655e-05
71147,NA
47784,0.00461501534827436
3219,NA
46380,0.226689441906391
15904,5.33763081702174e-06
49503,0.0300261808599599
8455,0.000631295079318974
34710,0.12413717069049
53311,0.0108418546319979
366,NA
41100,0.0828702824197209
7648,0
18243,1.67839949851647e-06
43754,1
5640,0
33017,0.0359629663146407
1929,NA
11606,1.13084282721417e-05
71165,NA
57182,0.0487100410149579
6641,0
25196,0.000481566081531977
62795,0.00015939107886776
30793,0.00858314630027111
35953,0.119117014811595
2555,NA
7093,0
59996,0.000494587216490153
5979,6.24537958559284e-06
6239,4.14409995834386e-06
32109,0
54316,0.00169790902410052
71179,6.09945584812648e-08
7151,0
3220,NA
49485,0.00104924292455568
10622,0
12161,0.000136221987964607
49150,0.857767619963005
2472,1.6261177085263e-06
56385,0.127265405107411
71188,0
35348,0.0102548250421684
23406,0.000111921155125555
36701,0.831475216755855
37850,0.14834349678074
14364,1.22918068020871e-05
1891,NA
43445,0.02712621385606
36079,0.644196249780039
71197,NA
2104,NA
43861,0.195919395811063
17936,1.82104589631888e-08
71201,NA
71202,NA
14053,0.00355140529541732
71204,0
50411,1
27492,0.00538944234106502
44429,0.12424586566226
32283,0.00161807213480272
7142,0
36718,0.446340672077964
5034,0.000352856833891159
57155,0.00016638550402391
44856,0.00374184033314073
31897,0.0610950745686407
16935,0.000832974000385557
1266,NA
6760,2.5046246180626e-06
40119,0.0030691671927566
2773,NA
43013,0.0832509673734678
71221,0.00185551911295665
49333,0.00205191915828417
55465,0.000493376007038735
4505,1
45428,0.00410713939346784
71226,NA
21305,8.66277128215749e-09
45886,0.448933099425428
2452,NA
56807,0.886212159890072
71231,NA
46682,0.0647139193859571
63049,0.0245617146557074
60227,0.000829321467133389
6741,8.1767695370852e-05
432,NA
18218,5.62772953547629e-07
37637,0.284298990080435
57203,9.83904602660824e-06
46645,0.00379782119910602
56982,0.0359875563147475
58133,2.56599549689671e-05
71243,0
33182,0.60943949523346
24492,0.00814757652879176
3935,NA
54602,0.00491425614652155
4381,3.52934575779691e-06
3697,NA
37140,0.00226040009926289
30047,0.0253768026465466
71252,NA
3775,0
30925,0.0066110929219598
62305,0.0206724616858478
56758,0.00105793889043122
4497,6.09948634793084e-06
754,NA
1506,NA
7088,0
31754,0.00569877340529517
40177,0.752060802708117
31174,0.00712369255936112
18382,0.0449097127785904
44320,0.0162739197391375
51242,0.0640166497179811
2289,0
53849,0.00026782486038801
71269,0
61943,0.00384107094946387
43752,0.128485838373806
17828,NA
43900,0.161519580416026
45914,0.045096615685028
46793,0.0735373880155713
19898,0
11241,0.000235390464443438
71278,NA
12163,2.09832726424883e-06
71280,0
42129,0.104955414365663
54419,0.0648871888014858
45156,0.0301447452880341
56419,2.53906910239833e-05
30940,0.00152812319489529
34046,0.0016912302138787
52539,3.71171837082134e-05
71288,0.0014829226371487
14541,0
51116,0.0226778779706634
56198,0.123100013418931
21150,7.37526432079038e-05
6113,0
48115,1
5348,0.0304228074183078
2263,8.73793176031532e-06
34440,0.0119757053829754
4584,0
5203,0
71300,NA
2341,NA
54994,0.0318818278628782
32287,0.0497032107882572
36509,0.00133834553300586
5549,3.61169002882741e-05
3865,2.14565440618302e-05
50324,0.000268201273413389
44604,0.0322308386829892
1308,NA
29863,2.51829545748346e-05
4792,1.7064491075509e-05
65872,0.147640704129324
49147,0
66399,1.74557758483802e-05
33195,0.022299827697203
35735,0.0219796487908901
14546,NA
2747,2.93586282705236e-06
71319,NA
71320,NA
71321,NA
4290,0
34342,0.0262590839749983
71324,0
6203,0.000194508192152953
16402,6.80791017426485e-06
3234,0
71328,NA
29055,7.97119663264519e-06
18227,0.000178022382122845
34038,0.0112195953817501
34849,0.90673454822308
7285,0
35925,0.315407449799285
26211,3.49371379804574e-06
3798,2.95401570016215e-06
56762,0.0317273101001673
71338,NA
62790,0.0255875374199005
71340,0
71341,0
57532,6.24724300113241e-05
28208,0.211495810999181
38411,0.00117854811946561
6739,0.000170310031735655
53452,0.0074985514998466
24345,4.92747346550691e-08
32577,0.0141581884862339
57694,1.06704341739841e-05
19630,0.00297279054733387
35252,0.0233155781644828
33975,0.0266006555836274
65496,0.642773347663337
3205,4.54661456598151e-06
24937,0.0103980809023924
6640,0
4379,9.16448248978959e-06
40621,0.350288470534189
8454,5.43147251894755e-05
42907,1
38295,0.619908070900835
47974,0.000394516071764327
10078,0.000290188380362338
645,NA
7647,0
71366,0
66886,0.000106845680075461
71368,6.64321757034941e-07
5369,6.62658076919619e-06
2090,NA
2282,NA
56950,0.0574886238089425
43056,0.0604637764841206
63046,0.000945857381117083
31021,9.71593032212682e-05
46658,0.0255727374330888
16470,NA
26216,0.000263452932252826
52215,2.43941982477525e-05
48841,0.0491455393250439
71381,NA
39984,0.283330323914526
3629,0
71384,NA
49708,0.599943527972846
50659,0.254732377358677
24031,5.90764648198244e-05
44286,0.00203722586546988
66506,6.24130212341247e-06
3866,3.80793746271487e-05
3316,0
47580,0.295056190776405
71393,0.000858594950913639
71394,NA
612,NA
71396,5.30988097943944e-05
6107,NA
11237,NA
45577,0.0589127156603565
71400,NA
38501,0.658790498028115
29454,3.41180494656669e-05
50099,0.147169406112622
71404,0
20897,0.0316797578844487
6598,0
1331,NA
26087,2.92405220460732e-05
62881,0.0229866880615131
2753,3.25640898789587e-06
55746,0.346797739139877
37049,0.526198628247161
71413,0
29174,0.000290627299300559
2260,1.41561415847381e-05
71416,0.0158836688518828
34697,1
7289,2.56277609059554e-06
26515,0.000132304148806957
29215,0.0312688234740238
37097,0.832746023964189
37461,0.00423569215717386
29702,0.0515776313837196
32289,0.261773942421501
41256,0.170973813148498
36260,0.00471614403182717
6965,8.15381553337959e-05
47593,0.00442018658507551
28224,0.00230108541680175
59673,0.299111542126057
2924,2.3513291096864e-06
18356,4.20395609168609e-13
71433,0
35067,0.320999775448278
47335,0.056089366575968
3989,NA
55273,9.55471093899856e-05
40117,0.0130938685713122
71439,NA
71440,NA
9805,9.59773927406153e-07
26424,0.0852998513197581
1732,NA
42457,0.341589846121978
8841,0
22965,1.93870105291954e-09
9440,0
34044,0.0824630063707136
50675,0.028009015062948
51678,9.51096573295269e-05
28425,0.0615595115192953
6205,0.00793942923364752
34344,0.0575846202002925
1857,0
71455,NA
3416,NA
18376,0.00984781946923535
3774,0
63776,0.314812847217661
11205,0
2292,NA
3223,NA
36043,0.757864174001191
40484,0.000294793668527508
3334,1.78693237836823e-06
54426,0.000245317583086266
47478,0.823885482122506
43060,0.00692652026094067
22673,0.00150770338858935
54034,0.0213985494082507
10053,NA
37862,0.00235779419500074
17940,5.21989017422838e-06
102,NA
5644,NA
65022,0.855418699712662
71477,NA
71478,NA
39834,0.0068781717668831
41999,0.504917819451413
49712,0.0425270170048325
25950,0.0130979440572022
4185,4.78866388845883e-08
71484,NA
1303,NA
18367,7.50679147969594e-10
2595,NA
35788,0.39684616581369
36504,0.00143284210588602
6433,3.09845973716807e-05
27917,0.00101382885600419
42459,0.0102079204702654
71493,NA
32967,0.124742385663553
9824,2.28311755618983e-05
36688,0.765857801448495
33335,0
34847,0.00811763628667671
44563,0.146021899376524
4503,1.59488256161402e-06
5556,3.76039085107373e-05
5755,NA
31165,0.124267722268386
71504,NA
1466,NA
37540,0.000249101674829464
50493,0.000361861476942423
1895,NA
236,NA
71510,NA
66718,9.26351507844126e-05
21595,1.80285571551645e-05
17536,0.00198728570213446
27500,0.000568769708128432
18248,1.0506071074595e-05
54413,0.000836474009073246
32111,0.0116478209430138
45153,0.0895976606082144
71519,NA
18,NA
16942,5.32699066058501e-05
2091,NA
66424,0.000960415843604063
30790,0.0854285869532641
16567,1.01532299804568e-05
39240,0.0346568287412038
63135,0.000223841268453347
5015,5.67461975204361e-06
71529,0.000810548372572379
30378,0.000996420387492168
3233,0
37333,0.525070192792511
6124,0
16093,NA
71535,NA
71536,NA
43446,0.0105162584441217
5176,5.67596285598462e-06
58287,0.0139198853442151
71540,0.00149486812825149
434,NA
71542,NA
1936,NA
29275,0.205144619269574
28844,0.659177900559551
18378,0.000522299770210336
49490,0.0805988158125874
292,NA
71549,1.10797980169594e-06
65413,0.00343560264726331
24505,0.126952772005304
60703,0.00948863475208252
16464,1.12496802504269e-05
6774,1.10515845206415e-05
42721,0.147491114157771
7654,0
45136,0.0266342894845733
955,NA
20310,4.90473549168659e-06
66767,5.95656580665744e-05
54302,0.000513020056500181
65850,0.0737746803631654
12957,0.00150128716996967
57691,2.19862716253802e-05
66490,0.000541691001661624
55231,0.0376453338456497
54803,0.0120948838436862
49670,0.460648113542659
58136,5.98292460888436e-06
71570,0
19487,2.90720047815357e-07
39572,0.00214706834383152
61808,0.000319803499278096
7176,0
19617,4.65099245906984e-05
50862,0.550203579944637
11885,0.0309471844712234
29802,0.111611333100095
71579,NA
66474,0.135763102224579
32224,0.0238532415249269
19900,1.11731240388101e-06
45929,0.0352098446405516
71584,NA
56393,0.194583790972562
18649,6.40714363593988e-06
61806,0.0139879907741905
71588,NA
8396,1.57392737148764e-05
48196,0.0649781468122649
59486,0.0900341388264911
64904,0.0379491314240401
29585,0.0250183095384194
71594,NA
71595,NA
71596,NA
19229,0.00627469540273548
12912,0
71599,NA
66869,1.14713584379004e-05
23134,0.0386303847615887
1685,NA
34700,0.433455046978084
3622,5.69925388461037e-07
54854,4.37981070523526e-05
65887,0.00132913093651245
55039,0.0763206000729761
1153,NA
27502,0.00564363831647043
10066,4.29557565311299e-05
592,NA
71612,0.00762563784795346
9517,3.27620536261591e-05
7144,0
2344,NA
5656,0
1086,NA
168,NA
770,NA
53279,0.00446987884128393
26081,0.000229586634433483
66330,1.91654739826228e-05
13297,4.57239546547442e-05
43330,0.0117681495841667
45933,0.164925082373102
59668,0.000817585618358111
48944,0.00735630552425314
55425,0.0237099328531514
31592,1
65399,0.46671046894898
8787,0
71632,NA
15065,0
46949,0.00276792143354785
26642,0.00088056871623496
4838,0
11771,0
62702,0.00818444951012825
60355,0.000137320654126357
58294,5.97311020327611e-05
60208,0.00093962154504327
20737,NA
30073,0.1151421875283
71644,NA
6238,6.27621981544094e-05
28846,0.33670338938831
66814,0.000397561940804203
66852,3.61957428059659e-05
57720,0.000457415066679225
10603,0
6638,NA
23422,0
31164,0.0301740231747319
5357,2.32858377282486e-05
55277,1.534436235277e-05
16466,5.3998213118347e-06
44602,0.0110882707225097
34030,0.164773798645778
31673,0.899863729492099
65546,0.293573449635181
53137,0.00103745176671497
58755,0.0659696738570289
59292,0.011084229925878
71664,0
33043,0.00466959540713136
9410,0
53312,0.0020666144239092
65481,0.00511348287458825
16945,NA
5033,0.000174819352564448
66477,4.98240273848776e-05
71672,NA
26658,0.0174842266285031
71674,NA
47760,0.0863944259297405
34005,0.119723872199579
35709,0.101820178917939
71678,NA
24503,0.0705211236357821
46175,0.11677916660349
10119,0.000172988815356246
12383,NA
20288,5.30925578761157e-06
56033,2.12024929510715e-05
20893,0.0302952210815314
58612,5.26432524650639e-06
22025,4.96995058862923e-06
34584,0.137066512870202
31398,0.00299368975763418
1093,NA
451,NA
25795,0.00169332066934954
5204,0
66877,0.000715072451042789
20054,0.00620409812591273
11817,0.000105604503376724
20313,1.46248564692502e-05
52771,0.00539525709899026
6693,NA
63173,0.0181791161890181
4590,NA
26,NA
32252,0.0323169021143371
52156,0.000170582730558694
10658,0.000422060484387323
1859,NA
71707,NA
51973,0.111093968160105
16397,2.51110080378939e-06
40109,0.296597383937903
33331,0.30368806464917
6518,0.000101836671575738
41114,0.000340189310848151
71714,NA
13299,2.70444426550949e-05
19225,0.000930397122214852
37727,0.64741182648534
48513,0.0373670653050766
13454,0
50618,1
47780,0.0035106534701189
30781,0.0166960873899967
47578,0.243352499148563
49870,0.128138693194681
12338,0
5022,6.22614404592974e-06
66523,6.54019727524822e-05
47469,0.0109645215120912
21334,0.00266309240522597
4074,2.0619445781009e-05
55845,7.41857309077873e-06
60876,0.00822211642231199
8669,2.57600775701849e-06
71734,NA
71735,NA
3646,0
66157,0.00245356711618027
50484,0.000813776222671337
6980,0.000100345778151416
49508,0.0344029485706572
53631,0.0193464611352
37046,1
38868,0.0273835976297059
47329,0.0481231827966293
45161,0.0118841045801155
21306,0.000850353664168829
16910,3.83255479831958e-05
71748,NA
59657,0.033102613330115
45612,0.00145645148436865
23063,4.93140035651316e-06
11601,8.24017166828133e-06
33351,0.15814039478427
71754,1.13448560400359e-05
24939,0.0423108954637214
7173,0
50082,0.00981139424347555
71758,NA
7763,NA
43905,0.8711868063313
5554,5.15413459747561e-05
62835,0.000132225699988799
22353,0.0310287078927064
49639,0.0204782330468929
3029,NA
71766,NA
66840,5.81316581871467e-05
6209,0.000117597373992633
62348,0.00238449718129266
27804,6.00032424936611e-05
71771,0.000954895670154575
30196,0.00288085348473032
12895,0
71774,NA
50473,0.298514251122716
57929,0.0115016226297776
17532,0.000144804985786143
8294,0
35938,0.00662276453290002
71780,NA
71781,NA
3198,2.27207873886552e-05
71783,NA
3325,NA
6150,0
39381,0.00292178982782087
45421,0.03941071853142
5210,0
71789,0
48133,0.0538150060988534
40575,0.925858442517584
2048,2.18778857461877e-06
8784,0
49873,0.00614129149182481
26226,0.0845839502427276
71796,NA
35248,0.00813741623829741
31158,0.0682969416727268
45579,0.593087384437663
65810,0.0211172783123962
57990,2.85763539462708e-05
29855,6.90712005141535e-05
17795,0.000918947085997317
38559,0.0263726834749943
46679,0.0930906590416461
71806,0.000267502456893748
35704,0.014669163770158
26511,0.000285912822972591
61304,0.0180643614424114
56991,0.000312509249685237
2261,6.64656723177561e-06
56592,8.83456641110046e-06
17357,0.000127568354249549
66573,0.00012330934361483
44593,0.00326787134658549
37546,0.141130755010745
27505,5.58949819681876e-06
71818,NA
71819,2.05708153224261e-06
619,NA
66309,0.00138341414709604
7652,0
46141,0.00352597444597585
16934,1.31315833201823e-06
18369,0.000955400757446346
2925,5.6897208246985e-06
71827,NA
22217,0.0120264976825275
23523,7.35146467801426e-08
22500,1.12367615615572e-06
33855,0.287004875778269
71832,0.00101944951959571
7174,0
57833,0.000805361090795236
57291,0.0308645917393741
47238,0.00563850730611811
4197,1
71838,NA
8394,9.80009469936268e-06
71840,NA
42164,0.174408628780206
3224,NA
28437,0.0510076327981082
18216,1.58743321671322e-06
54431,5.77717699628151e-05
6111,0
71847,NA
47737,0.0248351936030127
2476,3.84245448857098e-06
66635,0.00131615194884146
71851,NA
11005,1.34281232905835e-06
20414,0
65424,0.0150661249098022
37853,0.0226082899082278
22190,7.30706719029304e-06
71857,NA
36063,0.701623263350313
47790,4.96883615524383e-05
23118,0.00101823517603175
71861,NA
49029,0.00243150076853254
39119,0.18542968031742
71864,0
32982,0.191001914509031
21307,0.00219643698610813
36725,0.550179386565403
46347,0.00082312739309638
20891,0.0449915984367095
24659,0.0116222206253207
71871,0
10020,0
1268,NA
71874,2.31353035669319e-05
4348,NA
55244,0.00354925533114862
50075,0.0342856370847592
40114,0.0565826428275329
39573,0.000478645813198616
2456,NA
8785,0
51881,0.0387128605552753
769,NA
52778,0.0213894594307548
50466,0.000453905284754576
29781,0.00235430347993385
14026,NA
20311,1.16998228370479e-05
60342,0.00355080824718583
21597,7.33259244888516e-07
6584,0
6964,6.90365364802943e-06
8907,NA
65786,0.0103567221400992
4979,0
4385,1.12051669271958e-06
53814,0.00109361612761146
54832,0.00155066360813494
3626,8.24735897506492e-06
14537,0
63211,0.000140650968869859
11886,0.0012624501844472
66784,0.00103260579523931
22950,1.5915237098412e-05
30049,0.157513621615679
20411,7.16776007004466e-08
51993,0.301534064205866
28987,0.0929642857646236
71909,0.000385963122912831
12897,0
2097,NA
35701,0.924870771767448
756,NA
49495,0.0174977609480173
71915,NA
7279,7.46478475082205e-06
13305,6.10135862068998e-05
1510,NA
66601,0.00318757805822935
71920,NA
165,NA
45120,0.0426793387553709
71923,0
31199,0.00107183699232611
2766,NA
71926,0
24489,0.000255182073926241
55628,0.00976462687755715
30081,0.0404647338593549
42167,0.0624034376035314
18745,0
18370,0.00184274544045405
54205,0.000554140015568106
7817,0.000113939849798367
41994,1
54446,8.53983804781022e-05
52060,0.000995761817283578
71938,0
58386,0.00179293792588672
12160,0.000200749822797618
48131,0.186943953414993
5352,0.000337105063750818
6117,0
45087,0.0462002381188481
54229,0.011910016822907
15066,0.000604073218321209
34930,0.709388150519901
12959,0.000165114677807668
23128,0.0384459573569208
71950,NA
2910,NA
4501,4.67661157291721e-06
5207,0
71954,NA
65577,0.0150301553705124
35598,0.0860046210605643
53490,0.0283303508059943
71958,0
19902,5.81426629390675e-06
10022,NA
44281,0.365754773599266
50118,0.000212307189521944
22501,1.37929563751246e-05
6597,0
71965,NA
42030,0.00278649725020644
14052,0.000302340989538705
38480,0.0293889998972168
11590,3.95801018750459e-05
71970,NA
1310,NA
66822,0.000147415493392835
65482,0.00578063519290856
17802,0.000169216212737397
2565,NA
71976,0.0268689046687933
50257,0.262641785827275
5020,0.000332266330244496
32052,0.00334552335035205
71980,NA
58288,0.211950290692159
6149,0
49286,0.287383659932515
66895,3.24908639107615e-07
10048,NA
71986,9.92084646268968e-05
7288,1.66306157449022e-06
53845,0.0137235856181295
230,NA
66667,1.15939784964139e-05
7225,0.00166251402983125
64980,0.0206481163204781
27504,8.15909337751207e-05
15068,0
34008,0.309039448814671
63775,0.118464485697304
15924,6.14653788136491e-07
71998,NA
12,NA
57350,0.154681119867623
35929,0.0818001285681305
4882,0
57529,2.19687279765539e-05
8296,0
52463,0.0546483531335458
72006,0
8395,5.93459923130849e-05
52471,0.00594268301294782
1678,NA
29351,0.970212293717507
55463,2.90446302991608e-05
72012,NA
72013,NA
4383,4.2533527006062e-07
4494,4.86828243029863e-06
8337,0.000186188041874204
58150,2.16900395195917e-05
34418,0.139696894777691
16087,0
6207,0.000163333731409876
3332,0
40039,0.00142331672600098
19461,1.67750373187163e-06
30050,0.15953438613654
50468,0.159824493741962
72026,0
1729,NA
34047,0.026894716335084
229,NA
7651,0
72031,NA
52792,2.79368724634634e-05
18371,9.06263336620497e-05
59304,0.103823909793203
72035,0
2286,0
56980,0.170265903043028
72038,NA
72039,NA
16123,0.00132631398607994
3196,2.0391602527009e-06
6763,2.71007163851676e-05
66363,0.00174170032954624
8256,0
11,NA
53281,0.228333741481049
53497,0.000190865566214861
72048,NA
17440,0.00069920173442176
14564,0.00141686916934923
37848,0.00641106148030219
65909,0.0524208839553686
54124,0.000608165381177219
60936,0.823288361323356
60410,0.950039483027105
8393,6.91058770747517e-06
10121,1.40942712603636e-06
33888,0.50021663000932
19613,1.53861819746114e-09
58152,0.781707778225718
6110,0
11239,1.97924452864303e-05
49144,0.0174294355750288
24943,0.0297498084824322
3024,NA
5350,6.14117101408922e-05
5558,2.38033333911324e-05
54382,0.00852085805122389
13989,0
17778,3.35352875782261e-06
66558,4.49142777732291e-05
72072,0
72073,0
23882,0
43860,0.0196765638337339
43724,0.306261332595715
50249,0.0102487657421155
25268,0.228597477947453
6467,8.47213824738615e-07
14539,0
6738,9.65106669564126e-05
14521,0
35716,0.283615367573727
72084,0.00209744077537956
72085,NA
31873,0.0163475346270054
2757,1.09806410749986e-05
4877,0
56379,0.0369988446483783
49049,0.00421135952176063
37062,0.107157141664743
26222,0.000163650709607844
46671,0.131764923851761
56806,8.85167613665157e-06
3320,NA
72096,0
21132,1.33719404125559e-05
4208,0
72099,NA
4378,2.7302222965321e-05
72101,NA
1147,NA
15069,0
41414,0.351472876890385
31349,0.272595539759101
53492,0.0389388509988416
1084,NA
13456,0
5368,4.70882147616787e-06
41801,0.537781317240813
13304,3.7123837224123e-05
43476,0.000950992106888693
29676,0.00912910447241747
17382,4.51804692282102e-06
1736,NA
55817,0.0408117821925195
72117,NA
8906,NA
6736,0.00805013072255338
11754,0
34520,0.00728059451765342
72122,0
3420,NA
26093,0.00360920321475651
30950,0.0215374401679957
54225,0.000850972534600624
288,NA
46625,0.0178247829967659
53645,0.00158805947040845
1123,NA
72131,0
21335,0.00469645292190323
57983,0.000244500257994151
2296,0
22653,0.000984654630921023
4376,4.80823802329654e-05
54040,2.81510733795266e-05
37536,0.349560520307101
72139,0
43753,0.000155911089994721
34902,0.913285226268023
53987,0.103529138683663
35041,0.145239469855751
5345,7.30063250234278e-05
36072,0.0765487084008174
51076,0.00436754427429089
3780,NA
5366,5.4247247002751e-06
72149,NA
16416,3.31645072654712e-06
16933,1.83797092848953e-06
51066,0.0272126764071452
49636,0.00482897790119789
72154,NA
6437,4.0315642544234e-05
1305,NA
50090,0.0369140414818153
59299,0.00010636870065526
32975,0.806143892506136
54648,0.142072733118988
5757,NA
72162,NA
11589,2.19257524416714e-05
12158,1.04839204322078e-05
72165,0.00682247651190541
2927,6.7891983108674e-06
19474,6.8504120207608e-06
34037,0.0694339835251002
18807,0.00132541077613808
29050,6.53146301575772e-05
60404,0.00186394802043367
37244,0.0219688401929638
11013,3.73545273775125e-05
1087,NA
42910,0.350543839296938
50475,0.0727434502701777
10588,0
17513,0.0330540533060195
50872,0.143688823098154
54440,5.82884333674206e-07
72181,1
53379,0.00013962883797043
61618,0.000710498505197033
55159,0.216620675295242
65812,0.00866025455829373
19223,0.0348304911465273
10006,0
18777,0.000455638362419592
3226,NA
2095,NA
11177,0
26228,0.0112011194980594
62483,0.00972784092560016
5019,2.48654107228124e-05
66598,0.00277746497254921
66804,0.00105314885713954
47994,3.98278427396568e-05
17946,0
2764,NA
15423,3.23986850634458e-05
49860,0.0369388050375057
3318,2.22389072980782e-06
29178,0.00437542124075082
52538,4.51553258117606e-06
58460,0.000415511319385877
66834,0.0465258758150877
29312,0.0168382570594114
65191,0.00035912799284828
65724,0.0169787385959932
72210,NA
61495,0.00680568007785859
27507,1.19093549359594e-05
40586,0.740117743339949
56794,2.72825358780099e-05
46659,0.0205137032971872
639,NA
40620,0.172558278656797
1558,NA
66308,0.000148422424655508
72220,NA
51861,0.000112089453209313
35935,0.0251366202071842
9247,4.25345554426946e-06
56774,0.00946275225201088
42884,0.228908760965749
1734,NA
65288,0.506654056017088
50927,0.000572778253693383
37847,0.030141050682085
16122,0.00872181993256051
72231,0
25661,3.61153676376306e-05
3682,NA
59118,2.37012905064234e-05
37257,0.00225141324339827
59614,0.000135995777096843
66785,0.00110990275551739
14563,0.000818933696888313
22949,0.000190882034034386
54942,1.40889500025094e-05
6206,0.000994308968360896
3331,0
30457,0.655334319714802
6204,0.000168427512096713
48199,0.812052582045074
17534,0.0132430774662235
72247,0.00409203414727454
72248,NA
8399,9.4904541335903e-05
65582,0.0123371875694492
48903,0.62172570040153
72252,NA
66355,0.00156336833325039
32281,0.0726480024601858
59555,0.0220252421938324
34382,0.185007920835597
46915,0.214022542447384
22945,0.00012184135628652
57192,0.000320966027041929
30172,0.00496687035055286
3939,NA
34709,0.0886485511756097
36065,0.141143271326365
54042,2.69685654420313e-05
39447,0.862446541173509
2348,NA
50694,0.00040981323389218
3941,NA
47579,0.00480710764193039
57174,0.0452395742173313
50873,0.00282889678092798
4349,0
2346,NA
65518,0.663748700761438
5555,0.000289225950354993
646,NA
19906,NA
17515,0.00686881062517037
72279,NA
66271,0.0311482261867314
53269,0.0269999470594497
353,NA
19993,1.26648924503699e-05
22809,0.0218924506150666
32068,0.929589588222471
6585,0
65344,1
7866,3.65811686504724e-05
66570,0.000767985412219845
51883,0.000364993024116448
46667,0.0215329992745022
55804,0.172778086650217
48,NA
72294,NA
22502,3.53956599851261e-05
3002,7.00270210388486e-06
55048,6.28346773324731e-05
45425,0.0823446712014155
14027,NA
49488,0.0112113569563668
7280,2.23309593129755e-06
7129,0
51064,0.0187453287759737
17918,0
61040,0.000187138087472152
47360,0.0793621954537445
41111,0.786258596218177
57686,6.00928517104359e-05
53561,5.19676642237385e-06
49502,0.00218937954117341
72311,0
13525,0.00680856246141449
33336,0.137103481932313
42161,0.0169479832388785
72315,NA
36069,0.135801020158173
72317,NA
1861,NA
52863,0.000118449640110562
30019,0.000461977339752145
31141,0.00172868779643319
15086,0.000208113320464273
16096,0.000933000957854393
72324,NA
49645,0.0493666650258166
19073,7.60452392339276e-06
4496,1.99529088162181e-05
72328,NA
57199,2.75810768555142e-05
453,NA
46918,0.33334815609995
51240,0.00542046217263701
5285,NA
21321,0.0308032829766209
1503,NA
41064,0.124380238036613
7085,0
2290,0
7653,0
30550,0.0128889314133139
51586,0.136696762172339
66123,0.00429187219015628
27933,0.000291389130103287
5208,0
2096,NA
2288,NA
37464,0.00155520837090972
56965,0.00188856197019841
72349,NA
14012,NA
59844,0.00134810316945843
72352,NA
36573,0.00878673352004935
64702,0.481764385868163
18489,0.117399965774077
44568,0.0453905004857075
26086,1.30340229640415e-06
65753,0.0177426055736668
72359,0.00592485940975225
66830,0.0165364959804548
31173,0.0109834396382625
30760,0.0310469864103623
2765,NA
33406,0.00959905017466627
54726,0.0389408969887931
10125,5.07759574270375e-05
40800,0.00802532929898834
65581,0.00626525380385865
6112,0
50068,0.048218028016326
43899,0.152288760255494
38299,0.0428786277250619
3901,1.38694929019811e-05
19631,0.00412066374221304
53847,0.000898667183610911
13448,1.69758185077195e-05
53743,7.44599767341388e-06
66666,7.95263706103447e-05
4541,0
72380,NA
7226,7.37924826246271e-05
38718,0.00818710175184212
29176,0.000549579723347561
1334,NA
56417,5.50660759154546e-05
10617,0
43729,0.0412637018239267
2094,NA
45050,0.371241421678634
40618,0.595763473322023
72391,NA
65230,0.0100737562249461
42025,0.171977496797157
11857,0.164677533893687
72395,NA
16916,1.79250679702839e-05
24,NA
4287,0
2763,NA
72400,NA
55437,0.0591795607836193
29181,0.000649505902495936
31753,0.065933771126897
61123,0.477777663351766
1733,NA
30373,0.000499293376691122
62611,0.0133609614705454
30947,0.00299275916192708
7272,6.00075837384833e-06
64247,0.00579059606873468
2904,NA
25794,0.000120738015781804
57836,0.00324029579288362
63660,0.0219134202661689
3689,0.00331233724794864
47359,0.00433847707953801
1557,NA
7130,0
72419,NA
24440,1.36865357952248e-07
429,NA
21131,1.17626358445488e-05
46168,0.0111875209437253
46371,0.271892851217813
65045,0.15414998313932
766,0
1333,NA
64292,0.00346300574132624
35349,0.0167141142849088
37675,0.0894501668711137
8100,2.28558584305243e-06
30958,0.00187738766849973
44581,0.332191876277465
65515,0.045720504158555
11836,0.000106236315660176
3202,NA
29182,0.000251014921898517
26953,8.14874819536827e-05
44346,0.00897712837812283
43200,0.0356773897594687
6106,0
31032,0.113889774165429
72443,0
15053,0
25670,4.45505604940708e-05
72446,0
58618,8.24961062252691e-05
10076,0.000247002573077024
72449,NA
3857,4.73277262107428e-06
72451,NA
21576,2.29194285678361e-06
3876,1.11658848389666e-05
50081,0.0109867778222363
25790,0.000100869371329682
293,NA
33575,0.000156615077374326
1306,NA
49638,0.00845418379888272
6758,1.87508059943168e-05
18357,0
16468,NA
50462,0.548381838291391
33163,0.585443820703405
45086,0.000862593352564211
5786,0.00123547545604613
66211,0.001610978114108
6054,0
30052,0.00356727413815155
17960,0.00399029323655867
61306,0.00299483391495763
72472,4.64512225973572e-06
44603,0.000913972758349065
12422,0.00028771335108815
50483,0.00705178818845246
10596,0
54030,0.238403487251228
4589,NA
34934,0.389743079260529
66229,0.00172384262568838
27513,2.16412191783466e-05
72482,NA
37047,0.344303519010129
42906,0.845905981172903
3794,0
3988,NA
43728,0
5004,7.7834485387323e-06
17796,3.55955972112028e-05
7692,0
31023,0.00608213807542942
55441,9.03036904102726e-05
49707,0.929446557538486
42427,0.0970638703837199
66674,0.00169993457205952
36904,0
2752,NA
4873,0
38608,0.214130174897639
22047,2.45447491201252e-06
5021,5.01347602005112e-06
72502,NA
33349,0.0501665983153387
4372,5.00353189752498e-06
45126,0.176474969722488
57992,4.90243808592776e-05
45646,0.00279411718428364
8448,0.000101907713885414
4482,2.13654200909275e-06
72510,NA
39186,0.0733646836701371
23060,3.7291399527068e-08
7538,2.19143473289312e-05
66198,0.000863005571043846
54645,4.12646016644546e-05
66520,0.000829811733850406
223,NA
72518,0.00042884861099667
22198,1.31114887408932e-08
5194,1
60292,0.000930544548001503
64738,0.0609701519103475
38610,0.316409771643117
41102,0.209307975718187
42315,0.0650397167066646
37053,0.2880388865673
37861,0
72528,0.00979581589380569
17780,2.2875391955845e-06
46621,0.163080337976133
32997,0.0165628226453358
6521,0
21315,0.00142342540496141
39134,0.543408591234347
26207,0.000868595731193377
72536,NA
5,NA
53462,0.00939893073292542
11878,0.000411664682310566
41206,0.802995421741177
3413,NA
18249,2.1936795637285e-05
36259,0.086833286041575
36392,0.0817737641829571
1856,NA
4519,0
72547,NA
20895,0.0211016768656701
3333,8.29661049142519e-08
3383,4.07091313592469e-06
16085,0
34882,1
7227,0.000800102513529377
5180,7.48773107643789e-05
27387,0.0094181994146403
64592,0.00788125921330592
22642,1.29109377015713e-05
5405,3.88654077431822e-08
42911,0.00401574377307067
66684,0.000327978974299742
66585,1.81224684506695e-05
19230,0.00606808665463652
62879,0.000904702864742524
3928,0
3858,4.83230978934442e-06
64938,0.000846939217653129
54424,0.000131918564327728
45083,0.0614937783355729
54220,0.000331279263628746
72570,NA
30017,0.00167733258856758
65315,0.284044718777659
2469,9.36389926327746e-06
65977,0.155363820713146
72575,0
5752,NA
9535,3.22556794457763e-05
36684,0.413869579763399
5978,7.87010219163341e-06
56975,0.00998330602723716
6048,0
31708,0.607655165024603
35712,0.0106697378304821
65111,0.00468040629405798
59626,0.000547018469472195
32288,0.0146865954608517
2101,NA
3244,NA
39833,0.0364324341535166
72590,NA
72591,5.75354229481702e-05
43338,0.207467658780079
11017,1.32827799566374e-05
35066,0.333652983557298
3981,0
44605,0.0368530209484431
37029,0.291226846644637
46913,0.0767028641850035
72599,NA
45133,0.203768524021883
3795,3.61516921704475e-07
2770,NA
45279,0.0144332622970675
41376,0.0708503328597566
72605,NA
15418,2.15075425332113e-05
35954,0.0182623797017677
44309,0.0983421098477693
49711,0.473753968967149
46078,0.00577739092717102
2449,NA
4351,0
51977,0.0390586542435652
28590,0.0240566762543358
65816,0.0374833381150314
23879,6.19312682500942e-06
72617,0
36042,0.930318709980974
72619,NA
29179,0.00132232495769973
57369,4.61361881504152e-05
55069,2.53212790006553e-05
25222,1.22501515057121e-05
15587,0
43732,0.139001903876721
6587,0
37851,0.0755919266947014
29294,0.0149979372107837
4790,0.000108336897176399
29653,0.335024583284986
22507,2.10042282910008e-08
5195,1
72633,NA
54118,0.000311186178416567
30377,0.000534668957005397
61938,0.11936223379703
28435,0.00668248145285883
63209,0.0454147733286615
14031,0.000356622698865114
1725,NA
37547,0.086372107529963
3314,0
66842,0.00423298038807233
62533,0.00786242410645455
34102,0.00462415425069532
4571,0
454,NA
2283,NA
7175,0
40443,0.0560412624979892
30755,0.00163712024552452
33334,0.461922850389141
37472,0.00105346828088637
59301,0.000382205043068094
42009,0.00440734184951793
23892,NA
49317,0.00817490779556073
55229,0.0259253255066248
72659,0.000243413035680379
5803,1.26728479041742e-05
4173,3.80424564772348e-07
5003,9.13491548485307e-06
65994,0.000501141122174075
57462,0.0849092666138027
36360,0.000172641221267097
72666,NA
72667,NA
35060,0.48118984803039
20706,2.8270553875459e-05
3317,0
53284,0.00484533538185261
7697,0
1297,NA
45890,0.0444272002370175
66256,0.000540024459741252
48951,0.0340237890914111
60521,0.00272710067819399
2086,NA
66647,1.04809681521114e-06
72680,0
50729,3.64396815513836e-05
42300,0.596243952296691
3987,0.000215794108806103
2340,NA
44885,0.0265011474379437
72686,0
38249,0.0642966996037755
6522,0
66084,0.00583545184970867
50858,0.00633886542207435
72691,0.000187653695120465
52485,0.000110160749885289
48346,0.56996145373679
1885,NA
42880,0.368330868117555
72696,NA
29416,0.0548682999079935
2926,8.66999467232297e-06
8786,0
63857,0.00438975417853196
65986,0.00044794483921869
1286,NA
48195,0.01988284321653
2560,NA
63063,0.000136629217659967
37859,0.06281264775594
16098,0.000440388037336572
3670,0
36679,0.23552317012883
57348,0.00558222987294128
1262,NA
40420,0.0663379725265048
65411,0.00728959285900721
57013,1.41981599035286e-05
65153,0.715908066178718
7228,0.00602634092319554
16584,0
14562,0.000285505101144719
44893,0.00118022662941384
3246,NA
30439,0.00158878132166071
72722,0
3225,0
60195,0.00053455566655383
3990,NA
23254,0.0269259384654742
53483,0.000109175190509116
54825,0.0125692068640863
15050,0
61119,1
4518,0
64934,0.000216380100034236
66414,0.00104326944003013
32578,0.118849009190561
47768,0.0112371972822439
2262,1.3620883540627e-05
47025,0.019457020609841
23579,0.00546616110112129
72739,0
34045,0.183942227127859
46286,0.16259942683187
72742,NA
5142,6.88880234797008e-06
21572,6.82393553887182e-06
56014,0.000758328638516664
38407,0.00224262504095768
49499,0.000197874920814059
4875,0
55435,0.0107497963587911
45927,0.0770532108890803
72751,4.22215802226501e-06
31900,0.0536007606140299
62616,0.00187521717540526
62789,0.0037025120279287
23117,0.00965257716894296
38070,0.000872035942261967
11304,4.32148346197699e-05
41554,0.0373877273308092
4374,5.3686392902025e-07
1149,NA
47062,0.00157026418203474
1723,NA
590,NA
51876,0.00294328476976942
15421,0
72766,NA
39628,0.902159797383678
164,NA
57522,0.00132411289836664
52459,0.0165355733680571
5363,0.000167067086342711
28764,0.00849027357995408
39451,0.670824623174199
55037,0.00113036976670568
3927,0
72776,NA
72777,NA
3767,NA
26635,0.000184994802677546
290,NA
40802,0.315249197651008
57184,0.000397895460876841
1125,NA
50256,1
28020,0.00232342117697716
72786,NA
49084,0.141740518591958
42293,0.071675645855322
65513,0.0022309499905743
15922,1.47607068806783e-06
3315,0
72792,0.00176978041627912
51976,0.0201611622185921
14531,0
4350,0
18792,0.00613882348767582
5349,7.26981194173725e-05
35040,0.49784955070757
11175,0
33890,0.623334494145983
53856,4.4708095125401e-05
50686,0.00121414098456497
12885,0
2333,NA
18245,NA
3930,0
44889,0.0287068245292054
16940,7.51121074835379e-05
6586,0
24656,0.0148882984445826
36927,0.481301124219016
1886,NA
72813,0
43190,0.0637908865574354
45206,0.0100047232234997
11402,2.11120153138242e-05
7273,8.13295552659195e-07
51059,0.049454797205684
14875,5.62123833689522e-06
66789,0.000104335566618694
72821,NA
66735,3.99471078428827e-05
16394,1.77864714842679e-05
47577,0.130531566114001
2687,NA
29052,6.84031908871116e-05
5695,0
38793,0.00769470837218145
65415,0.00709079852213723
2276,NA
25788,4.16152051089717e-06
9534,0
66885,1.39692497362614e-05
8101,1.1848116034632e-05
25662,3.6816761167752e-05
57623,0.0105070103331938
64443,0.00298381297281347
72838,NA
72839,1
3902,0
58929,4.33993462324095e-05
3769,NA
18785,0.00222470130204497
3230,0
63296,0.000374789890407518
15902,5.52197498558463e-06
64170,0.0965978720888927
38936,0.61895639897242
53280,0.00447045127616817
66194,0.0158879905433419
49642,0.0327095474120353
30502,0.395066264202961
52967,0.000349900526420869
12397,NA
8293,0
9833,1.11812751437815e-05
522,NA
47736,0.171609454883023
22197,1.78486751688359e-06
7327,8.91591136864639e-06
59434,0.000450342998203585
29327,0.377642234928698
3197,4.90786433185752e-06
32995,0.437501283045565
5209,0
25798,0.0297187397842772
24486,0.000150308557394928
66615,0.000860138425598292
641,NA
72870,NA
28046,0.133464572759291
72872,NA
72873,NA
10614,0
2085,NA
2905,0
35937,0.0268136418251026
49507,0.387852316073069
49494,0.0800229852520623
1358,NA
49701,0.223025196677449
10598,0
54033,0.0541154032249919
57352,0.01823855092888
58948,0.000505270032468947
59435,0.0128071512376617
58760,0.00312498096739644
65875,0.00862398611480534
2345,NA
11794,0
57533,3.55233735861388e-05
66372,0.000170529497309467
72893,NA
22661,0.0117954711570131
10017,NA
44590,0.0921180253583141
608,NA
6208,9.75403322580881e-05
37045,0.575832102912342
57988,0
12343,0
28350,8.71319662186747e-05
35703,0.00310906335242848
17790,1.08488749828432e-05
56203,0.00102765377429944
423,NA
32290,0.0834698630713057
72908,NA
72909,1
1327,NA
62837,0.000665887143671995
62126,0.0321834037162694
72913,NA
33197,0.0712146565999465
30463,0.0123008815802566
26209,0.000179216094661624
66764,0.00105976580595575
46678,0.0321534892805095
30374,0.175790570337077
66449,1.29736476949944e-05
40439,0.45629655407689
51075,0.000784159537479236
15397,1.98056020813089e-06
59275,0.0115944880103131
72925,0
5202,0
1491,NA
36249,0.205020705595193
31667,1
6959,3.91445614672697e-05
52939,0.0141850826506932
38654,0.628137247997781
55024,0.000680264106931259
11587,1.36705904359004e-06
21791,0.00535556970074839
11596,3.63351211685804e-07
66224,0.106937967178259
54589,0.00371497932958308
55228,1.28925232965637e-05
72940,0.000245420498667848
355,NA
66769,1.62405643368438e-06
72943,NA
46140,0.00343114173216598
52223,0.00309884011115646
47738,0.01166619336714
38489,0.320676430987464
72948,NA
63904,0.012665565638181
33146,0.00380540893469201
50,NA
1722,NA
35612,0.25969015973563
66648,0.000112050416920558
2287,0
54591,0.0475405948919437
44588,0.101620938213005
4250,NA
72959,0
29652,0.176176125984564
19191,1.53277152268952e-06
10191,0.00131568543392797
18242,1.38907015073029e-06
33203,0.000194135926456017
72965,0.00409133555159335
27003,0.0306848311186437
51519,0.00367267223076356
2281,NA
58788,0.995387881653065
72970,0.000190826164411282
5141,2.38137053379376e-05
23129,0.00814743320062128
49501,0.0471500259761987
37545,0.140377890112113
55241,0.0131504706662677
72976,NA
35090,0.584612450739837
30844,0.261643473943952
72979,2.54226235254966e-05
51624,0.425748928022498
2045,NA
39837,0.0104472725062504
4978,NA
32981,0.0534217387051597
72985,NA
7847,1.65322098910446e-06
5548,3.33736384183238e-05
72988,0.00112660485600597
17361,1.60728414432372e-06
797,NA
48198,0.301438463485615
35390,0.00440346605514192
232,NA
7657,0
52540,5.93114957636812e-05
13492,NA
41069,0.00307175977934499
16938,NA
72999,NA
17975,0.0859207486207842
58596,0.000252813659722073
21704,4.80890016955441e-09
14,NA
20449,1.23660754065591e-09
12365,NA
20735,1.51357812180613e-07
73007,0
52971,0.00282956203951299
8398,2.8810605056015e-05
73010,6.1941622109323e-07
3925,0
33422,0.5859511518549
37857,0.00745338881952038
73014,NA
19158,3.66072137709025e-09
3229,NA
36492,0.000933907316782971
39118,0.74567667250993
6116,0
73020,NA
73021,NA
30055,0.0511978855412488
2909,2.62526841259383e-06
2922,7.27212695551585e-08
4500,6.54238986043587e-06
58619,0.00115641791667073
31163,0.0232998757015781
66160,0.00161621461475439
6576,0
73030,0
56137,0.241678195271774
54195,0.00446951566531186
12944,0.000186727652858006
55004,0.0206252788792036
64169,0.0534648235361677
73036,NA
62797,5.7278159787253e-05
73038,NA
73039,NA
19212,0.0114810552006148
61414,0.0450180209027311
53486,0.0211982967776732
62659,0.00860763904214795
32858,0.0960376177721496
53857,0.00024977510903728
23889,1.30723508690381e-08
33908,0.003112102402973
16598,0.000151479368504864
7276,8.43712081670473e-08
50863,0.419972821123295
28771,9.87951469568738e-05
10011,0.000281500875909125
19053,3.20486057474821e-05
40922,0.105815157780542
13459,0
73056,NA
64376,0.00107800460961941
38479,0.00127912688412672
14527,0
10193,2.58298395180495e-06
513,NA
63499,0.00161295900163268
45026,0.349956485301468
73064,NA
29786,0.0031971048875393
73066,0.00182498552689335
15598,NA
18239,4.06235528382031e-07
55626,0.032737260572706
73070,NA
33199,0.0529650569979579
56782,2.50190408073501e-05
6742,0.000414077465874797
129,NA
34901,0.62485678465523
37985,0.471145825891742
20306,7.99930614858065e-06
73078,NA
50061,0.116416636150928
56594,2.68762970846071e-05
8966,2.33059330441719e-05
73082,0.0195905110911453
39041,0.00420495816388954
66655,0.00124343539289019
1556,NA
73086,NA
3621,9.25467996877373e-07
5792,9.95847936744769e-05
5286,NA
4382,5.21610217841928e-06
54822,0.00122221804909014
7848,3.3348722501648e-06
27789,0.00154498034512316
17102,0.00675124790469888
2255,5.54413101469126e-06
479,NA
21158,3.58176602904266e-06
14904,9.21374087155925e-05
57362,0.000294760088403095
52155,0.000823506122983541
51514,0.00623686473921614
73102,5.05560122056826e-05
295,NA
73104,0
73105,0
16090,0
66073,0.0421464826330444
41110,0.996269149841355
23886,0
29213,0.0948918095208309
11761,0
32045,0.00675833928424325
13496,8.28472475381504e-06
35945,0.00538598449541483
2553,NA
64026,2.07153399261015e-05
73117,NA
32113,0.0257688230858573
22034,3.47172373866903e-05
16908,2.45965868850066e-05
4248,0
44516,0.0186502140514727
65426,0.377253467605855
53824,0.00993361507521162
54038,0.0014866879300712
4593,NA
61054,0.000524523209432916
9539,3.71009130066881e-05
31132,0.00457320837876598
17803,1.70565709613708e-06
64442,0.0386933277379318
7694,0
63373,0.000162591182595678
3773,0
73135,NA
66694,0.00139295992984263
73137,NA
1928,NA
61236,0.0138429206227508
50064,0.206242354440335
5025,0.000120192669443876
36920,0.0572685412145915
2756,9.31789980981978e-06
55012,0.0132253009125664
27520,0.0175365105014564
50076,0.0777586475131771
14028,0.00891440702650333
27517,0.0233138395467992
55237,0.00476617875747624
16450,NA
44567,0.0905514670037243
4375,4.90977801505301e-06
73153,0
4540,0
17949,0.000224383064173675
36077,0.0765632034157913
48924,0.752755604445132
4184,4.84461251914066e-07
73159,NA
34034,0.0305912453634277
51304,0.220287349311291
49887,0.00420134620232955
1089,NA
225,NA
73165,0
10013,1.41407990721854e-12
5198,1
19055,1.31495703412138e-06
20308,5.00568996750197e-06
10719,0.000146003729981372
9245,1.60786624114743e-05
5365,2.26625241872634e-05
73173,0.000138634717305378
28772,0.00537143105328687
5604,1
13302,0.000178560349256567
48114,0.00340258628507125
56897,0.000485260632027839
46670,0.493141938126955
55317,0.000136071516431838
55557,0.240348206884855
36951,0.363263116508955
10674,3.44226527855006e-05
73184,NA
73185,6.32702041402132e-06
45683,0.006509828558611
17786,5.7893395932778e-06
66193,0.00534758582063496
73189,0
35244,0.0583400355530177
7,NA
35387,0.00812164705661162
89,NA
73194,0
48948,0.0909081587628954
3688,NA
73197,NA
8390,0
46796,0.0901012502485448
54091,9.75414779299457e-06
58302,1.32465256377722e-06
66788,3.23091980152479e-05
49143,0.00955819712452474
10615,0
65662,0.445988560562133
52473,0.000735175270896686
28351,0.000469690939663918
21316,0.00314699859350131
3932,NA
27515,0.0026682523444918
58290,0.00128335018721595
6639,NA
1720,NA
9250,1.1492467426678e-06
35927,0.20740960174378
21575,2.1163607181027e-05
62441,5.65948206246332e-05
41421,0.9716300220165
29053,0.000315610011343114
46644,0.00294953067814988
34681,0.18950491555242
56993,4.62041047370143e-05
32846,0.149689330343017
12942,9.22661080295532e-05
6051,0
49872,0.0127040642132052
28226,0.000331158568176031
65689,0.00729668579086392
66465,0.000555158869621766
13451,0
73231,NA
26212,4.53619500592905e-06
17542,0.00354847109647757
32974,0.693205906691997
3985,NA
10623,NA
73237,NA
36589,0.381408976587565
19897,1.12506971462131e-05
50967,0.00389522910311105
34248,0.00122443936501543
51265,0.000146532783754692
14525,1.98593641402208e-05
55616,0.0410960775576831
51440,0.00107951791786376
45910,0.286985246249304
19615,0.000162561901652981
44183,0.101167092409047
4669,0.000152030496131737
29800,1
12883,0
34373,0.167649937781698
73253,NA
5546,7.16995371634059e-05
55944,0.286060062749797
7138,0
50690,0.00175528177022742
12894,0
5179,0.000345490506213741
16451,3.58713096792852e-06
6590,0
55433,8.09004330359574e-05
36071,0.00695200461794353
35711,0.0979790450082939
47330,0.0791649578478987
4803,8.49226098346688e-06
43337,0.0611921051482647
29686,0.00328824235726222
73269,0
73270,0
23132,0.088420180675553
5199,1
16400,8.3886840492967e-06
9241,0.000544392971690381
49862,0.000360048142485415
61241,0.00682174501474333
54526,2.81136491271131e-05
73278,0
66370,0.00999773669407162
27381,6.22805154793785e-07
2550,NA
8964,7.08097688975729e-05
34237,0.867070465627419
66832,0.0301744730647707
5751,NA
7282,1.86772760864434e-06
4495,2.81204642302941e-05
17787,2.69713340025148e-05
73289,NA
73290,0.0155197021452175
2829,NA
17362,3.06583668796822e-07
5696,0.000514864999081309
15959,NA
3766,NA
7695,0
73297,3.33598004341401e-05
51992,0.000524393048005467
73299,NA
33202,0.0117997583121001
73301,0
32149,0.0042834220980337
40458,0.00775786860023805
3329,6.79424427918626e-07
2293,NA
36068,0.0780952521056386
73307,NA
56797,7.18328353154752e-06
60531,0.0018714342110296
37846,0.371492894469054
48374,0.0129648725606047
39373,0.0022936197903074
19208,0.0203234307457038
1925,NA
11189,0
56570,0.0357434642392726
6637,NA
23420,4.31058411257667e-06
19686,0.00927454434354845
35059,0.132313023057408
34244,0.0251291555205336
73322,NA
31197,0.00959765999939648
18633,3.91082334377914e-05
65044,0.0228371918307619
66358,0.00120508639811539
53744,0.000333248436744984
50074,0.0447552201108176
61369,0.0252100826898274
73330,NA
22214,0.118676585332367
50070,0.000746854666843289
17948,0.000116823226898114
2343,NA
6526,0.000397142137297193
5289,NA
2468,1.06018876766501e-05
21262,6.26808379693432e-09
32786,0.00239661285473628
49715,0.00142986756891308
73341,NA
52968,0.00594468725944672
2100,NA
54041,0.00171897453075199
22662,0.00597472871207176
1288,NA
34815,0.00828388481898774
41401,0.00294587601647461
35251,0.000960915653205173
45280,0.077557199419893
7865,2.48877926168288e-06
63210,0.000152182999100063
65270,0.0093834088541105
66820,0.0387669166051005
1554,0
2769,NA
1264,NA
48170,0.108380171324579
23931,0.15116043996774
14536,0
20890,0.0123738235974062
54841,2.49845302897306e-05
41553,0.149640473377665
2448,NA
65420,0.0662178123534101
45135,0.00111778597052953
30197,0.00321727256872831
12896,NA
47502,0.0255879392245183
42879,0.398779371119363
19624,0.00325721466601703
48568,0.0129945888500739
46666,0.0668905522083885
6737,0.000474882209796126
19639,0.0189323356496903
3386,1.45109848263904e-05
47334,0.00108713379467989
56987,0.0686140442031025
430,NA
32173,0.260940948485566
34270,0.422095635845928
1336,NA
4876,0
54858,0.129450262919022
16585,0
32285,0.00448379065979929
51620,0.0126343387770637
4377,0.000134515869177932
66732,0.0172816945382741
2551,NA
15051,0
66345,0.00434269198007829
1727,NA
2259,1.29645883505393e-05
73395,NA
57172,0.0483482428318661
4493,1.16386136747678e-05
73398,NA
46914,0.438594851199566
5697,8.49800025994194e-05
57157,0.192458803780135
13296,3.0590611068432e-05
1502,NA
7084,0
5367,5.13300380398113e-06
47759,0.18355986851711
52163,0.00106423997779586
3931,0
64764,0.0873457948568674
47151,0.00338413805420426
55067,2.01525124530124e-05
73412,NA
2285,0
24484,9.99742331213576e-07
73415,0
51813,7.5991250986489e-05
3771,0
31585,0
25659,3.37425205273678e-05
32688,0.0175262973507021
1926,NA
21161,3.61270298980228e-10
73423,NA
46917,0.449171274251547
5547,1.50848056914866e-05
5641,0
42295,0
73428,NA
6109,0
73430,0
16094,NA
57001,3.70383982768883e-06
73433,0
3934,NA
48134,0.0311201014014677
42456,0.284741930202416
12893,0
2337,NA
58777,0.00153363201880182
73440,NA
44,NA
5545,2.12085093531567e-05
61051,0.5488184093624
6145,NA
73445,0
49271,0.00493148259527732
43723,0.182134800136138
39830,0.0114314397238896
8672,0.000180660015945568
6589,0
54821,0.0171088621063853
49487,0.0202475045133401
65073,1
33395,0.550716420017773
56200,0.187859871578653
3020,NA
11856,0.000697165761284083
62962,0.037022571959227
7696,0
54243,0.00346911331767115
65345,0.546933927680624
73462,NA
4286,0
39045,0.00274005292651132
66828,0.0011876566905003
35880,0.189557973691116
42160,0.000984942433756214
57179,0.0121045553587738
60821,0.00910549719135114
73470,0
21701,8.60464249621198e-08
73472,NA
54808,0.000454029509502161
20892,0.0257846782453826
73475,NA
34676,0.0083209392958194
51862,0.000550541892440003
49318,0.00351606823500157
18650,2.54755461070608e-06
34386,0.50171609237921
5012,2.66186348064683e-05
7835,2.63794913032018e-06
50695,0.00048165326831157
28937,0.761795167100167
45386,0.0210003051862658
33346,0.0339965081900761
17937,0
50098,0.104161943739903
56949,0.000179894721649022
61837,0.000125610116599936
52779,0.0407323144798826
73492,NA
66416,5.2874387593494e-05
56377,0.0236984910576909
226,NA
2043,0
20312,1.60717349401013e-05
49467,0.000433861357271618
65492,0.265688534227583
73500,NA
3201,4.01420210420979e-06
5643,0
8673,6.79969057928869e-05
36066,0.327154284334004
5805,2.53549848471187e-05
40609,0.500222779044837
25664,8.65722681545552e-06
20303,5.1455643136906e-05
8,NA
53742,2.70218698498936e-06
609,NA
55423,0.290466152824942
51702,0.0777219269882895
34519,0.148093312694065
54724,0.0427988198787017
52772,0.0211964836606196
46916,0.0307747030289461
73518,NA
48946,0.0420119639745499
3875,1.61169790465036e-05
2089,NA
73522,0
17832,NA
32657,0.014587686502034
50531,0.000697492317739693
6525,3.65919866408569e-13
49871,0.175611413486564
58298,1.25680965871215e-05
58927,0.00190332679681685
16462,3.26107030175456e-05
11883,1.14574403896761e-05
35015,0.0322473554682954
27085,0.000190025849531954
1261,NA
49695,0.327596543896983
29796,0.16363549093712
17821,1.68859868413239e-07
53495,0.0208600580188527
12955,0.000577849405259067
4254,NA
44565,0.304342022867985
61881,0.00107583978845031
49025,0.0108320133959229
16424,5.18824807376032e-05
41523,0.0384579738862081
49134,0.0185916817177636
52470,0.00514917687964463
73548,NA
49637,0.00283416298131745
32782,0.00791508771994176
1553,NA
48919,0.0111033366802914
73553,NA
54318,2.24173006703245e-05
11790,0
5200,0
6053,0
50861,0.99479050433968
51445,0.0888076976567337
5014,4.34900461864619e-06
1329,NA
12946,8.96594671427273e-06
73563,0.0103718047102701
38617,0.0680429445057612
37229,0
17939,2.92812605453113e-08
73567,NA
42933,0.00193663472614204
24491,0
48564,0.0910054419255719
36897,0.167638250192768
2749,NA
41113,0.201410683793025
73574,NA
10671,0.000697613790373437
45085,0.054921867749489
54221,0.0048081183957594
73578,NA
45582,0.00912574410293666
32122,0.258060506390981
54794,0.0429524301111724
14529,4.44534664523626e-05
55469,0.173570933444073
6963,1.79295380952482e-05
66782,0.00087037669193838
1495,NA
4249,0
31030,0.406831483673463
6560,0
73590,NA
37240,0.197699323106073
35882,0.523425020819661
73593,NA
37554,0.00715950510256041
34205,0.00292965381092696
27939,0.0689596739688471
45891,0.00111146066665932
13295,0.000218274866333663
3680,NA
42325,0.166650565853328
5143,3.71745140966078e-05
1730,NA
31142,0.0107007381986053
10049,NA
55750,0.00145218560153353
52483,0.0115343862373443
21454,0.0107969186032188
4499,5.84030229213609e-06
7537,1.0650828928506e-05
35437,0.221114292224422
51438,0.0531920867966871
7269,0.000190206961897506
3770,0
38931,0.0132835440452088
1726,NA
62960,0.106670615106376
5239,0
73618,0
54399,0.000692274907266993
31013,7.43837178450333e-06
38797,0.46208365897714
16452,0.000517843544348471
36067,0.0762703004539929
5694,NA
47308,0.0183804500257117
65688,0.00996840416467726
24200,0.181324362213667
4695,0.000244558937846591
2284,NA
54439,0.000175500270699649
48709,1
284,NA
34027,0.0644636883857646
45830,0.0372980125818467
9945,0
21324,0.0139097444458353
2816,NA
35039,0.676210055237918
3768,NA
57521,0.522221105510615
73641,1
32996,0.216641520431667
5788,3.72619428417493e-06
32944,0.0267843335321349
20467,0.0182930818871612
16426,4.87018794337978e-05
17788,0.000132694430991836
55367,0.000104348523189542
21001,0.026947819005035
56615,0.804292116661676
66097,0.00351041519739489
59741,0.00821398085557541
73653,0
16463,6.23651328952195e-06
49881,0.0124291735569827
2347,NA
11602,9.89177697468051e-06
56031,2.71934771473881e-05
42324,0.955241892716521
17952,0.00926130180417987
39258,0.253826117508356
73662,NA
44185,7.61483060586656e-05
48738,0.157322530141234
73665,0.00107623576079176
33348,0.295437357383529
3445,NA
6987,0.000867887385870177
73669,NA
22230,0.00857607960353017
73671,0.000191254977353346
73672,0
49088,0.00518864970896254
1150,NA
5774,0.000112942411585212
73676,NA
73677,0.000657932769141331
55439,0.0339465343161475
61240,0.0345595782480405
73680,NA
2742,6.14419705565717e-07
32470,0.0418384757682101
73683,NA
56896,0.188768526461513
59856,0.000365470187752894
7700,0
66379,0.000801949233312348
38560,1
39133,0.596709788638063
8868,0
44600,0.0204582616917889
73692,NA
53501,0.00274444057826584
22964,4.18849548275945e-08
6465,1.9879645425085e-05
39443,0.220855968748287
73697,NA
1486,NA
1126,NA
8843,0
9242,0.000140971485573784
47034,0.35296010396899
2741,9.31713652811312e-07
36823,0.0060264373080413
22663,0.00754542024839256
8457,4.48248236330142e-05
38609,0.807538619752806
65726,0.260561424414013
73709,NA
14050,0.000441574503466826
73711,NA
953,NA
3216,0
7650,0
60406,0.00108015931828238
19220,0.00403098528589291
21596,0
27501,0.000806493456656549
32263,0.0254522587471167
2093,NA
38796,0.00771902101567275
65043,0.0254521825591161
52380,2.92745222614412e-05
31389,0.000795851957066404
73725,NA
73726,1.08699463246853e-05
36040,0.101216563836319
30163,0.000739095490073262
25792,1.61510359417264e-05
46627,0.00435422253679859
73731,0
29794,0.319916565917113
45411,0.0262344804034676
2762,NA
10602,0
41521,0.398886124574879
54687,6.58802367222545e-06
34919,0.0362093209468283
39904,0.000641864084202882
51969,0.0336533000177349
60757,0.000395990374210647
47328,0.0395901302927223
27377,3.59143325443555e-05
32580,0.0180745600363286
33343,0.523106508087731
924,NA
66155,0.0165431760632068
50069,0.325603464438707
37866,0.413657423016357
10600,0
44308,0.0418806390950164
47732,0.534173382868786
17038,2.39248796680497e-09
25668,0.00174700679034688
65574,0.340681393422335
23890,8.75517783863506e-08
481,NA
43199,0.00158119055749664
46623,0.0355732277210632
16465,1.69384401701856e-05
8828,6.58837464948547e-05
42299,0.00719493855879095
73763,NA
12159,8.90958585185236e-06
66640,0.000644470715778747
73766,NA
31028,0.00014198917049529
39778,0.000210883977904918
45889,0.153356080818709
66494,0.000551780751382326
49855,1
55018,0.0238992666359607
11859,0.00166653275229058
35391,0.0346853575535422
20729,0
4341,NA
73777,NA
2339,NA
22042,8.64329398859846e-06
16914,0.000246149798242027
49682,0.0271466294763839
23062,7.82901664092017e-10
642,NA
7690,0
51971,0.0821181819111653
65544,0.0765917673425714
36903,0.312973877656163
36433,0.925004845183927
35048,0.347463530722543
6577,0.000390135573547493
44592,0.000263919936965601
3777,0
37858,0.000708204782808863
52053,0.0280835897649531
15923,1.16419649506254e-05
64248,0.655879509420014
44884,0.0282110475900226
31390,9.46990444407811e-05
54240,0.000129685599755531
73800,1
11176,0
43339,0.4296036107307
57693,1.76676006337581e-05
5183,1
56421,2.61894761072562e-05
35037,0.139736481460433
73807,NA
41109,0.435262301837813
56231,1.62641893064479e-05
13298,2.57712101515773e-05
7121,0
35955,0.121043923765953
3410,0
54051,0.00015064138043792
38403,0.00365355233826489
33352,0.159189619869653
3709,NA
449,NA
39931,1
6516,1.81103602280858e-05
66627,1.92295602263304e-05
15592,NA
31159,0.147389136613981
1894,NA
18233,5.64887468724913e-05
40480,0.124872686573778
62439,0.00306271571750361
383,NA
28467,0.0253363388815665
59126,0.000235277748055054
17953,0.00658210800778436
59249,0.00627732513739595
37852,0.0826629131490319
5406,4.71974364138932e-07
47501,0.604676199996128
65417,0.00185438020753634
41066,0.882774000093808
22503,7.59761873436597e-07
54047,0.029916508642922
65691,0.00992108189761779
42772,0.363921351484282
52770,0.00222926378631203
59843,0.00723975820390688
2686,NA
56955,0.0463432171394113
73846,NA
66806,0.000804458527247804
33345,0.303907515042331
19222,0.0103389495430508
356,NA
17950,0.00222644692755575
2275,NA
45858,0.163160894859791
10650,0.000122856123069024
59669,0.000276337886027029
6049,0
19196,7.44951921378477e-05
3662,0
73859,NA
23881,0
21153,1.80249296807688e-06
5130,3.6083477675376e-05
27073,0.00296743769770305
57678,0.0788490573650545
44283,0.0723836482216845
51,NA
37649,0.0215153552336254
31383,0.0313217289516019
66836,3.00057700859067e-06
73870,NA
37245,0.0117180728150388
3982,0
37711,0.354324015428804
61117,0.00141013775277105
29185,0.131659834897539
10195,3.07655618645643e-05
47145,0.819663454213731
17531,0.000103205420420045
66505,4.34995658476574e-05
3003,1.2471099595719e-05
35741,0.120643744689306
1555,NA
50682,0.000476365344210972
1716,NA
44854,0.534439110959118
44322,0.000776169152495929
65173,0.138215385258166
73888,NA
1330,NA
62074,0.597872185797262
33337,0.0197414092602785
51975,0.12041802058499
33919,0.00976432203434343
54898,0.000198522306930461
20305,8.01132799754902e-06
3681,NA
73897,NA
38402,0.00233407885039005
7122,0
33897,0.0636478075453216
51264,0.000308737169059504
7532,0.000104408382268913
425,NA
73904,NA
1497,NA
37860,0.0205080850233762
14542,0
18368,0.000527302807444371
17829,1.56187262238761e-06
25786,3.30650338183414e-06
4598,0
32681,0.000687041071072976
25665,1.5345706853509e-05
16459,NA
6103,0
4166,9.78941883627362e-06
4699,5.53961775604049e-06
30436,0.507384513156429
7836,0.000312247169312714
33303,0.0563081311415351
33860,0.132946605421032
73922,0.0132486436635557
5206,0
5404,8.90533277029384e-08
60645,0.107864374136429
73926,0
1762,NA
30399,0.0327143774335032
64016,0.0326244145258263
35239,0.543156437857817
61687,0.0366559570789169
58863,0.318271307868277
57371,0.00127328969105452
4342,NA
43052,0.0623515206587703
61124,0.277739642606728
64936,0.000949839595761303
63936,0.0420350415302897
73939,NA
6750,6.0596365993688e-06
50117,0.0022476908445083
73942,5.67203986692762e-09
32437,1
35693,0.872649936735091
2325,NA
3923,0
32250,0.0346928436025248
23059,2.08751829645302e-06
66071,0.018175111198743
9476,NA
25362,6.09626419771866e-07
1080,NA
62071,0.00149196536334374
49641,0.0274401151965574
6047,0
73956,0.0407192269290955
73957,NA
56973,0.0185184835371585
43773,0.00181268419868812
55649,2.56699493703209e-05
48754,0.13328819357506
3449,NA
48779,0.00506576025369412
24042,0.00584786135753524
31175,0.0114940877169592
3800,3.44998201007913e-06
12741,5.39565654569141e-05
44712,0.0235576766227441
3894,0.000129042612375932
27,NA
11792,0
37556,0.174837578166008
73973,NA
73974,0.0305789018184227
3001,1.52417317015275e-05
73976,NA
39964,0.567623589748454
16912,4.23068647035087e-05
36359,0.00149929883080014
73980,0
53270,0.02350856851556
3790,4.45079195569681e-06
53101,0.0206213861376525
2506,7.55154206834113e-06
669,NA
25364,1.06812503305008e-08
55657,0.0769736764719575
41107,1
73989,NA
2036,NA
56035,1.46560498446847e-05
50302,0.0128857763978531
20872,0.00231636943504133
39609,0.633965590646288
60865,0.00291046821765309
55050,8.62296095112404e-06
1099,NA
428,NA
977,NA
3663,0
55364,0.0533933162105726
66634,0.000488756769906689
46594,0.000622349107695282
74004,NA
74005,NA
5201,0.000637853653329725
52948,0.0110363048192741
66880,3.59483461310121e-05
3218,NA
74010,0.00374865335572155
11015,0
10999,1.95744174554592e-06
62660,0.000812507940747799
38247,0.0983676644996946
20037,0.00430140135759796
20898,0.0369894806028871
41115,0.00131860437199801
19043,8.00510279203626e-05
24032,4.44594967652436e-05
6515,1.81812425410398e-05
4917,NA
28644,1.72716008590579e-05
58077,0.00066905961811567
54719,0.0188654023822981
17093,0.024676534743079
36248,0.461406294454758
954,NA
17776,5.1109126412263e-05
33450,1
48921,3.4077097055338e-05
74031,NA
31034,0.595737616070487
51241,0.00970741623962935
3850,4.19048146222937e-06
31593,0.969298063793377
32291,0.0184785794156762
32406,0.0112241837701117
45051,0.288862046520801
6096,0
66132,0.00307764558262177
3450,NA
19614,3.87099686511612e-05
12331,0
3018,NA
74045,0
2274,NA
56763,0.0874759884171382
636,NA
33196,0.140941244706672
22051,9.14278736482884e-06
74051,0
11813,NA
74053,0
16140,0.0106456721716913
28022,0.0601497623433493
925,NA
8869,0
74058,0
41863,0.163284764269941
3615,0
34233,0.568037161866798
10021,0
3791,4.15029840866939e-07
65584,0.00809654081127534
1352,NA
19224,0.0146217227141193
31584,0.171782453403151
52047,6.3453146726973e-05
37562,0.119416029164421
74070,NA
19580,2.17143597712746e-07
2334,NA
66080,0.0444774608727694
46656,0.00947664991549516
27062,0.000345022344799458
48197,1
37226,0.108766501665817
25667,0.00195810380705733
53484,0.000139392941489614
51619,0.0161598123020025
66645,1.11990879514836e-06
1715,NA
55443,2.95387215918009e-06
26080,0.000193721857068844
47470,0.0485577474203886
66088,0.00054117825041427
55748,0.0712876173158763
1537,NA
57012,1.36737863640609e-05
60935,0.000459488702983468
22052,2.03468422734448e-05
42034,0.000518746692706304
30757,0.000323461114853927
20733,0.00032111714069624
32254,0.0585620509775879
74096,NA
2688,NA
39846,0.0865225392502012
2804,NA
74100,NA
28842,0.516515211437358
45676,0.0919128136336123
5187,1.07507793892181e-05
14051,0.000229243201085646
23061,7.92033885583469e-10
49486,0.00883749589685226
18335,0.00936457070252263
22478,3.7467428946737e-05
74109,0
31348,0.186232504992544
823,NA
47336,0.0109547111811842
4597,0
7699,0
50463,0.148538487024526
49635,0.00804779979227467
54037,0.000283961207610482
20409,3.68045341692746e-08
59797,0.00079985276709625
40791,0.534444383087889
60691,6.97575095652708e-05
44146,0.0659019558322849
5781,0.000138064544631831
54054,0.235339810838082
3136,NA
20900,0.00888151419640103
74127,NA
50458,1
74129,0
10065,0.000201615478904062
13186,0.000181197182125318
2130,NA
74133,0
49086,0.401357717147527
385,NA
54244,2.60502754991051e-05
4483,5.6151174385345e-06
49275,0.0107378530158167
8456,1.89391876022076e-05
57367,1.66518059517926e-05
3016,NA
74142,NA
1873,3.32855136453925e-06
41692,0.000270522429907455
228,NA
7649,0
56985,0.0902269144450108
43333,0.509592737746832
450,NA
40565,0.507663734023729
66063,0.0496224447344909
60755,0.00932648998586409
41065,0.00321524759925214
31510,0.0144313110244861
74155,NA
74156,NA
48319,1
3393,2.53980651694978e-06
7691,0
32047,0.00373875310075669
19204,0.0046552560194893
45127,0.110053771443752
54119,0.00356102659139276
10,NA
53493,0.0324742257578926
30048,0.000798405696372264
2080,NA
59128,0.46943005263941
66826,9.96834763699973e-06
611,NA
2332,NA
8391,3.14634403138236e-05
28357,0.000254615509790771
74174,NA
3000,8.47680008191854e-06
45122,0.142694405311496
48099,1
21152,1.41554967671014e-06
63453,0.714657509416997
8447,0.000127350253348415
44888,0.00753780214524948
34385,0.0125242395556478
37243,0.0137904265036251
74184,0.00131022162259554
17879,0.00215013812658886
74186,NA
52051,0.00115176537778752
16915,1.76155851514858e-05
34736,0.406093694583112
1245,NA
47993,5.03185313214393e-05
42883,0.00150590814858825
11307,4.13781972875686e-05
53463,0.0112306666215916
62874,0.00112142855218641
791,NA
57360,2.27184521101064e-05
58957,0.000185483985882464
50078,0.0249372613137555
34243,0.0760142177014928
11815,0.000321217515858853
61883,0.00076883484978054
54123,0.00228326203436163
3138,8.17034009652192e-05
74205,NA
48926,0.451358823209682
56233,0.841378821775633
62263,0.00111624370057409
2552,NA
30074,0.0771984214291537
12534,2.21083869137932e-05
947,NA
40487,0.0356339686700489
18215,1.02891257093062e-05
36677,0.0165860021092933
386,NA
66626,3.25275962594021e-05
66686,2.70680694958288e-05
1492,NA
74220,NA
32125,0.380453956891212
9995,0
66043,0.000869405835381962
26335,0.0110239860774149
3914,0
24935,0.0127131828451861
3217,0
28773,0.00929988582554061
61113,0.0813675243146849
509,NA
18337,0
12341,0
32762,0.0231422316643816
74234,NA
29770,0.0581412158477633
65067,8.59720272311521e-05
17770,8.64099310055906e-06
9518,0.000150901319160712
24439,0.000237954919711461
20468,0.0938966065249675
74241,NA
56516,9.58807397320881e-05
16467,7.1952208739425e-06
59127,0.000370086124228621
62876,0.00450766486437074
48175,0.0233059311304162
1927,NA
12402,4.76007790914469e-05
25656,4.11840621845397e-05
57166,0.043842667166727
74251,NA
74252,NA
27518,0.0245199079608159
12891,0
20834,4.46998490639271e-06
26952,8.88219297746467e-05
61052,0.00116311846411028
33572,0.106526441796911
19490,2.04463780252437e-06
63823,0.00354832564640024
74261,NA
74262,NA
57101,0.043004986679506
11242,0.000156321565265327
10057,NA
19577,3.19173698360206e-09
30640,0.00640384631717444
40313,0.125993674934764
25367,3.52051012574028e-05
1082,NA
74271,NA
51513,0.0144372232966185
74273,0
38029,0.256841103196719
27075,0.000102597770321429
34383,0.0678333304400861
5364,0.000288737834033868
16412,5.66918897189001e-06
74279,NA
15416,2.99829338470539e-06
5698,0
36076,0.11511820681106
57688,2.13150994530954e-05
74284,0
56224,3.62498117090912e-05
66095,0.0022301532372277
24208,0.0462294524282241
794,NA
74289,NA
65585,0.000724742478040184
286,NA
66145,0.00208946603819148
22946,6.8407105348029e-05
7128,0
36064,0.0304538986311087
1121,NA
35884,0.0575045940776535
2231,NA
35047,0.245282904546814
29177,0.000728755351917173
21332,0.00115470390067602
3772,0
35267,0.131441790626634
5136,1.04276026778057e-05
65983,0.0108693885141815
13523,0.0204326355397077
59277,0.000172525934676774
74308,NA
35386,0.000689315400593829
48947,0.0105339747167216
16471,NA
5642,0
9359,0
46177,6.49588521323021e-05
74315,NA
46795,0.0643625874018899
35100,0.501028395454972
24780,0.000501854532265368
2740,2.53699764292654e-07
1490,NA
22810,0.012477292766108
33347,0.064177022525917
50681,0.00744303543206222
48918,0.440911183449513
66614,0.00114781480994858
64905,0.0333792111926525
52472,4.04569461614145e-05
66883,8.60016662900789e-06
58138,1.24557918589471e-06
46663,0.0129227649103344
22600,6.99935500445075e-10
17772,2.29341866125074e-05
50689,0.0068951251537076
1152,NA
66252,0.00178208645839465
29455,0.000190268912561526
34033,0.251120598652704
18803,0.05821114789481
49491,0.0233323462195122
4570,0
1085,NA
25660,3.54715154373555e-05
19480,1.39689755659258e-05
54010,0.000226245860977934
47693,0.811116475684674
17505,0.000176756018378095
46758,0.0184925146592189
52946,0.00269534294318752
6620,0
24334,0.000850726478587167
9520,8.59832563626668e-05
17938,0
35944,0.0372832383844288
38824,0.0387575156222728
19876,3.18103070477585e-06
8872,NA
85,NA
14001,5.8323852237037e-05
36510,0.000777292174304573
49847,0.204365806518342
74361,NA
4172,2.77606055872701e-07
74363,NA
2129,NA
33322,0.38647392315953
61493,0.134541621035416
5002,3.01902231527954e-05
65590,0.035914827842367
39114,0.0159442715439173
74370,NA
3900,7.65516720704863e-06
57777,0.0616884459332981
58300,6.42521398167352e-07
74374,NA
1872,6.05718217010841e-06
5013,4.11989383094525e-06
31335,0.00177528334469419
47146,0.00277429438329192
22671,0.00820123119672831
49484,0.000806830504990691
60160,0.000423683733480025
7321,1
51117,0.000447077907762675
40444,0.00343743100573375
57676,0.00258033636438875
38616,0.00975808160474086
74387,2.89196143444339e-07
35710,0.165346057230457
31540,0.286603511285971
66267,0.0116209969855337
9443,0
74392,0
1713,NA
74394,NA
50692,0.000385014013166559
59447,3.95339023875449e-05
5186,1
74398,NA
35926,0.142838564587759
44033,0.134915747993355
6962,0.000263541717737731
24033,0.000134816472937043
2037,NA
46643,0.00613800823727702
30440,0.00594770530937957
12900,0
1354,NA
28355,0.000157667995313046
65657,0.00959743641211026
2903,NA
22674,0.014661652773929
52328,0.00124025485306891
8237,0
3669,0
41520,0.231268409682183
13293,5.21134446351733e-07
27070,0.000262365079310677
1255,NA
34231,0.441205469036179
22948,0.000264048060895689
31172,0.15403800604728
56009,0.0641938209590857
64139,0.0337719446075962
17495,0
74425,1.52754166422962e-05
62255,0.341425109515048
6202,NA
40454,0.363513951561912
74429,NA
3328,0
29784,0.0133801604570537
74432,0
32123,0.342761941834588
40992,0.000239273899342896
32574,0.0147300865377955
51628,0.107561549984541
16069,0
16904,3.49928133853462e-06
74439,NA
43198,2.93619948167279e-05
74441,NA
18805,0.00759881652336051
54441,7.11944162177983e-05
74444,NA
56977,0.00269672825860377
34372,0.262401294596437
45581,0.575408768257886
37465,0.00149826099491775
22812,0.0202765757726408
3856,3.77611838484038e-06
37230,0.0199716450344136
88,NA
53858,0.000133840856615015
25236,NA
15586,0
825,NA
48563,0.043975881026687
6041,1.33395444424693e-06
49332,0.00162587975412948
12339,0
17773,2.96621643913258e-05
64839,0.0125163054584655
11172,0
17801,2.73153850770927e-05
74465,NA
7328,4.43187383790207e-06
56961,0.0773571270950793
21260,3.00890400459161e-09
644,NA
46618,0.238744011767054
18334,2.07364718861736e-09
36395,0.323022378895463
56613,1.43447076317375e-05
5785,0.000153359167450311
38408,0.00193016738855401
74476,NA
33201,0.0603807879946407
32261,0.24033828548695
51983,0.00548943058250919
14030,0.00231916423685739
351,NA
54204,0.00246066080965357
56795,3.16865353494376e-06
47731,0.281669005062531
45387,0.0457628131058984
56771,0.0972240030692258
10659,0.000328444009352011
74488,NA
74489,0
3793,1.28214438392945e-06
51877,0.00244882705421564
20464,0.0225895847931568
46320,0.00800454611554613
44891,0.000942484322768293
7222,NA
46,NA
74497,0
2998,4.26060055792766e-05
41404,0.0126342152965332
74500,0
25370,1.48963826738701e-05
54834,0.00026973125397436
74503,NA
62619,4.54747731640917e-05
51256,0.0178124749015629
45888,0.101427212647499
28438,0.0435222185149468
66572,0.00513096274451394
7125,0
7645,0
29648,0.543196879545687
15964,NA
74513,NA
13519,0.000245019591013971
40803,0.692572389236141
30259,1.51202872212188e-06
12345,0
15626,0.00107495582931451
74519,1
66841,0.000655596805538078
422,NA
5193,1
54434,3.18473617309249e-05
19488,6.92337634888105e-07
64094,0.0628253916114477
22676,0.0485805253175895
17961,0.000767573212686877
74528,NA
63743,0.000790715311753636
21313,0.00225314824530114
66082,0.0104041576998022
74532,0
35350,0.0611361370380732
14340,1.08572265282574e-05
5981,3.64512052955312e-06
55839,3.22463074183941e-05
7224,0.00127332991158055
25930,0.0214962846488064
2092,NA
32112,0.000455903977378747
358,NA
18399,0.000795793602102138
66307,0.0120111160189803
50060,0.00478426264690286
65870,0.00316864698027309
48347,0.0011592127265483
48567,0.00941939044286466
26758,0.0100059599271865
6052,0
6990,4.51617787942125e-07
19626,0.0130879213976315
2761,NA
74553,NA
48907,0.038787569586375
61996,0.00430386877080589
5134,2.61617126482588e-05
53,NA
74558,0.000777430158799459
15420,0
7326,2.30985031354744e-06
58614,4.28873115401422e-05
31536,0.0253137885224222
60472,0.000792235756314016
3897,5.81998900623069e-06
66343,0.000290855245657932
64567,0.111762321429466
11236,NA
34921,0.39360339861781
7139,0.000334860420481371
74570,0.221600981215828
74571,9.47525552713255e-07
65503,0.102338052660134
1332,NA
2084,NA
32284,0.00113033924672119
6948,5.64046331329458e-05
24493,0.00866443939968553
43332,0.662035207335
55033,0.00799356771644011
65789,0.434047213056613
159,NA
50063,0.00947091706753288
38934,0.803969286135097
74584,NA
74585,0
65593,0.0138189541395152
64619,0.0134923172029061
14903,3.99002397420266e-05
7126,0
40440,0.0214966322541063
7536,8.21438267763346e-06
41112,0.0942241077815917
66847,0.00861512832495718
61614,0.00550085133549387
64173,0.00138834502846244
13521,0.000207952378055614
35243,0.11525547622539
8286,NA
31537,0.0811641444974716
65071,0.000737179407860203
18375,0.00101184228547886
56572,0.0219825334700884
74603,NA
58953,6.82099187920033e-05
4600,NA
28440,0.0121753640271954
45043,0.0758962014017878
4170,1.67851866518512e-05
51626,0.332950061436045
27807,0.00136260570255033
22960,0
74612,0
57177,0.000742247578919178
56195,0.0359765790587645
125,NA
65660,0.00222067802308369
3776,0
39798,0.00238960592685335
22505,2.83714431511474e-07
56401,1.25460142024986e-05
47814,0.00263067537088897
74622,NA
6201,NA
32618,0.0672096054846991
53813,0.000593652530975779
8228,0
25796,0.000767442997071824
4568,NA
3926,0
54727,0.076979958263233
74631,NA
35033,0.892290771101411
52541,0.00131156318609146
36824,0.0036693137140591
62526,0.00422229278105317
6050,0
3853,1.50538873589705e-06
16596,0.0024298826857412
60520,0.0147252227988451
54452,0.0187504084588533
17830,1.5754380933174e-06
291,NA
63128,0.00117460290360347
3453,NA
1304,NA
3708,0
47561,0.0812621067918104
16460,5.37227641825142e-06
14520,0
36502,0.00306651024957139
3984,0
54627,1.10247329181265e-05
5782,0.00013821927500256
54203,0.0103504732263664
3898,8.09445312012013e-06
2683,NA
74657,NA
37468,0.00168300862720066
29,NA
25530,0.00670154669333903
63212,0.000170508845227811
3005,4.60489313122793e-06
34763,0.166961254091099
4240,0
55209,0.0122597628868424
2272,NA
7277,6.68095910613894e-06
62262,0.000260106702868833
63614,0.316377412879485
49466,0.00156511939739938
3380,9.09409962846885e-06
25369,1.22724278752656e-05
4371,6.36387528799056e-06
2832,NA
2040,NA
45081,0.0136003550181266
48334,0.0274909166916942
48394,0.000208188303520434
49694,0.790273558984529
59615,0.000129687601657731
74681,NA
74682,NA
43731,0.100271872902206
56808,0.900251997801402
74685,9.4140843809782e-07
66412,7.23441108913599e-05
28646,0.113449284547528
2748,7.09684759062339e-06
24337,2.19603934894244e-05
2237,NA
63050,0.000307669039982388
57159,0.191955170102274
58307,4.18694632797598e-05
74694,NA
30258,1.78489031062243e-05
3667,0
13011,0.000532818180222336
6991,4.61792604170084e-07
1884,NA
17360,5.55208772519592e-06
66276,0.00110231062020255
74702,NA
5205,0
54603,0.00668333541732504
3222,NA
7644,0
27503,0.000248826561423186
4516,0
52302,0.00343093257962324
2041,NA
13522,0.000333501010451406
25234,6.20197932145068e-06
16936,0.000215838649667443
74714,NA
41868,0.151524647136286
49856,0.00104156698465235
24504,0.170597325651391
12363,0
3135,NA
34677,0.067839425503912
3,NA
52482,0.00492439616191501
66749,2.00184622479932e-05
956,NA
17784,1.09916300757964e-05
63006,0.00288823287777815
23111,0.00517880707586403
74728,0
20887,0.0628350262222797
65483,0.00478346708469828
74731,NA
64906,0.047374478489228
4253,0
58075,0.048109509194737
3854,1.82826700720238e-06
66260,0.0494451202748232
1101,NA
6100,0.000114961306830733
58289,0.357559158972776
12335,0
3799,0
3454,NA
6624,0
7223,0.00205355949781765
40921,0.475813797588308
9532,4.4203252432824e-05
62128,0.0485228762738261
47733,0.00440922386495411
22193,6.20246639444354e-09
2976,1.13251746090877e-05
66222,0.0432907973048523
74752,NA
5783,0.00015642185586717
48708,0.0714320927529121
18947,0.00205018373201017
49861,0.000196693902397878
74757,NA
56773,0.0198674308252197
11260,0.000165920013143534
58763,5.81930946325492e-05
4241,0
33181,0.965114549538385
74763,NA
57519,0.0072532132253266
50485,0.00147872687817989
3619,1.51414895455225e-07
60229,0.560113023754711
30968,0.438601412017738
22816,0.0527370512695204
20870,1.77531698192208e-09
44595,0.0713626864811582
19228,0.00882043772462135
7325,7.32006905968562e-06
6045,4.8728781528152e-12
2833,NA
43621,0.00807973726426382
37052,0.695429805667013
3240,NA
2338,NA
74780,NA
65497,0.361622828672154
35051,0.0412064742576545
4347,NA
51437,0.0336176015992301
34204,0.544590333493952
17804,4.2980545445991e-06
12941,0.00174640761926537
43167,0.429360468389103
26085,0.000141831069011062
4661,3.02468019625053e-06
30260,0.000159292920789727
53133,0.0163082655380006
74793,0
32117,0.0566336981281576
74795,NA
12905,0
53929,0.00259813090819612
52148,0.0112818123974873
66397,0.00303487245778525
2278,NA
6583,0
74802,NA
38930,0.0138317353110327
1323,NA
4872,0
65967,0.0300878525258145
65194,0.0079778938955886
66015,0.0108840842931463
30438,0.0523371968660932
32469,0.00424178395555256
5191,6.91075538857171e-05
47434,0.00487768352791664
37332,0.0379643806818059
14524,0
40445,0.012738487355696
54631,2.83509325172248e-05
74817,NA
21775,0.00790403924014023
55249,0.00211531094702735
60029,0.000630447230280156
30937,0.00298494915384631
2244,2.95155982017699e-06
13307,8.66323683093728e-06
16221,0.000291463211640966
12882,0
51263,0.0127535035672336
24330,0.000291569072222363
54049,0.000338471004166422
56044,2.60135385599476e-05
5544,6.98367739372212e-06
4599,NA
45892,0.0140103534556348
7278,2.13122169992787e-06
13303,2.71710574942899e-05
28774,0.0669687017613807
41196,0.992612892585939
38399,0.00152254906658819
8842,0
4169,3.97303130023041e-06
37863,0.000381860562640194
28427,0.0557206962583472
2044,0
26859,0.0150965410373322
38921,0.261818093575793
74845,NA
2134,0
2544,NA
10072,0.000199825916687281
74849,7.5902449513354e-06
1721,NA
74851,0.00159190446531143
387,NA
39366,0.000796744185001359
49087,0.00373637073401714
66328,0.00129895202067973
37456,0.00253609032402516
57681,0.000604140063353565
74858,NA
74859,NA
32683,0.0166117850373219
64591,0.0780753886509343
1458,NA
74863,NA
452,NA
49455,0.0552816482883145
32576,0.00881011104931091
36498,0.0379624436101548
66377,0.0408118616520218
58384,0.166293445553878
21317,0.00278734532432025
59266,0.00096173210363255
11301,0.000114259295522417
50685,0.00203721295593156
74874,0
35522,0.0623457553416219
17916,0
42061,0.086698949765329
74878,0
9990,0
53671,0.000841356527179241
1917,NA
11592,2.17056749919564e-06
35016,0.0818144873109237
3983,NA
3668,0
48710,0.229169317933173
74887,0.00630291805227171
2336,NA
11588,2.84304848317652e-05
12943,0.000318187209732693
35375,0.51508660092063
3004,1.28436260337267e-05
3313,NA
66580,0.0667263103177807
44599,0.0253333760087359
8449,0.000806941466206701
10591,0
74898,NA
50671,0.234307451777594
19071,1.93864268812611e-06
74901,NA
2258,1.01306423609334e-05
3019,NA
42896,0.121243856735383
2234,NA
61603,0.00052466418477759
74907,NA
74908,0
38410,0.00114674955922501
34861,0.00111712268912326
793,NA
66818,0.0744466805110442
3381,1.38528947893815e-05
43047,0.00271942110462066
44878,0.0210152873732685
2446,NA
36921,0.240190252335585
49512,0.234003922882879
1881,NA
74920,NA
57171,0.0295482929271319
74922,2.32847018411214e-05
74923,NA
63294,0.00469709299034761
74925,NA
48574,0.0249463881963557
1284,NA
18244,1.49611409350079e-07
74929,0.000174145044579088
14897,7.81638789956778e-06
2556,NA
74932,0.271920196052161
66444,0.202293855995377
37783,0.00105215156514107
74935,NA
8389,0.000109134606232392
30644,4.45002827615158e-06
34675,0.0194196106622439
34905,0.213159666597515
64320,0.201931419382624
10010,NA
1496,NA
36833,0.00679003998830661
45193,0.00417676886210335
60996,0.0782662693849248
52620,0.0606314382229389
38391,0.000328665401131152
74948,NA
61115,0.00279090630656513
8839,0
3221,NA
7170,0
42620,0.00935989954570055
3986,NA
1673,NA
29778,0.208011615159465
51615,0.181712173946417
4515,0
61505,1
13838,1.53819016860592e-06
74961,0
22660,0.101640137238667
37854,0.0298011462246044
3015,NA
55807,0.0246051269541443
74966,0.00148983049029936
1719,NA
65269,0.0304174292782601
53196,5.06504504380383e-05
46378,0.000193409990076946
25802,0.00688995352161054
41856,0.189935829996856
65290,0.0196453632948883
40894,0.00802004286337265
3924,0
2279,NA
2706,2.83107832852569e-06
12940,0.00538810039472182
39574,0.0208104405101357
74980,NA
66762,0.000337900453654551
37460,0.00686173528149016
53677,0.000145177314320674
27379,0.000296427241928074
74985,NA
74986,0
47812,0.00800575097834246
57837,0.000786654329848468
2331,NA
1918,NA
53949,0.000511432068283896
74992,0.0038082471213258
40438,0.23976603065287
19226,0.00318497078789693
40505,0.202895949261496
47303,0.424117280993609
45539,0.178855798188595
66166,0.00393041108903393
41108,0.688410625563084
1893,NA
75001,NA
22056,8.73435448305233e-08
56041,1.20836163773262e-05
346,NA
29051,0.000812647160080009
3013,0
45829,0.00293895012469664
34026,1
75009,NA
796,NA
24054,0.106898044577708
49517,0.0035084754525814
75013,2.32217335038763e-05
60880,0.00010779380244485
50454,0.133529435396517
52052,0.00188696628252028
2235,NA
12881,0
75019,0.00250540401521313
45391,0.223936449104289
40,NA
5672,0
75023,NA
2685,NA
49272,0.000345071746295971
61041,0.0569032965107774
4798,5.58573730563678e-05
1882,NA
31401,0
65511,0.0720081581815176
2830,NA
55233,0.063797514717462
75033,NA
17356,1.4431746071198e-05
42621,0.000704485843024131
50866,0.182213433934018
7114,0
75038,NA
47791,0.238974788653017
2329,NA
17914,1.5138247059711e-09
5242,0
58148,2.02253806491089e-05
44282,0.16075440360939
2743,4.86465089564985e-07
22216,0.0223393738985595
5691,NA
59740,0.0152588494095849
1494,NA
51611,0.0760329002269563
37236,0.366531070713039
75052,0.0118411223542902
66824,5.88653582956034e-06
20879,0.00290627763335698
25784,0.000109063067433538
49307,0.0806114892231798
42750,0.280555890689775
37400,0.810575603608127
3765,NA
24443,2.35709597313936e-05
53827,0.00103085606481507
54046,0.000113551371998859
52769,0.00880360221731498
19485,5.03816396324237e-07
1766,NA
75066,0
7046,0.00024995702804812
26466,0.0340196506822233
66156,0.0325212905827356
20473,0.00632224643188827
75071,0
75072,NA
40548,0.0322344580343671
61986,0.000398116029447917
6622,0
55631,0.000115474611269316
26956,0.0248084068972188
19206,0.011411209760415
352,NA
54804,0.00821811274781442
75081,0
87,NA
14008,0
53745,0.00013694324195017
33896,0.207432512651279
39966,0.239455721952923
3137,NA
75088,0
46725,0.00875286630815073
2133,NA
33324,0.0362188477920206
36826,0.00349959505856844
33553,0.0218037443230421
56229,2.00426438254615e-05
49632,0.175278115348434
15052,0
4815,2.95661104313517e-05
2131,NA
75099,0.0595436895180644
7771,7.32988578295783e-05
47,NA
48776,0.0156668709820885
33344,0.036343746756881
60224,0.0106348779640664
63662,0.00245353098789648
41424,0.747026070555322
46880,0.0326931862654192
7323,4.60369094298198e-06
25556,0.00764692536593675
56802,1.52304273625707e-05
1874,0
37679,0.631848680878186
49141,0.000500546093813711
33537,0.78878859083977
39779,0
75116,NA
15510,1.72838957890746e-05
66576,0.00431289569209281
42328,0.134910958568638
10590,0
12320,0
10069,6.08591598493893e-05
53102,0.00357283918951755
5403,5.92628304474824e-05
54855,4.10154476277038e-05
35392,0.165322943025054
36896,0.420763069533498
1674,NA
75129,NA
49917,0.0359485843809709
32253,0.0113597988152857
65343,0.121009508601574
75133,0.0546763800744685
35324,0.0124521022067644
75135,NA
57201,2.4217128600989e-05
24652,0.00618612856281877
10009,0
49880,0.0268575667317729
43051,0.0551319196848438
66433,0.000949631764878009
29864,0.00157754475423482
1356,NA
34679,0.0443719775336066
75145,NA
2907,0
35371,0.0324765712520729
75148,0
1355,NA
75150,0
2342,NA
28346,0.00204441424180608
19069,2.20059298591364e-06
75154,0
53665,0.0263125570859545
58295,3.66848430558112e-06
60209,0.000558639230573979
52117,0.012730383905882
35238,0.611384927695352
13497,0.00261212698281945
18219,7.74058219119694e-07
44880,0.0360709903332651
75163,NA
44848,0.0812433719560722
75165,NA
32653,0.142356286119475
40176,1
3385,1.30535456410256e-05
57721,0.000118311159068886
52695,3.82233510801022e-06
20731,7.43988640529767e-06
43176,0.0467556736734774
63044,0.0887777448918772
421,NA
30408,0.493940127169159
1325,NA
15389,3.60806638348771e-05
65065,5.22488679650253e-05
22058,9.79268594627961e-06
46346,0.311960426071619
59471,0.000145605711012473
37849,0.00155133488936863
1324,NA
6555,0
15071,NA
7047,1.75897858720668e-05
21783,0.0045020811060477
50667,0.00171416616259525
66748,6.50451308012049e-05
90,NA
37246,0.10921038346964
976,NA
47144,0.255462623845378
34235,0.778435355290824
5135,1.52525739927742e-05
38356,0.427993952624898
54809,0.00182593861463981
75198,1
826,NA
55247,0.00497500081525233
75201,NA
65993,0.00218407284022975
4284,NA
4601,NA
61425,0.0178178244939818
51448,0.000146672501567176
57843,1.29228058941324e-05
75208,NA
30458,0
39571,0.000440846200193659
66812,1.53690834844433e-05
24055,0.0804642579426765
7772,9.55727873158978e-05
75214,NA
22350,0.0180894027618036
44572,0.00431013316381403
5231,NA
2977,2.56982358595408e-06
5617,0
56391,0.330517777168688
28549,0.0169091577356705
40890,1
55799,0.00609022692621468
4687,8.07242664056233e-06
13491,NA
53564,0.538049306993726
20472,0.0219220538688324
66878,0.000259720581163431
10071,3.12293743359745e-05
66850,1.53119309515315e-06
28769,0.00154485000495858
75232,NA
40167,0.0544150127330318
1285,NA
17807,2.10853926445909e-06
56957,0.0674188253273559
4569,0
3241,NA
75239,NA
21136,2.03299180872107e-06
29656,0.0309618016681418
26957,0.00202504467089967
43014,0.0210113256324416
17774,9.66665653026569e-06
58134,4.07716965013053e-07
8239,0
60381,0.000676706430366907
17947,4.18572914574518e-05
47549,0.0443530638990195
5592,0.00011966017029854
48333,0.240406805005925
35032,1
46142,0.00218826249692316
44010,0.195581522239728
9989,0
4171,3.110032686723e-07
53669,0.0126812251044853
15627,0.0138175216307352
75259,NA
66217,0.00384425954829001
27086,0.000230410058784261
5197,1
9437,0
39905,0.000360224210681572
36830,0.0046227037943639
424,NA
3536,NA
3437,NA
41380,0.00188405097424711
1296,NA
64762,0.00822316639536342
31388,0.000342708064311956
36039,0.138946848908662
75274,NA
10616,0
19192,3.27387419434238e-10
10192,5.89560292107563e-06
5766,2.02751925472464e-05
75279,NA
66623,0.00034574870538914
23028,0.00874151439629019
795,NA
64106,0.530702799270746
32251,0.292083479446427
34399,0.883762808754417
4229,0
22191,1.52931855656303e-06
75288,0
24346,8.68533406702337e-07
75290,NA
50272,0.0601720214887227
52466,0.0100321916115117
37865,0.155167600170049
37048,0
75295,NA
75296,NA
29687,0.0165528263842614
20877,0.000712343429968926
27087,0.000655406625830385
6457,6.47389766692956e-05
31147,0.0092275640881733
14896,4.94837725402674e-06
287,NA
56015,7.21695819543867e-05
59798,0.00943147338317251
4987,0.000171309430339312
31541,0.0648716980770514
23429,3.84231301904379e-05
49125,0.0667574497832529
52046,4.54091715610802e-05
512,NA
75312,NA
75313,NA
5284,NA
11003,1.36490229931632e-06
3144,2.69198493222839e-06
75317,NA
62699,0.00261821255418332
4688,7.60254062392574e-06
13493,NA
29276,0.589286143014594
7718,0
46043,0.0871163249147426
33164,0.917314510740059
53496,0.000541725477943336
24331,0.000221263711174149
75327,NA
75328,NA
59103,9.71820399566783e-05
3851,8.31630237447224e-05
66365,6.55105664871081e-06
35384,0.116005187301307
55042,0.000909946446594144
75334,0
20828,3.66515327937729e-08
161,NA
15590,NA
3451,NA
17096,0.000790108975142229
18232,1.04044433334143e-05
19209,0.00270295730110438
36907,0.0242551734803443
31402,2.89157713103031e-06
17098,0.0030072192322471
478,NA
5780,8.62495496292319e-05
49104,0.000965349200966433
27648,0.00840088616796551
47553,0.000707708197080992
57840,3.90789397259223e-05
40759,0.351227096712579
8290,0
31548,0.0194830100684234
8962,2.52164826476815e-05
4238,NA
511,NA
66255,0.0532489850793446
62880,0.0154005612699715
51439,0.0009771926957476
46423,0.0978097792071096
54036,0.00070941127088076
3438,NA
75363,NA
34773,0.00901836669722553
12892,3.04431366313406e-05
127,NA
15764,4.82918751636313e-05
35592,0.0387501944572814
5767,4.18290287431854e-05
46568,0.0297581846907879
66310,0.000980119614139672
50472,0.330854665318715
36687,0.954049264333255
4230,1
19210,0.0166627002199194
10669,6.95658790965345e-05
66582,0.000351970713998634
31570,0.0194121240189732
51302,0.000245870218597913
65752,0.00632568280225159
8232,0
59089,0.00367330572476433
2239,NA
10012,NA
19054,2.77116836083214e-06
49237,0.0072377661908615
66556,0.0282244552879538
477,NA
45420,0.0592236734009019
40483,0.00038559013768338
2549,NA
35376,0.292332372111873
17785,4.2045003031231e-05
75394,NA
75395,NA
6458,0.000167192078669923
46372,0.11997216387956
56780,0.00227418171660237
5188,5.8777264748564e-06
36394,0.083624117888194
75401,8.70320172321557e-06
28768,0.00157950065441222
75403,0
34384,0.0590138416434853
1710,NA
65425,1
46160,0.0862968542425632
52050,0.00137513838929755
75409,0.00045187996839504
33066,0.0466869999428949
56953,0.0460014512010501
47499,0.0382785601941797
52224,0.00150078234248685
3008,0
8099,2.71785541779634e-07
3145,5.96573063363893e-06
21135,2.38852528336238e-06
42748,0.338809577025125
17528,0.0251704429838266
50077,0.0475467941576656
1924,NA
32640,0.0483686723531207
75423,NA
2794,NA
47304,0.030161652048482
49674,0.0105433564246051
48318,0.713268476996752
59841,0.000161758709525508
1761,NA
9360,0
54234,0.000226165278522869
4918,NA
50087,0.000706551701231802
5616,0
38725,0.00161920833991534
1907,NA
75437,NA
3537,0
66853,0.000316860844771814
54697,0.000955233792054451
75441,0.0222796105064439
41437,0.0232146006047443
7171,0
65988,0.00740546178907445
54447,0.000182902934580252
33552,0.27792587180955
43769,0.00303425966362611
46425,0.0055968295743731
61940,0.0334621251239164
27089,0.0131263228981188
21259,3.09639977943973e-08
24344,0
63697,0.00326197923106141
31329,0.000902437985242935
34028,0.345677885002959
75456,0
27511,2.31497222273863e-06
8238,0
66027,0.194055789257777
5591,1
222,NA
75462,7.85309468285409e-05
75463,NA
75464,0.000121899979548942
43727,0.00534342120426261
37869,0.81374289046077
34234,0.434001779255973
56967,0.238489397819224
48925,0.0992011677621933
3616,3.40612684325333e-06
75471,NA
21592,1.70564915068093e-06
1280,NA
2240,NA
1357,NA
30400,0.137747545801216
48540,0.00182383912004738
2546,NA
75479,0
50859,0.395714147452822
1485,NA
75482,0
4,NA
44569,0.018313646462753
9589,2.07967180713913e-05
66032,0.0472156448821076
28345,0.000615541282382119
8827,0
75489,7.54759437836386e-05
21574,1.24396264188044e-05
34395,0.332199686458617
2366,NA
66644,0.00505301302690177
65412,0.0099517749781214
2534,NA
7127,0.00365656244987711
51432,0.0567579687590379
60408,0.000523561486598099
35700,0.890737680774132
11305,1.27396014849914e-05
57164,0.383676140283637
20730,2.88083111537494e-05
17805,7.89068838562004e-06
3049,NA
75505,6.91624223651676e-07
1530,NA
29865,0.000535685631422933
26205,0.000111433904934842
66381,0.000655828866113106
28639,3.73444287885021e-05
2694,4.11556774583991e-06
6749,0.000851583512244095
4986,6.89210475935171e-05
30142,0.568305898853588
51970,0.00749749557603411
1908,NA
50289,0.00908668286721004
66560,3.1934734419737e-05
2236,NA
12949,1.41534915513107e-05
23739,0.0322132926958332
15951,NA
5283,0
38304,0.571870866665803
58443,0.16531216179433
75526,NA
11213,0
1883,NA
65728,0.627484695508685
1661,NA
66085,0.0248909513646966
60045,0.771014457049413
56584,0.411047373518638
75534,6.97383378194628e-06
65309,0.00166870351961007
32615,0.620372620657998
14518,0
7120,0
64095,0.00956637231359278
55015,0.00572239122075369
34370,0.0913259159539207
19207,0.013556578070135
14532,0
58292,0.00801148093792597
56986,0.0275096122788206
50730,2.96923371815991e-05
54125,0.000631332653887048
5337,NA
51060,0.0102139234025973
12886,0
75551,0.0014694318703547
75552,0
3243,NA
39829,0.00195677486233142
35042,0.0223685021369437
58303,0.00160021807155611
15593,NA
17781,1.68477539138408e-05
18234,1.15150772072547e-05
20577,0.00836599471335363
2317,NA
3915,0
3899,9.44016031191667e-06
1076,NA
7834,3.29887845483587e-06
66831,0.0237749461334435
56002,0.116863791300283
32481,0.0288752426554984
62080,0.0073950960454283
20448,6.27247923894873e-06
75571,0.0203003431004453
33327,0.108224605439831
15083,NA
36387,0.890596987948531
7313,3.89835821998702e-06
56777,0.0115475693105338
9441,0
62617,0.000576870988231733
6556,0
280,NA
55276,4.28172110611023e-05
41399,0.315507841020218
75583,1.72738226610665e-05
17358,2.83542615386747e-06
51489,0.00047171604114006
43734,0.0367452778658011
34577,0.0161332255736235
27931,8.77183676292725e-06
3392,5.02405316478641e-06
52596,0.00972203222633561
2902,NA
56705,0.000372651102635657
15903,5.98648823337862e-06
921,NA
5243,0
665,NA
10007,0
61809,0.00031584670087002
22218,0.0384079091217413
41864,0.437967470352585
75601,NA
29615,0.00718573601989361
49285,0.476486216859714
5232,0
75605,NA
28643,0.000499226223957494
39932,1
12951,NA
248,NA
63984,0.773667886218363
53741,6.85683838787082e-06
56761,0.0535853033644144
10599,0
54035,0.0375898543249526
39368,0.00688417179440104
28770,0.00015418759628328
44515,0.041974875823359
2793,NA
31539,0.0743510475754056
23428,1.95697891255776e-09
1146,NA
16422,2.66553506814193e-05
49919,0.00084454525988886
1760,NA
75625,NA
50459,1
11006,2.89660003400739e-06
1666,NA
11788,0
75630,4.93091568158387e-08
1083,NA
34935,0.0989631823127994
3855,1.47060282912218e-06
14534,0
75635,0
44030,0.0022670588334431
445,NA
51703,0.018657125128697
11795,NA
3455,0
45395,0.0711386093645097
2703,7.16283608447809e-06
19194,5.64931060039603e-05
44564,0.10124897375742
75645,NA
3661,NA
13995,0
79,NA
59437,0.021499376788217
50676,0.0225374282501137
65400,0.033605494668925
30643,7.87124591530345e-05
10018,NA
75654,NA
63316,0.0119002273226257
20827,3.12036572829774e-08
75657,0.00309190096778025
1122,NA
36905,0.0207750245299108
49469,0.0315527972548881
18776,6.00364528399011e-10
23984,3.37389290448585e-08
47730,0.695063330211732
13987,5.44574457541719e-05
45647,0.00250056905405852
3792,3.08621270496456e-06
12317,0
48395,0.581764440002648
1068,NA
24494,0.0262268317891958
56959,0.134997710935449
75672,NA
54522,0.00268225133254
19995,1.34035164684755e-05
75675,NA
57196,2.8222174107273e-05
75677,NA
44636,0.0365550181887168
128,NA
33539,0.374263352432238
75681,0
1763,NA
51428,0.0353985386170768
15457,NA
22231,0.0447065038953631
60403,0.00157948865344751
59853,0.0153452560470293
27224,0.0326064270526644
45492,0.016024939973443
16901,0.000203467854405942
75691,3.22544197386641e-10
12175,8.85782748661456e-06
2326,NA
52628,3.53652196300741e-05
36185,0.0178903598448
1249,NA
66636,0.00188617153969917
53030,0.00320036966152042
5543,5.47400793789602e-05
58958,0.72692125071583
53459,0.00113079348930625
75702,NA
40481,0.00256954296383221
10425,2.65200195499201e-05
66839,3.15544899644132e-05
348,NA
75707,NA
56769,0.0716889469498096
18643,0.000132724792843587
1529,NA
21772,0.0182674811174371
75712,NA
56983,0.430317402690851
44591,0.218039759854806
75715,NA
34379,0.175005469031311
19221,0.0201537236024186
413,NA
17342,0.00331992582843518
5676,0
2689,NA
32260,0.318960800851523
42,NA
45084,0.0378026962974596
46920,0.174807974043517
19482,1.5015661205541e-05
25663,1.38306704014699e-06
21768,0.0405862973405962
54793,0.0176911123001873
30159,0.0036931555959013
82,NA
1102,NA
821,NA
43580,0.00111409049021019
55054,7.37892160062373e-05
29363,0.0212382472378462
314,NA
12321,0
3444,NA
8227,0
13503,0.00462418340472037
638,NA
46592,0.485685802606891
65192,0.00228930317010558
14371,1.38542295539582e-05
50474,0.00187572562181212
45170,0.00594516889131813
75748,NA
4236,0
41377,0.314516969926119
20316,5.19352478377275e-06
30015,0.11236543745889
10194,9.87104959186639e-05
7831,2.68770598325718e-06
34920,0.0569710684770545
4484,2.76590246658426e-05
75757,NA
19618,0.000147918315034793
53844,0.000832383551190123
20459,0.00532397021622228
50461,0.230486086939706
3242,NA
31719,0.753381052758698
15591,NA
224,NA
75766,0
43331,0.0224480952075367
6619,0
23874,0.000385289822230326
6464,1.40298976962215e-05
58864,0.00972979063911248
2505,1.18107622111349e-05
61689,0.0043277089692544
75774,NA
59260,0.126727026838989
34242,0.0719279167672555
55655,3.63872199457171e-05
54829,0.00038601661014694
155,NA
66306,0.0549971588986835
53268,1
51614,0.0129810119723953
59091,0.00866909868449099
6,NA
15390,1.906651813395e-05
11879,5.46409633210612e-05
26429,0.00102390552305409
21747,8.26812715411156e-09
66770,3.79561938184755e-06
27072,0.00079300604192651
47063,0.00702740212278426
33680,0.385711909529496
42105,0.955134854431151
8388,3.69251337863527e-05
23875,3.90124672388509e-05
7320,4.40320325994873e-06
75797,NA
9588,3.72568119009565e-05
66668,NA
28765,0.00176727979590343
60934,0.051911421006229
61070,0.000187396338678707
35237,0.674339808484061
66700,0.00229739884360318
10670,0.000110655355907156
10594,0
13494,5.59032563497116e-05
12400,2.0921148168571e-05
787,NA
56324,0.00244399272883635
17813,8.72689469333706e-06
3547,2.98370824750641e-06
2083,NA
35099,0.369561626235372
19478,1.60055973601447e-05
20888,0.0254741425502422
18384,0.00320789747580157
35787,0.0478985253311136
943,NA
382,NA
66659,0.000921086827599137
50303,0.07797669461805
66402,0.00180368957757773
41827,0.0303529678325298
13999,0
53461,0.000635212706814795
53676,0.000112701631302813
1459,NA
505,NA
46617,0.0708900452563726
1665,0
75832,NA
32128,0.176587868930159
46400,0.00759933662611845
56396,0.357599190601656
48899,0.0783629731109074
38820,0.359273987120072
66574,0.000129674750339953
28468,0.0355932086732426
7832,2.12852027319654e-06
54031,0.000197576014914497
20466,0.0246034302428822
31756,0.000129271537921888
121,NA
20871,3.37754801489703e-05
64850,0.0583488130122248
62260,0.000571874944734256
1326,NA
44757,0.619109209838939
39255,0.0965393794265891
39715,0.00243330642424638
17344,0.000104344441638559
62794,0.00171925917733259
75854,NA
75855,NA
45419,0.0200338044216963
52481,0.000411289105835604
37222,0.122948533455643
44034,0.0617471329916051
14900,2.40229654790021e-07
2539,0
32057,0.00273575191774292
37227,0.0212362447524224
43730,0.178531309985826
4916,NA
51433,0.00050481812709679
12449,0.000170436607254545
65231,0.586056684781568
58621,0.000870009954020946
29986,0.000174854576114603
7717,0
58784,0.000310791667946203
61559,0.0408474204329139
34260,0.0262498183614973
16398,2.82306347820922e-06
4828,8.2016981542689e-06
1536,NA
5621,0
66364,0.00400389640392071
5690,0
32579,0.00527832972859439
790,NA
6095,0
30758,0.00020195627337668
25,NA
75886,NA
59997,0.00031923594080855
1912,NA
30932,0.0803874841611365
923,NA
48023,0.652132953970446
17782,1.09979203424208e-05
50080,0.00638502341383757
5596,6.08703476267487e-06
27521,0.0204362837670696
40792,0.40359604543164
6040,1.74229973401036e-10
51118,0.000460208511101253
34375,0.0323262001762396
63048,0.000264470241665798
75901,NA
9806,0.00109311388879723
17825,3.90610292638557e-06
1298,NA
3659,NA
10696,9.97340769469084e-05
5341,0
45080,0.155824361363643
60480,0.0106002033187966
56418,0.00012380610339871
42428,0.127957524736796
39382,0.00220850213323804
10621,NA
1148,NA
36038,0.293140405093198
5770,0.000561383644830681
54601,0.0127762798481555
54833,0.00220790089230247
2995,5.73337880390753e-06
64138,0.0146321752284634
75921,NA
58761,3.92338678869206e-06
4508,0
23282,0.0631567501353318
22794,0.0463267912298552
17935,0
27491,0.000431962376083303
8226,0
46726,0.00726704092809467
75930,NA
29578,0.00452180737359148
31750,0.00644912055243079
58308,0.490161809500537
75934,NA
75935,1
56045,0.000410234255698771
37051,0.213779474686808
17092,0.0126059147984942
37864,0.0748342163489018
75940,0
13996,0
81,NA
17791,3.44803979899503e-06
6461,0.000220286456023623
289,NA
14902,2.30792694788721e-05
39927,1
1124,NA
4990,0.000255485161132612
8287,NA
36895,0.354488196246254
58459,1.8206586011046e-06
54939,0.0369574789182902
66226,0.0391971885949879
61691,0.00038842921990325
75956,NA
26520,8.36696610385841e-06
52627,0.0248659955835233
54616,0.0134160664867191
53928,0.00406830663247888
64399,0.692690325483525
4520,0
20319,5.24445295064347e-06
9516,0.000157490775985913
5288,0
29284,0
64618,0.123616121259878
5344,NA
56197,0.116654949517281
3384,5.71400565609498e-06
4070,1.17961426021262e-06
30437,0.00182112945920201
33180,0.42425481785335
63134,0.00419086085716837
215,NA
8334,NA
56185,0.0284008165949858
75978,0
5563,2.08976539950691e-05
16913,4.88837984215346e-05
10720,3.91354474974474e-05
41386,0.000777156680115692
5980,0
66800,0.00439379564854636
46885,0.0766112530001307
40159,0.0299337254034787
8229,0
19579,6.709668420254e-08
11240,0
9586,1.09648293782773e-05
75991,0
15049,0
31146,0.0122982220716072
3671,NA
57692,3.95722749157823e-05
5784,7.00730509200676e-05
55614,0.151304058859764
18809,0.00468175807992931
57846,2.08538632396021e-05
3913,0
65985,0.0029056633222683
40294,0.201495327840544
605,NA
1672,NA
12398,NA
14540,0
11209,0
54048,0.00015231447784697
57010,8.44132312045152e-06
17827,NA
47973,0.010630339515992
38322,0.0115159163998392
19616,9.58761582336301e-05
52147,0.0809324508236913
76015,NA
42753,0.0805289710644384
4659,0
42460,0.14915583138901
6575,0
12736,2.11275274685931e-05
76021,NA
76022,0
76023,NA
3996,NA
34367,0.382836575792562
76026,0
4662,0.000132473933085405
59436,0.0106909667371842
76029,0.00197337207276841
63535,0.00212504428626775
84,NA
65621,0.0206202773629055
2242,NA
23583,0.00232361232486189
57354,0.00799761989142389
44011,0.00762282826970814
6033,1
34346,0.130956626764334
7275,0
2705,6.72557670256647e-06
12938,NA
29654,0.218067171003549
47061,0.00387242195957659
17793,1.67674327195962e-06
6462,0.000777726483391323
2335,NA
76047,NA
76048,0
57993,4.28004036966189e-05
56801,1.15756423755193e-05
35374,0.789883468494499
76052,0.371382523110992
2266,1.28512719357426e-05
58764,6.04722366377367e-05
46414,0.00376828485793395
55426,0.0198842451762888
55850,1.21780646285419e-05
5192,1.53527119455664e-05
45915,0.0987620424934328
47476,0.012463844559285
15386,1.70512519508796e-05
57373,4.94461476139373e-05
29980,0.00134321832111612
50280,0.00202691187730646
3012,0
52953,0.000152051686976459
44877,0.124877952896316
31384,0.0125233275116402
20736,2.37401176287964e-07
76070,NA
24039,0.0254236155895728
2798,NA
58622,0.76410519957868
45327,0.463009300187459
64547,0.0326047670307546
76076,0.00678176465593517
15588,NA
37782,0.00136667328356822
66802,0.000736458239229936
38409,0.00116539029729268
23421,7.6884916931146e-06
5620,0
24034,0.00102229370972204
62534,0.000491086802169649
32575,0.0536173947457728
4823,1.49240269511367e-05
65501,0.0302377122772368
25357,1.52309242019145e-05
37984,0.0356863252111981
2328,NA
51625,0.471176763621087
3128,2.78955851845815e-06
38792,0.284797877606609
31143,0.00601489356516665
6101,0
61886,0.04395762284779
48719,0.0782478393611391
59105,8.81494608519918e-05
76099,NA
58955,0.0001031651324146
42756,0.00488984081274552
1869,NA
25800,0.0738081149341396
4660,0
19161,3.17166469052256e-06
55075,0.101084673886652
53117,0.000441719715949142
55019,1.22642394474302e-05
49287,0.00116027494010797
49454,0.0224906431958533
2682,NA
5595,1.23625622479106e-05
27088,0.0395431814929311
76114,NA
43173,0.147005416531024
38164,0.0266736590633299
2087,NA
59444,0.000549175570500936
28464,0.540428282270058
1765,0
1282,NA
354,NA
20896,0.136486501605014
49706,0.0603432249684293
30165,0.000824439951434766
1359,NA
6046,0
76128,NA
53635,0.0242199770050703
9994,0
3971,9.70807256987208e-06
59811,0.000339736570346419
24622,0.0118584214061541
5128,3.52788300088226e-05
20318,1.38775244242272e-05
21602,0.00128373298658613
49,NA
28349,3.27980469192944e-05
50529,0.00153087712224247
2994,7.83723211013847e-06
20718,6.28824362653966e-06
45908,0.371942223916536
34315,0.0866687505607647
2370,NA
34381,0.404949575539281
39906,0.0682063585795685
76147,NA
4507,1
21261,8.00477863612305e-09
46879,0.0239909311904727
16088,0
66077,0.0477179795204753
17530,0.123458632077178
49470,0.000132753738550562
2999,8.20029281793403e-06
58231,0.00116927347876834
7131,0
50453,0.00847732358294922
50670,0.0555520724621573
9248,8.19282816702288e-06
1712,NA
64840,0.257588893315636
44005,0.142386147862193
45390,0.307787411734481
1328,NA
5677,0
76167,0
52146,0.0926962673347799
65750,0.00919088029494585
3053,NA
58946,2.79985550485612e-05
66191,0.00704995348849382
1534,NA
52947,0.0616453845341911
76175,0.000215556034910512
33073,0.673336524947439
45132,0.142061356314429
2698,6.84317390711786e-06
66760,0.000361205200112232
63336,0.0102605270203632
44640,0.005061733729245
55029,0.00206237448384824
7118,0
76184,0
76185,4.94943396330736e-06
1910,NA
4920,0
54729,2.03339743128811e-05
1493,NA
6260,7.63644653431174e-06
5287,0
76192,NA
66274,0.00342897525574531
48768,0.0356402377566645
66050,0.00153819111450538
76196,0
51610,0.0134624030486123
45828,0.00135240415806247
9439,0
11279,0.000651912878568693
28424,0.0725649601884418
5562,8.07703851787969e-06
60878,0.000112691928490825
66866,2.19578343652131e-05
18783,0.00028888850004494
24441,0.000180547441099949
22476,1.73759674782348e-05
66269,0.0802479378867537
10431,2.1919847998578e-05
76210,NA
24036,0.00104456713136123
14522,0
54443,0.000508370231638252
1758,NA
54852,1.4789477941138e-05
76216,2.36110616508349e-06
76217,NA
57173,0.16605761531482
9831,1.37778521839827e-05
21133,2.82795393208291e-06
26954,0.00222252573698719
37087,0.520645566091503
57190,1.99564636284297e-06
61686,0.0390987627398231
57536,3.19717234699596e-05
26653,0.000118986797407515
33211,0.186005124590881
3618,2.12148252258774e-07
65995,0.000854269743094028
4560,NA
45675,0.414996580326173
23750,0.0260725327972371
55274,2.19850245051899e-05
53672,0.00359536312153876
2321,NA
18241,1.39638069495907e-06
34232,0.485421943883757
25354,3.04525193567881e-05
1078,NA
47969,0.0396186800074761
7838,3.49691035261105e-06
52621,0.0237731649092914
43757,0.00136729870385364
27068,0.000270165706125508
33333,0.736389520775442
33536,0.773368671988412
45000,0.0156610804667287
24038,0.00720668220689655
36389,0.116080403393287
65654,0.0123609309465809
66719,0.000604657136658861
6557,0
13474,0
45427,0.0535496666407541
282,NA
2675,NA
54853,6.69159339087057e-05
34348,0.209089277971573
2997,5.94442582944849e-06
58598,0.0353154598201379
17504,0.00181066321948513
45355,0.165047719014324
1287,NA
2447,NA
7274,3.81865533513038e-08
51062,0.145912439117043
65623,0.0061957481303738
32605,0.017401704012043
16566,6.25007697731789e-10
15897,6.00735962392115e-06
40491,0.178870568279241
2906,0
61235,0.000844670418614935
45393,0.817104454082558
667,NA
15962,2.59614952993449e-05
36277,0.0280056547685038
64935,0.000128160378678392
36269,0.175126852966095
47564,0.00321586126760147
36837,0.00188668667778058
250,NA
36391,0.0453862145704933
56590,0.00696176261684724
1097,NA
30754,0.00137014154262053
12360,0
2797,NA
76289,0.000495200040018993
66030,0.0311683109231984
76291,0
54629,4.36859811981298e-05
40615,0.512696836511267
31551,0.00190822101397409
29677,0.050962631899944
31138,0.0172562695221166
76297,NA
13010,0.000199186412994212
76299,NA
4696,2.4536341281572e-06
18790,0.00821778792557411
44714,0.0159799939836578
5600,0.000133826596408743
37763,0.00582400463320097
76305,0.0428061763135916
38158,0.0222795951694279
41315,0.000195065357748141
44879,0.00294992220165875
76309,NA
57181,0.0450122413905207
53482,0.00103984914013233
66119,0.638649960526925
76313,NA
6989,4.97350891258322e-07
76315,0
76316,NA
59982,0.0104074960736019
46169,0.0954094834422175
76319,NA
1868,0
514,NA
56389,0.226532514276252
3796,0
3446,NA
3014,0
58779,5.29437785367882e-06
52862,0.000609904042869428
76328,NA
4063,1.58055020079258e-06
5678,0
66870,5.00096037587386e-05
17831,NA
1764,NA
30407,0.300982270385637
634,NA
49493,0.00272670788609796
130,NA
76338,0.000574307959492241
41725,0.0657683070179791
16461,3.11703557459177e-05
33149,0.00431264268362172
2079,0
46760,0.00567303348481229
66299,0.00461757973167883
2445,NA
57358,1.50467700881265e-05
3787,0
55219,0.0198553086306505
44566,0.124684653664405
66478,2.46313193796935e-05
51063,0.000420654759114426
76352,NA
16906,4.76077682936289e-06
19581,0
480,NA
28354,5.10497600617763e-05
2330,NA
76358,0
65070,3.63825598465292e-05
4698,0.000738921265656618
40486,0.0933011917249264
1711,NA
5196,1
27069,0.000277097169452622
37639,0.100132479324836
36829,0.0151240585653898
37237,0.0956024861246419
21780,0.000827363496533899
56981,0.0163845943895674
15394,1.3703949986021e-05
42751,0.792894229389102
30960,0.00728979198337763
1533,NA
57169,0.0245267259155922
76375,NA
76376,0.00401983434800115
52054,0.000213103563265067
48396,0.106411750338573
4680,5.0033974513614e-06
13475,NA
55945,0.069546758096292
2684,NA
76383,0.00357637989340535
76384,NA
42292,0.0561020809504776
65453,0.243299856298193
1767,NA
54143,6.11430349763817e-06
62304,0.00412911347297749
35043,0.202178613042486
25671,0.000272441458023602
2273,NA
59656,0.178277150732999
4561,NA
76395,NA
3391,2.78167501877337e-06
3448,0
55071,2.68736509141983e-05
13294,1.83432049649876e-06
5622,0
55227,0.0099687606622743
57009,1.61658508498141e-05
640,NA
53446,0.0670927778337683
46876,0.460088045734529
5777,4.80531965586144e-05
53449,0.0251222639351874
51630,0.192221258632263
41379,7.74285370064331e-05
14032,0.000190513536669378
3432,NA
3528,9.83927451104885e-07
54029,0.0252726211046678
19460,1.30064328892196e-05
58132,1.66757991384105e-07
1714,NA
34936,0.0303900790220248
3789,7.1358166464773e-05
33051,0.022120773611345
76420,0.000640280585001352
49135,0.0371895157033928
16431,2.29330920267191e-05
1244,NA
41691,0.217886568957439
55211,0.0702139303307876
34374,0.374141681021893
15599,NA
2992,9.37536579652115e-06
18240,3.52847406842817e-08
66817,0.018280480182756
5597,3.7930168450689e-05
36906,0.0165295609893622
50268,0.0950719335978897
62961,0.000421127692058528
76435,NA
8967,5.59817753784496e-05
15398,2.59789744965606e-06
33401,0.81815151351454
76439,NA
51248,0.00046886348815916
6450,5.1484714511163e-06
76442,NA
76443,NA
22045,0
76445,1
66533,2.30018569253107e-05
56204,0.00127724837383539
20322,1.68336976552534e-07
41425,0.801039632638533
24047,0.0290960336250837
39113,0.0189106430489596
65849,0.0166559687134576
5185,1
49846,0.0213210257908177
1243,NA
34720,0.426592789213153
7643,0
66702,0.000483782850605733
51427,0.0118937131184933
24335,3.38910847573247e-05
23004,0.0747818795337673
789,NA
57356,0.00123880034323938
3551,4.92022620353145e-06
2923,NA
3055,NA
41382,0.117929341547207
1454,NA
30380,0.0295049594114487
63497,0.0105922441613156
16909,2.12450422689895e-05
4824,2.01820317254975e-05
2548,NA
945,NA
40482,0.000138300755566506
28132,0.0637010037883024
76477,NA
76478,NA
29407,0.0436075216571778
65871,0.0159035049003948
44315,0.0404856725568534
384,NA
14007,NA
40336,0.467903778980548
24788,7.63193602428283e-07
76486,1
42296,0.032151466651309
26327,0.00797395451969598
31198,0.00301376026785347
28766,0.0122416298600885
1461,NA
66253,0.0060924220489603
507,NA
76494,NA
36831,0.0204291488049524
20460,0.0330082695172917
58284,0.000166072336719466
54032,0.00831214102055794
5175,1.58067847918753e-05
76500,NA
31400,0.000182617868173811
3007,0
8866,0
123,NA
59666,0.000689111738980302
1923,NA
52938,0.0080736583890521
32636,0.02629919972401
59861,0.43950941808536
36686,0.90781012554371
39270,0.618406821436738
48316,0.00435139165697318
39832,0.00920459052300072
49710,0.0092331124475716
66758,0.00264133211152413
31412,0.321981359043064
42203,0.864385278665827
14517,0.00313052254752162
8224,0
5705,NA
48539,0.912934388958147
473,NA
10432,3.67057317062086e-05
2543,NA
37235,0.0594186774163344
33689,0.105917432083094
76527,1
44561,0.168477464084952
60222,0.0013152896016886
17771,1.76012402074964e-05
43474,0.00631676816811522
63982,0.0180780397586548
57986,6.21951964711244e-05
1887,NA
41426,0.000443296844214316
33551,0.127195172237346
54008,0.00371857036297825
792,NA
33200,0.0279724984772427
22055,1.1231883519237e-05
6561,0
52218,0.000186715342317033
58445,0.0638754581490186
62701,0.00182734260140258
76545,0.0118949299968115
7124,0
6559,0
30409,0.00352228897835579
35690,0.0501254962016655
2677,NA
39371,0.00780042877715257
57842,0.000132035823504782
1916,NA
17060,0
2582,NA
76556,NA
76557,NA
7106,0
76559,NA
7270,0.00010543262288402
50857,0.009969115975918
28436,0.0143138460019202
55253,0.000139830643415576
39516,0.507703414056405
7268,0.000148057655126077
51623,0.00106451822449867
4168,4.95706725179108e-06
5240,0
76569,0.00177899794091536
6248,0.000242930795541122
76571,0
22030,1.14022908563895e-05
2233,NA
29646,0.0301283451911986
35785,0.0119958347476828
38803,0.00215696341633186
22213,0.0564288599333466
44469,0.14720805908861
46345,0.25953484937045
1880,NA
46919,0.51428967932702
46424,0.0226718236984149
36835,0.00337894928384036
2521,NA
54196,0.00447925424848866
54429,0.000124026228807189
66602,0.00217830310964565
76588,NA
19486,9.72679748360894e-07
76590,0.0389737629745102
44571,0.0664229348962584
45641,0.175185742785415
45412,0.0638331575745183
53565,0.000354220490326888
5789,5.56693283656921e-06
4648,NA
8230,0
37856,0.00486952447201989
35444,0.932819068105831
5787,1.13734375582304e-05
39836,0.005670494470516
19484,1.22504348228959e-06
76603,0.00466859003151209
37368,0.240578325559406
55044,0.00103439369338687
65930,0.00288809063455286
25356,1.94071436808834e-06
349,NA
76609,NA
4363,7.39052934779901e-06
59376,0.0298918772961208
83,NA
31403,0.0225381656302433
61698,0.493664468054735
10649,NA
3129,NA
3896,5.33363487457785e-06
50288,0.00965531958862923
2075,NA
22601,1.42921500970195e-09
43,NA
49836,0.00541197754445963
8291,8.16915846906463e-05
65578,0.0185181627132366
18804,0.0283478866015333
1870,NA
34268,0.0957239397984536
66378,0.000183026996836177
76629,NA
76630,NA
66504,0.0156780320139372
76632,NA
76633,0.333217658878723
35699,0.209825611564602
7119,0
25235,0.00186563897023939
25531,0.00846017209482333
29983,0.000829681272526793
315,NA
217,NA
76641,NA
32658,0.00275498016201814
1522,NA
33038,0.646137033433894
65517,0.173750275958167
8867,0
53764,6.78691704772005e-05
10137,4.01390025884796e-05
66810,2.40004380724399e-05
8233,0
1274,NA
20320,1.05150097322275e-06
76653,NA
4913,NA
35354,0.623437169008878
66790,2.55804512022004e-05
40168,0.0209380377072519
66621,0.000591972089987119
7107,0
7833,1.47002250307209e-05
31162,0.036605223743208
3917,0
46157,0.133778282563675
19462,2.88495107893858e-05
76665,0.0357747121191524
56000,0.046167398301431
76667,0
17493,6.23903029995599e-06
6249,4.8506550750059e-05
607,0
76671,NA
76672,0
76673,NA
10434,7.61579871380117e-06
33683,0.284033787425897
76676,0
37249,0.48084912730447
10651,0.00010962181776742
2522,NA
3892,2.65818590812132e-07
1535,NA
21784,0.00696584323956277
24502,0.07639875038731
7825,3.74084616451075e-06
6623,0
58934,0.000138130443361376
76687,NA
76688,0
86,NA
3852,4.3591713829231e-06
50072,0.00116405762730444
76692,0
9478,4.27322826792354e-05
41483,0.512273655633479
39828,0.00588921472746516
39450,0.0502295529763305
8944,0.00319631597683575
29860,0.000253801636588311
3452,NA
6037,4.19026534844903e-07
76701,5.21846077266333e-07
43608,0.00660656887816292
66037,0.0584285610500931
66435,0.000206633482100542
4276,0
34578,0.0230600124173487
76707,NA
7324,1.06787106076318e-05
53678,0.0014348591311279
1072,NA
15960,2.21907323335992e-06
1899,NA
22054,2.7088339561233e-06
4239,0
3969,NA
76716,1
8289,NA
24930,7.12049096638803e-05
66386,0.000114672801912932
29807,0.094346304860947
52221,0.000871427164520837
50293,0.0132408419007928
3530,NA
20463,0.0303637424439999
65435,0.945541490451874
2035,0
56193,0.0224618175050875
54625,0.00265729003649134
56805,1.12977113397566e-05
42033,0.0463854603943217
17350,1.57560185471421e-05
36393,0.145399553948087
2831,NA
37405,0.0313648860820666
45408,0.221993483478009
19459,2.1225105208629e-06
24043,0.00679018319562724
52154,0.000276644415541066
31751,0.00159972146693827
57357,0.0060102586699741
19203,0.00789440952758056
76742,0
10657,0.000380887244663135
54593,0.0220760160514712
23417,0
61498,0.000447604491948934
54640,0.000138075802030728
39264,1
3237,NA
47309,0.0129059364196928
43619,0.224014661696003
14010,0
1528,NA
15956,1.7018159934307e-05
8231,0
22215,0.0214538642944162
37241,0.101692972196346
12337,4.57831378464703e-05
61750,0.0448766105337186
25365,2.46303888826303e-06
76761,NA
35752,0.305225464305981
66683,0.00782503967685467
4083,1.93954138395187e-06
6558,0
9435,NA
420,NA
76768,0.00772653203109729
17503,0.0153071020998991
76770,NA
50480,0.0259717796297429
2367,NA
35240,0.408326611530668
12734,5.20172312046069e-05
35577,0.489096399377439
2509,0
23572,1.61627646890851e-05
76778,NA
66548,5.14524405210082e-05
55040,0.00156616808981033
45319,0.00123598008105016
38932,0.807018822064298
3617,6.21320600697113e-06
628,NA
76785,0.000126229029087569
48113,0.481699403337511
32471,0.000240143494626389
6621,1
3050,NA
38156,0.436441146976681
43172,0.00458299904632709
37467,0.00115276274403777
66703,8.96102229358061e-05
29583,0.000162581602906068
38170,0.000643642494081061
29861,9.59944782373781e-05
51258,0.108711510885847
63992,0.791904537465903
76799,NA
13520,0.0045224564993287
157,NA
2695,6.7777365534036e-06
56704,0.137201618074474
2132,NA
76805,NA
158,NA
36184,0.022636918114031
946,NA
4277,0
1875,NA
65698,0.00444424001740893
56004,0.1350191236772
39185,0.0428492767427591
41465,0.00786811332444792
44164,0.200402274546899
49142,0.00412512720933857
7322,4.26678200592544e-06
13009,0.000326483511445646
20876,0.0038682190708042
2996,6.52250923272295e-06
18221,5.30869007894844e-05
66530,0.0681332391373374
76823,NA
34040,0.0780455960262499
61501,1
49130,0.0522509756368441
508,NA
76828,NA
1671,NA
47940,0.968855203234567
76831,0
66894,4.17801082567804e-05
4681,7.44137464031973e-06
54418,0.00293107427919708
76835,NA
38721,0.00251848103070587
21745,8.89897447337702e-09
62966,0.0163659584967619
124,NA
11002,0
76841,0
30402,0.0117070992047625
32940,0.0276415857638278
41713,0.0264121299731016
39939,0.54307810916102
76846,NA
2074,NA
76848,1.45177028018126e-08
35368,0.074162022781521
39268,0.649276680057434
55052,1.98277062187518e-05
49833,0.03611179844492
3443,0
21156,5.3622609749295e-06
2318,NA
5772,4.79572245232604e-05
51488,0.00550323421999853
76858,NA
17095,0.00118025304579074
35241,0.160403647001453
54317,0.00145779808688863
46591,0.351419535531542
25529,0.00695044346457397
44849,0.00715418698062972
58932,6.24751822280463e-05
11282,0.0029392676059763
76867,1
32656,0.17862453125903
1521,0
3433,NA
36070,0.058827361002173
2243,3.96500689927594e-06
46287,0.337944580884295
9477,7.05050176702636e-05
9438,0
35581,0.322338109070198
1313,NA
46565,0.0039106826544001
32227,0.0232694898860387
76880,NA
57531,4.43520712832898e-05
6463,4.1007379618264e-05
66460,0.000748119517252001
76884,NA
2586,NA
9839,2.47465348236638e-05
33492,0.785067213762972
65504,0.0112256181609779
3916,0
21753,0.00182242060145538
55653,1.54498737050826e-05
16628,0.0735696130457047
34236,0.922907097845838
42617,0.106066195962637
817,0
54811,0.00204035650950872
2365,NA
61310,1
50883,0.000325508510609276
31972,0.170648533573903
76901,NA
76902,NA
37367,0.223466929622988
22599,6.18954521839934e-08
3394,0
29250,0.5576006065297
22495,3.41020571236108e-06
76908,0
3048,NA
49329,0.0149552646206249
38398,0.00858347789288291
76912,NA
33140,0.00661180871377229
342,NA
76915,0
1292,NA
20878,0.00143038937584916
76918,0
2693,4.41788405813164e-06
18806,0.000786093112933269
50460,0.722375386547437
31391,0.00361768926780118
5765,0.000105313579606528
36,NA
3238,NA
16630,0.00953679616177272
65813,0.0110529943603821
17512,0.00492370964617535
66458,0.0007829528319653
65394,0.460847003754969
4554,0
19476,0.000125503429687408
11004,0
17945,9.33987996546971e-11
32616,0.865074265048854
10135,2.85314692891917e-05
76937,0
76938,NA
76939,0.0060369481034779
27380,0.000544291822049086
22496,4.95916958782674e-06
22962,4.09706051380712e-08
25360,2.5082913749397e-06
66768,0.000181373260147248
31411,0.532384379773085
66154,0.649117454931035
76947,0
76948,NA
11858,0.00531562740045416
33353,0.0754216812268979
3529,1.6478656981599e-06
6456,7.16082763905966e-06
17097,0.00128610227949171
56610,4.74522990943228e-05
49832,0.0029715022923034
50294,0.0389661642998907
16591,0
12630,2.29714825651102e-05
971,NA
76960,0.000644804507024477
11834,0.000398802693390526
56990,0.000409863992965365
76963,NA
54194,0.00903377694795393
66889,1.37877459694607e-07
10589,0
31550,0.0031622931704871
17352,2.26121386081995e-06
44474,0.471232615622397
7824,2.77616041125284e-06
49145,0.116356845057019
54642,0.000174755736871535
54028,0.000467146462724687
76974,0.000219120795186098
2316,NA
783,NA
65289,0.067478166921459
76978,1
76979,NA
3539,1.55179452626981e-06
55014,0.0133948828161553
18657,2.66255600456147e-06
49704,0.0164792535824472
76984,0
763,NA
20875,0.00775276873235933
8676,2.48521195855363e-05
2538,NA
36276,0.0985253334100978
4915,NA
25605,0.0169552731586417
48573,0.00718588394904416
16903,1.22538547406728e-05
29984,0.0140866539612227
22944,0.00509876006953181
47337,0.0230460543577581
53460,0.0041416041114314
53670,0.00466166343136109
10077,0.000298968459418579
29285,0.0184856709867203
31160,0.0352820373914279
60692,0.000110275015454593
1455,NA
44143,0.0520499393011054
47943,0.103300263619001
7169,0
65174,0.0101522275261238
2358,0
34715,0.220476068970246
77010,NA
6094,0
32482,0.00403723538075492
21774,0.0247245040993346
1477,NA
42388,0.738879450776313
2526,NA
22057,4.13805912264855e-07
61087,0.000169192923802414
77019,1
24329,8.03214622158185e-05
55998,0.000859778905602606
16469,NA
1911,NA
4825,1.29840841708152e-06
36256,0.0217367279432012
43191,0.325562002725289
48019,0.0103527962630419
45538,0.0163742889615868
66829,0.160013712360916
57683,0.012603207400997
63615,0.0347138554023634
50273,0.051770721963444
1145,NA
61314,0.548469955047463
6039,0
49131,0.0277599380295109
15111,0.00390432960104335
60159,0.000701358314626577
77039,0
1902,NA
31415,0.101679810703552
19072,1.09975634194407e-05
49518,0.0011992161891089
77044,NA
4167,4.02544058467549e-06
66266,0.0103383708707542
46410,0.00106173370981395
499,NA
35256,0.0214616119313422
43177,0.911970595089813
66887,0.000102484070945908
77052,NA
786,NA
77054,NA
13993,0
24929,1.29668655908481e-05
115,NA
5671,0
31222,0.0895848116559391
61807,0.000178083818406881
65398,0.909721206915566
48370,0.0989263895397041
38935,1
66507,0.000553351501874993
10656,0.000157472560682623
13464,0
8208,0
45540,0.0519047859439366
7113,0
465,NA
47032,0.0125195166082577
77072,NA
14009,1.43034519755161e-12
12425,0.00365296803391395
51808,0.213757745129486
55822,4.37957267254646e-05
40797,0.0993419065580957
77078,NA
44876,0.0455945358549575
109,NA
12336,0
46401,0.00159954861199279
56397,0.141295393194117
20043,0.0562137045564916
2528,NA
22672,0.000908394373238227
54831,0.00213311297757435
22484,0.0151701811702085
65402,0.077704940721832
51806,0.000674290168238186
16899,1.82897151740049e-05
18788,0.0100292041712888
77093,5.85324547851406e-06
30927,0.761905164790049
32641,0.269406109480102
59859,0.000403095554056779
7045,0.000275287900429902
2444,NA
28775,0.133632239075991
55650,0.000101850844560236
5599,1
45925,0.0250867601145071
15567,0
51303,0.0377223759843081
19044,3.95889957049848e-05
917,NA
77107,0.00121273178563934
10693,0.00539681979006011
77109,NA
55236,0.0760893932409143
31145,0.0273103041848537
17777,4.2043456160512e-06
77113,0.00071372128544519
6988,3.61880580312876e-07
24040,0.00497342370601636
55627,0.0489836398774131
56228,9.69147512282328e-06
7770,0.000222276433631506
244,NA
61937,0.0188046543578795
42045,0.00157766275266891
57696,0.549919318065395
24795,NA
66496,3.25669451614337e-05
42360,0.165201121738861
41423,1
25801,0.00805190125569825
5615,0
10672,0.000370881920975113
47500,0.0103171459951081
44713,0.0363079482665783
66579,0.00918611017345936
58921,0.000299529350853691
61225,0.045285095202489
57689,2.66083568354695e-05
33222,0.0490342004969393
27936,0.000404144636940223
7514,5.60270716660687e-05
42749,0.213283555634094
4062,2.42894742279064e-08
25358,1.41882479918347e-05
1079,NA
55440,3.43266181044629e-06
45673,0.00707726232438575
77145,0.000215782087031385
8214,3.66541215310034e-06
36281,0.0488749126753894
77148,NA
49675,0.0360022667086694
52045,0.000369950049402729
77151,0.000583440098675929
77152,2.39395791872157e-05
65526,0.993920763868823
441,NA
63136,0.000802961572794158
77156,NA
6761,3.25078023091345e-06
2704,7.03900081902526e-06
59654,2.02761203263852e-05
75,NA
55844,9.19539562789478e-06
44035,0.0506016215878093
77163,NA
60704,0.000130486426773704
5590,0.00228204478220979
62198,5.5364606230553e-05
77167,NA
26118,0.612487647709743
283,NA
66855,9.97309764798311e-05
1470,0
39965,0.144066247136665
31594,0.559527955197329
38344,0.426858220267102
601,NA
4088,4.51684674857105e-06
44142,0.155803756355522
38166,0.0206253449157899
177,NA
22652,0.00330251477795863
3011,0
30759,9.06864828939533e-05
668,NA
38825,0.340047311806613
77185,0.001133394680063
4651,NA
77187,0
6616,0
57161,0.259603616758477
1704,NA
32993,0.0163107094014802
53318,0.00376519942989658
66480,4.76737279865991e-05
37785,0.000918499405133468
58076,0.0536068206487387
77196,0
21892,0.0263226005810025
39374,0.00279080097393472
31325,0.00118169579097385
77200,0.00260978591634781
45678,0.0345628502984486
16636,0.00760936009254443
77203,0.00617146828937495
6745,2.41600669129376e-06
65591,0.0402537333362491
15585,0
54501,1.05671251257281e-05
1098,NA
53666,0.0698930621027349
66746,0.000394848014703884
9838,1.64182147738402e-05
50860,0.715386854153719
77213,0
15723,0.00362718548899247
47060,0.00527574620444599
25783,1.38076980155424e-05
17959,0.000482650247851688
4283,NA
17779,1.90576197832727e-06
2327,NA
34678,0.0270324652641283
34853,0.0146925606502275
45394,0.0803751544440358
36407,0.0028076677064666
47575,0.00125716837286106
77226,NA
344,NA
77228,NA
14523,0
59097,2.40488292507067e-05
65414,0.00612188185375454
47946,0.00428146839922462
24046,0.0139008222900773
54432,0.000265232520606367
77235,NA
12880,1.88120723505531e-06
77237,2.21076393315325e-05
26955,0.00524635354034475
19205,0.00878126583451219
37983,0.0645277626840622
409,NA
4686,1.67822216680509e-05
5668,0
2681,NA
4827,7.25320354719718e-06
46413,0.00163404224309589
38,NA
56974,0.0149941665461222
77249,NA
54384,0.00130665110890102
77251,NA
77252,0.00106991246766053
13991,0
78,NA
13292,6.19956059299015e-06
6143,0
40160,0.0118491014094499
7110,0
40457,0.125347405801558
77260,NA
61122,0.470507495846101
51631,0.00489400053342681
5336,NA
77264,NA
56394,0.261168537432665
58141,0
12319,0
635,NA
38791,0.193708560158045
35589,0.0135220983855119
42313,0.036960749639478
37223,0.0732911494714166
973,0
62170,0.000437579294455248
7678,0
62709,0.0319098865712811
2525,NA
22654,0.00403216593784994
3436,NA
54219,0.00485066881542256
77281,NA
2803,NA
77283,NA
2587,NA
65888,0.00392423634537865
52142,0.0428361917556947
40108,0.136859542573864
15898,1.58820061383498e-06
4652,NA
39701,0.000947833794565511
60866,0.000484175456552724
7312,2.3910665297185e-06
2980,2.33899050772339e-06
77294,3.77371656984211e-06
51490,0.000376472361387197
34003,0.012425899124842
3411,0
350,NA
51254,0.0979322589066137
53494,0.00625632351785901
53116,0.00228375146604829
77302,NA
43302,0.0289012400227541
48898,0.0125805866217005
47033,0.0268792514077922
77306,1
7767,0.000701129690771244
39592,1
45,NA
77310,0
33328,0.128159463366017
35365,1
47788,0.000214577625017229
37777,0.00221693182548134
77315,4.40245034777561e-06
15388,2.33701522460386e-05
58446,0.00426766181147866
34380,0.352860404592873
18808,0.0181661640744982
6090,0
1660,NA
32637,0.370696416299462
31133,0.0203821841207425
412,NA
28880,0.0425483329535497
17514,0.00468068473601083
52226,0.00210738211763635
77328,NA
7123,0
6234,0.00135819461579861
3143,3.10248377230477e-07
35270,0.00422385412364208
5669,0
77334,NA
50079,0.015955436219456
41416,0.149743247474676
32674,0.424213174352042
23870,0.000268659911899603
8871,0
45131,0.28212132824591
2792,NA
77342,NA
66075,0.0102711789258298
64109,0.107312616203475
77345,0.00098392817431043
28021,0.0739379508080413
30145,0.895115726431208
6645,0
1276,NA
32048,1
77351,0
65392,0.749944770785271
77353,0
17065,5.96966918892889e-05
1353,NA
28352,0.000149496017911213
21606,9.03093211138817e-05
7837,7.15422355577318e-06
6034,0
7111,0
12384,0.000910400714364618
50287,0.000617490708480773
52465,0.0071018598492732
48767,0.00681876586408819
37231,0.00547849413319538
50050,0.0141249433756174
3545,3.62579575888913e-06
19061,8.00229472131641e-06
45893,0.0301806533157198
35216,0.715778781590854
77371,NA
38161,0.0675839946793224
10418,1.22784241782963e-06
65896,0.0172279582207287
54394,0.00453337036947505
117,NA
16095,0.0010187433899701
17917,0
28227,0.0089645686809727
3041,NA
66423,0.000618290867063083
2593,NA
19582,0.00288548010736288
12453,0.000212881608506369
13524,0.0175515143740187
36388,0.133613435959422
56323,0.302774406135356
57534,2.24781834719572e-05
45392,6.79442148895389e-05
13472,0
46684,0.0576202506796877
8212,0
77393,0
824,NA
77395,NA
4558,0
66628,0.000180651000590484
64933,0.000465270726805336
3389,2.75964017826151e-07
47712,0.0143035885256133
58286,0.0283066885875275
50530,0.000285751683775155
7768,0.00210496490671959
77404,0.00093753134449465
37225,0.0782848551249928
16086,0
38713,0.0041421136399286
29815,0.284160096017141
55671,0.00325999107114947
5613,0
77411,0
56972,0.000627150015299751
14994,3.30535246639951e-05
77414,0.05781560948584
31137,0.0107358278169667
3548,4.24173792810577e-06
4684,3.98118196846069e-05
41385,0.0013824938598017
77419,0
9836,1.79249017671725e-05
77421,NA
40158,0.00513016890822303
1283,NA
44570,0.00330133381422142
65418,0.00803650971569681
1755,0
48777,0.918910438785826
47792,0.289205590407771
25799,0.0149292680543021
66079,0.0178754672731815
48756,0.0330748673219345
43002,0.932044975076549
40293,0.30512496299685
4826,7.96218610379529e-06
17340,1.41298242663052e-05
33214,0.654635213904292
49837,0.0118371816773004
77438,0
46962,0.0038521387120607
5588,1
47526,0.112873864991024
77442,0
17912,9.96924566170526e-10
1906,NA
77445,NA
47945,0.000161051731537693
65933,0.00723390276795215
61805,0.00302130073616016
20873,0.00167613665368892
66604,0.000233884341078611
66467,5.37548779676611e-05
3995,0
6562,0
33557,0.00237730966382686
40790,0.203872770178194
33690,0.535775883427882
3657,NA
36362,0.129954119738576
5335,0
5976,7.69134723246037e-05
50416,1
18538,0.0036551086681376
50270,0.00453379342325598
2511,0
35249,0.0108565531212408
47156,0.00230067154119683
77467,NA
77468,NA
49331,0.0431954750798543
36579,0.0247067114773061
15589,NA
6142,NA
37374,0.149322365417892
3054,NA
54301,1.1229508252401e-05
7271,5.4069232503175e-07
58175,0.00156453733224294
57690,4.830146247957e-05
38172,0.400062553341389
46136,0.094856355805414
58135,0
3964,NA
77483,NA
2699,6.89869965202421e-06
4056,0
49450,0.0102405894285874
65020,0.0190653334740588
64981,0.479317858735417
55424,0.0391506891600876
160,NA
50261,0.00114191202446888
77492,NA
38157,0.0181983740530773
11835,0.000264323775862912
65580,0.00349313070157917
4829,1.70771195212922e-05
4697,2.31603301040859e-06
1474,NA
19074,NA
59485,0.0775061831013568
11303,0.000122845362090761
510,NA
77503,NA
3006,NA
8908,0.0104370237023572
40113,0
77507,0.0596495996355913
77508,NA
45439,0.00687670541133199
1066,NA
66868,2.89296414898691e-05
45326,0.774978204539171
3140,9.65460920533871e-07
42390,0.344091111821376
49492,0.0138151089943202
5338,NA
10067,0.00101695018139813
54445,6.42930421625506e-05
19068,2.19081146207826e-06
126,NA
43197,0.0887394122586731
77522,NA
1759,NA
51995,6.04708108086829e-05
77525,0
55021,0.000199714017287908
3447,NA
66476,0.000458123116013843
54480,4.00145596215861e-05
48760,0.0116839801764498
36586,0.188339720526241
47249,0.0121125801333572
10008,0
33570,0.0957225096818921
41724,0.0679176551001993
3546,3.53351226198077e-06
27378,7.29754238389952e-05
12171,2.41464943762883e-05
11772,0
33386,0.0680548849089595
64937,0.000783620941691078
48718,0.0226723011943475
17783,1.34021310437727e-05
40262,1
52326,0.0261534886787621
10417,7.78295521574694e-07
53900,0.000471436924822416
55814,0.0157879180271624
60867,0.0143053228826984
54002,0.0159266571639208
14530,0
6084,0
60822,0.000662762529812817
31943,0.230608680593895
10595,0
22053,1.34278465397291e-06
3434,NA
43169,0.308799297727235
3788,0.000106984288981843
1525,NA
8870,0
32643,0.0236486554418865
12884,0
9406,0
77565,NA
2512,0
2676,NA
28019,0.0942881840796495
49686,0.0125707142246375
5763,0.000104064203204614
58600,0.0041574449776469
77572,NA
2590,NA
1476,NA
66781,0.000347040906675225
21760,0.00832953288242857
3607,2.32810503175454e-05
50264,0.264143154805517
32467,0.130234751049328
1289,NA
2369,NA
30639,0.000288007962240685
77583,NA
45792,0.219631802982158
66863,0.000648324018957559
37011,0.884365842942255
17101,0.105336029519794
251,NA
22043,1.84675139720355e-05
6454,4.55157623574189e-05
55365,0.423934662452404
56978,0.000823457784733145
57516,0.000730510697769363
77594,NA
77595,NA
29049,2.79329178605465e-05
3052,NA
5184,1
46883,0.0386340463584593
3960,0
54386,0.025585792089684
20886,0.0118149852933695
45649,0.00606750333687021
77604,NA
43443,0.284076046165722
2697,6.10667097464602e-06
54634,0.0001154497099809
77608,NA
3141,4.27007323216972e-07
77610,0
47117,0.168012233814231
4557,0
77613,NA
50875,0.00918095719477348
2790,NA
55431,0.0341064501073686
22196,4.19087559964433e-06
77618,0.000774175470380024
77619,NA
55466,1.49004522234838e-05
22967,2.79832458055086e-09
4914,NA
77623,0
61795,0.00022435753207662
66786,0.000914003660808938
5612,0
52791,4.77061607447856e-05
55366,3.83352366487219e-05
59980,0.00057655904003051
77630,NA
1757,NA
39112,0.0274704516704159
6093,0
58540,0.00188018311752257
54420,0.00164308483455602
10055,NA
2127,NA
10597,0
77639,0.0201489676609652
53315,0.00020251767816074
26947,0.000225135368610607
34719,0.043458822344371
30016,0.0286274046851195
58756,0.0156332471966665
10429,4.23743800034754e-05
19065,5.67300075786624e-07
46010,0.455473410095665
57525,0.000285765563436666
2320,NA
5587,0.000106323127776522
39831,0.00903462954511966
49709,0.00747099889914486
220,NA
31343,0.550988741921468
77655,NA
44348,0.0281959800260266
77657,6.80622873136474e-08
34915,0.0166453182479765
2039,NA
49703,0.201929576446266
765,NA
4085,3.82607820996005e-06
77663,NA
21591,7.83015736683449e-06
1278,NA
49655,0.000253324675141773
55025,0.00404675536004565
59267,0.000501401482300426
2542,0
53138,0.000444186825387548
29254,0.235105983874845
34712,0.018828748583246
29391,0.113823682820036
3656,NA
2,NA
4919,NA
44560,0.0751452428793846
15417,8.29928489041657e-06
2674,NA
21154,2.15968040673856e-06
53674,0.000570334758119098
3963,NA
64737,0.0105111234893658
50497,0.00356087358232486
54224,0.0167048720893996
17499,9.01570522103036e-07
55816,0.029033148640481
36722,0.0512601300052966
66896,0
2362,NA
19067,6.78338003735724e-07
50731,0.000876525491019982
42591,0.823787994937257
54644,0.000158824138621525
54850,0.00254837905256002
21782,0.00613025309810173
25371,0.0125290034562074
10064,2.66938505184882e-05
29248,0.0231845653219194
2993,1.10891627342752e-05
55805,0.106717468148807
77702,0
26792,0.0103286776710767
22482,0.000220174590813493
3045,NA
38246,0.0466272939564797
45429,0.283082175665742
77708,NA
1526,NA
49918,0.00333140808418574
62254,0.134889330729883
49102,0.00220647538931679
36250,0.15512529518342
57530,0.000116595975989831
1708,NA
37396,0.601245892465824
35755,0.278021637056143
24793,NA
77719,0
40441,0.0143887709314361
48572,0.0166726475139297
33332,0.899278873606263
15112,0.00470235276229268
2232,NA
77725,NA
36576,0.00853207931788906
77727,9.15915648295343e-06
36724,0.573639730403663
1879,NA
77730,NA
52626,0.00309335523885895
42616,0.0730538456975172
501,NA
54647,0.197439759212535
22346,0.0258345898965627
9584,4.10847615194122e-05
77737,NA
59305,0.360409628085046
77739,0.151895188622801
39115,0.00168584589333491
788,NA
2975,1.40509865927026e-05
41236,0.00848631574671859
14029,0.00484975791301186
32604,0.00064502273191973
59096,0.00188718091592987
30018,0.00105642417758853
77748,NA
65314,0.00309177268119338
55852,0.418655255800275
59674,0.821416864524377
5675,0
77753,1
38302,0.0992216424386719
77755,NA
61178,0.0413555746784261
41862,0.444078440249704
20705,1.20182710526246e-06
39835,0.0210307455974502
31347,0.753711685346083
5333,NA
35034,0.46627623210057
3895,1.51959210801074e-06
40251,0.110910504157252
49314,0.0566330942900968
1074,NA
37553,0.0257094990968933
77768,NA
44020,0.7859822369695
51249,0.0166979799828485
10430,0.000147854232023112
53926,0.000771366099332076
44847,0.152354066789494
35389,0.0777750847466275
13501,0.000160500863352823
6259,8.15763823499857e-06
40166,1.12628183535095e-06
47967,0.0463534996047167
66130,0.00158996663679685
59612,0.00105553438232
44883,0.0437158622460678
111,NA
7310,2.20049552101623e-06
33701,0.105469807206156
56139,3.4993554925379e-05
66161,0.00202612802510781
66291,0.00267054421664756
12344,0
3142,1.38513923521409e-06
26324,0.0337266777527504
6552,0
60109,0.000835801161226416
7830,2.50735202318501e-06
20724,1.56026341532342e-06
278,NA
37256,0.0318978555024068
2791,0
55068,1.70850231177039e-05
34764,0
63534,0.0213467749913855
42615,0.896442217990767
77802,NA
49835,0.00794531047705023
59667,0.00090240099532361
7049,1.81223921276468e-06
54525,0.00161591618987085
77807,2.80228286498125e-05
65491,0.138279561736423
15384,1.38958599835216e-05
37348,0.151991432830852
77811,NA
57838,0.000110128616776623
919,NA
66600,0.000200762365814601
9016,4.41300515935266e-05
38405,0.00218009187935642
36363,0.0979321326680156
47548,0.0568492521734313
663,NA
46403,0.00222116811160309
21778,0.0180670510257475
46079,0.0428017757770618
22032,1.55570760131039e-05
1532,NA
31161,0.331978259142135
18398,0.00020755778598536
35369,0.0462245563015369
53267,0.577958310851034
4799,3.99601773585722e-06
2128,0
51682,5.76265846450793e-05
7774,0.00061636596351939
28359,0.0657080098245492
66687,NA
246,NA
62877,0.0013062147482496
77837,NA
2371,NA
37242,0.0189233888371643
5619,0
53681,0.034741087169867
15419,2.0025855665951e-05
37248,0.177994630290907
2789,NA
49274,0.0039491114303564
4653,NA
57375,2.3383492383277e-05
8096,5.20176480776947e-06
1756,NA
10075,0.000539172397542306
7294,7.24140703068753e-07
77852,NA
11000,1.18452628126463e-05
51800,0.00985951575523279
57103,0.0845863067993574
25366,2.30747691937792e-08
1081,NA
1662,NA
65576,0.00767443612043602
18662,NA
5277,NA
16947,NA
50071,0.00122881899988276
41826,0.270208831454056
443,NA
77866,NA
31718,0.839767886118713
77868,NA
77869,NA
77,NA
5594,0.00360972833840607
1350,NA
52140,0.0032899461017939
2126,NA
285,NA
36816,0.0067679361634205
1120,NA
77878,1
60819,0.097277459654518
1248,NA
18229,6.69323859178232e-06
603,NA
44470,0.0838935792220653
34708,0.00970477195307071
8288,NA
47714,0.0215567692068688
41427,0.000442015004593216
77888,NA
33679,0.0336593894085122
43472,6.46800475995885e-06
179,NA
77892,0.000278095296875154
20051,0.00861799100582242
5670,0
43058,0.0232379453862166
670,NA
29459,0.00295250673355605
1527,NA
2038,NA
77900,NA
12173,7.9249718890896e-06
49483,0.168951660708515
41387,0.347253327691591
77904,0.00155150567119882
77905,0
46728,0.0203234229690646
13502,0.000668627208044232
54245,0.0303086460281859
1349,NA
39254,0.546929250312728
820,NA
25787,3.59647121559716e-06
42590,0.00102204220142839
16893,3.00879793600414e-06
20315,0
15251,1.72589449158639e-05
1247,NA
34249,0.0157417368980194
59556,0.00953089362677321
35012,0.00434587753981723
37159,0.00207659615419701
35786,0.0344261191223479
57622,0.074731522567013
61496,0.00140720110732435
23743,0.069783151873534
45665,0.0189184823821894
56013,0.000429507961131131
37220,0.392969143397423
40773,0.353202733603071
50290,0.000579474697958323
25230,3.04460895929014e-07
77932,NA
46567,0.00301853349775163
18635,2.96645028349451e-05
47556,0.0276569316309955
56757,0.00700913000324449
36572,0
35190,0.00235568243827635
45165,0.0742761417087365
25374,0.0095506490063454
411,NA
56775,0.010719561595789
77943,NA
66362,0.0155648500215614
77945,0
56992,0.000554190571553277
1664,0
54633,4.96693175240988e-05
37466,0.00129395549809722
77950,NA
24941,0.0552870908384317
77952,NA
63478,0.0247289515026549
5561,8.00794803895837e-06
55232,0.0547486155451348
52220,0.000726007696090552
4559,0
39238,0.0335956825910399
80,NA
1100,NA
77961,NA
819,0
38298,0.586634538359379
40169,0.0228583767975336
33748,0
58145,3.21568999544868e-05
7511,1.20868559082365e-05
31571,0.0023061331759286
66557,2.34085452719689e-05
5340,0
16639,0.0029345897647223
637,NA
43171,0.12878304959391
7682,0
29787,0.0183634594259349
975,NA
6553,0
47691,0.193317029162694
53135,0.000952695960935902
12733,2.99223245795382e-06
20831,6.95162281902696e-06
3440,NA
17812,8.25888073848786e-06
974,0
24931,3.32770183278793e-08
56781,1.88456662155912e-05
48906,0.547319936489975
8223,0
2591,NA
10601,0
20451,0.000276098900897559
3139,0
5769,6.83679508207569e-05
34550,0.746692010059467
12981,0.00499441938369693
65595,0.0100852527653854
34368,0.34212658496091
15602,0.000188757981975873
33477,1
1277,NA
60041,0.0104985335124325
30836,0.0628017215402847
55046,0.00460600887306544
3786,1.23589048009803e-05
22200,0.00102741479860416
153,NA
26091,0.00428173493193272
49909,0.142938447185921
51057,0.173777489714805
34727,0.180390337399357
66272,0.00641916044491365
43062,0.00461261351193123
3620,1.12375086963268e-07
43609,0.148089669682409
41854,0.112117305698604
53029,0.00174974420715565
53132,0.00448840577266879
12342,0
29655,0.0607117701601036
4685,9.80659825593587e-05
20317,2.28448932179533e-05
27064,0.00351759425933297
14270,0.000320090243991023
6443,1.63092528054845e-05
6460,8.19419048644763e-06
62210,7.80332253413001e-05
78027,NA
28348,0.000200749011384805
6618,0
50274,0.0346169913562551
15396,1.63411622152956e-05
78032,NA
8274,0
52217,0.000301630852393901
50481,0.0151580772623468
35367,0.00146801775418749
29301,1
78038,NA
78039,0.00193079175781406
56199,0.260258317367167
8097,3.92325807882714e-06
63786,0.12176814596552
414,NA
50672,0.16197973045168
11016,1.87595281387387e-05
78046,NA
29255,0.20825622454765
21790,0.0137687049554983
2364,NA
20052,0.0150332940819349
10662,0.00181510424955003
46673,0.0270714214726437
21781,0.016060836965616
55483,0.00273946832995279
44032,0.366868993192353
3543,3.53941472256045e-06
37741,0.0279584041791776
29862,0.000243522918419515
18396,0.00120740616678435
47361,0.537138208344794
6647,0
32064,0.00262661767973185
35733,0.136841459280003
38091,0.00160119926054874
45931,0.205642397954577
4816,6.70421622613845e-06
78067,NA
18380,0.00133238636912856
17073,0.00517234953222525
3435,NA
44857,0.197270781087691
59979,0.000342473056306153
6038,1
49128,0.415585351188483
66369,0.0180584699674931
78076,0.000168581727458793
3404,0
25559,0.0471652856186401
5764,9.58813873953038e-05
30756,0.00519826842802604
37542,0.0370645906578065
78082,0
49328,0.03682761829842
503,NA
57200,2.95163958230823e-05
54790,0.0102121405899126
49106,0.389520530530669
28845,0.339917846197893
502,NA
46593,0.00179554098315277
78091,2.89426876091945e-05
17814,1.01169092601409e-05
78093,NA
66026,0.0441185691636087
30819,0.0890191205698662
33657,0.0195027648282111
31714,1
45045,0.533586182732358
119,NA
61617,0.00206185281782109
78101,0.00198158584472666
65811,0.0126076725503546
6455,7.01126761504212e-06
118,NA
47906,0.972644602763184
66819,0.0371335925925546
63297,0.000209594189589049
59482,0.000422399496448314
58441,0.000250690112179383
57183,0.149031475673632
33574,0.387777575560707
45936,0.0015296827532046
48943,0.111138812349663
66331,1.1961987368893e-05
35958,0.729115253713111
78116,NA
20832,4.77426828811529e-08
33501,0.00220010311658898
64475,0.00799197868064714
31410,0.122688206533933
78121,0
2078,NA
33691,0.00821056144391864
78124,0
32495,0.206686532365873
32033,1
58613,1.17645788479598e-06
78128,0.00178477029886972
65723,0.00242389905259794
5977,1.11698049237152e-06
25373,0.0090598168601686
56793,2.10231961068954e-06
20734,6.44968474023073e-06
46398,0.00274425485816044
56386,0.209899449079428
38716,0.00368613691341413
21151,5.79045464925687e-05
66263,0.00287363540093845
1942,0
47771,0.0005197538848882
53113,0.000519838953573998
37855,0.0492827507848151
66152,0.0654867678562761
33512,1
78145,NA
29979,0.0010189795467122
20728,1.68406235598926e-07
6444,6.04083722331525e-06
2575,NA
14901,1.11469328317765e-06
59670,0.00538495480092082
29586,0.0617035755818073
4830,4.62592154395432e-06
6092,0
15579,0
920,NA
23410,5.2093909986684e-05
6554,0
47562,0.0189966110989655
26422,0.0454379477032026
53447,0.540694418096967
29612,0.0637306944870362
78163,NA
17090,0.0134965022881967
53450,0.0157089649424896
2784,NA
51612,0.111232279864097
15954,3.33010377355636e-05
66862,0.000930161245095362
57847,0.363764621500757
45935,0.0887698189621685
2463,NA
41731,0.296542545855519
5339,NA
2515,NA
28767,0.00892763926989305
371,NA
18789,0.0181142338220883
59628,0.000200343601909022
66731,0.000119531130781919
6036,0
1690,NA
78183,NA
66448,3.32085232413201e-05
15597,NA
78186,NA
34706,0.184502474189613
23274,0.0289769221384256
19904,3.33156700257243e-05
39783,0.00596779788642058
78191,NA
51255,0.016484461487476
11216,0
7155,0
214,NA
43666,0.0225980686045789
28847,0.176144418694899
49897,0.0738828671285159
37146,0.00787352891443836
49453,0.0162522419272805
24938,0.0196192345897659
8965,3.46651011970852e-05
4060,0
444,NA
65072,0.0111136794769673
78206,1.48041393176162e-05
61604,0.111985868493408
38169,5.77667024157393e-05
2991,3.76202368684999e-06
62836,0.00137858462324742
20289,1.49917530222442e-05
1516,NA
17477,0
36678,0.00105601748066933
13498,0.0188791702923598
66264,0.000206257599888409
22209,0.0299727746525064
57006,9.68154489543511e-06
604,NA
78220,0.000366668204467746
2588,NA
78222,0
45035,0.0550147281371021
6617,9.73416694847663e-05
4480,8.83937996149133e-08
39777,0.320982213949703
7112,0
2068,NA
78229,0
47257,0.418672652027885
11261,0.000282517369283819
54628,5.97937764149511e-05
24201,0.275164388046752
38199,0.081043000009952
47942,0.00291741520670321
66404,9.61211476198395e-05
17811,4.00581933383552e-05
78238,0
78239,NA
27930,0.0159010731545923
38933,0.882179912446821
1943,0
31909,0.00572147647159531
35372,0.126004237555291
8225,0
9433,0
78247,NA
55846,1.28762663525655e-05
78249,3.36997391115294e-07
16905,1.70659072059635e-05
1141,NA
2527,NA
65873,0.00862101141915969
3550,2.51390037514773e-06
6032,0
20290,4.69011755389153e-05
15385,1.08597774772876e-05
9592,6.48478773061103e-05
78259,0
53930,0.00231219595138818
78261,NA
17789,5.07937779136872e-06
78263,0
49882,0.0233170173712087
6088,0
4189,1.14801166904624e-05
48764,0.0236390725541227
21779,0.00341227621848562
36596,0.163530379286585
29714,0.204449150390256
23432,9.04204164671877e-05
78272,0.744430711452521
65066,0.000159634323308623
31547,0.298658447551697
32472,0.000639611101788074
37780,0.00171403289436131
6706,0.000229645445963366
1903,NA
59857,0.00139042889408663
17808,1.05252948133332e-05
32654,0.0198951111980393
3611,8.43684603129628e-06
7295,4.55154769759714e-06
57165,0.0097429995536599
65499,0.816615617630345
50062,0.0108021469720501
51053,0.202979684483889
23596,0.0463492955630583
78289,NA
78290,NA
54725,0.0338387012601954
5278,NA
43578,0.102935896501336
17387,4.81368928375724e-06
78295,0.0561612198338153
1691,NA
7513,0.000123569722514505
52327,0.00729325782423092
60758,0.00085175678398467
25352,3.81428471291935e-05
1707,NA
60221,0.00846335204191901
42754,0.164700517328586
20416,0
78305,NA
64881,0.00310514016145786
31752,0.078501740730147
24940,0.0327341536441351
78309,NA
14370,8.91688193972027e-07
54009,0.00505698729846716
66035,0.0728459828893876
40891,0.0310620452239759
58783,5.20108006096073e-05
20055,0.0015527842364804
66417,7.76706161624531e-05
57175,0.00217959191337266
6704,6.12468055096554e-05
46912,0.000949315363048135
65229,0.276915377418937
22664,0.0101686574209245
31511,0.00770275098531583
57687,3.28220031924656e-05
78324,NA
5228,0
55918,0.00466060669800714
7720,0
78328,NA
1107,NA
58151,0.48802679413836
26524,0.034212362346434
56006,0.241774716640584
19646,0.00614302946611023
25628,0.00631459310316212
78335,0.0011543577156229
48775,0.000203295997784176
55436,0.0525612161782502
21601,1.38347542957892e-06
78339,0.0151195558398778
33692,0.0318892742290689
55464,2.76957787944687e-05
7769,0.000609911951689879
154,NA
78344,NA
5614,0
32528,0.778639044533857
47939,0.61905192584907
66317,0.000291737128055327
15955,2.67191770765679e-05
29981,0.000702456115727536
240,NA
51801,0.00497318485625713
10624,0
23987,9.13094652009199e-06
16944,NA
15395,9.38540746671814e-06
2359,NA
34718,0.0429605207671932
30753,0.00598334112063569
9434,NA
23271,0.0732564658030477
78362,NA
26090,0.000429599085948048
35583,0.307425767440847
4282,NA
42720,0.0148116393505899
21789,0.0285719688006625
2462,NA
624,NA
3209,5.63803206937997e-06
45388,0.542829559860228
49451,0.0406985547909213
1075,NA
45426,0.0265186090168179
23891,9.49407399714867e-07
3042,NA
78377,NA
31872,0.0637666114044078
17502,0.00157436316395177
5589,1
61237,0.00392566559633776
18400,0.000793889329960188
437,NA
18226,2.6984540015785e-05
11789,0
8860,NA
1343,NA
30157,1
78389,NA
53110,0.0127993104059639
25377,0.0326900662463275
37142,0.0107053575999476
78393,1
78394,NA
52222,0.00184604602996538
78396,NA
49126,0.0315487511355664
51487,0.0100369518616057
24035,0.000804375856737698
35607,0.125447329870523
38165,0.0290391792206874
2990,NA
78403,0
13842,6.30920214192188e-05
34371,0.203588146948586
61305,0.0322639115345907
63291,0.00276649672849268
1271,NA
66228,0.000560641769075448
1515,NA
45642,0.831033561614406
664,NA
43175,0.00263988174571692
18379,0.000601353191402216
3891,2.97510326292813e-06
32603,0.263127126618973
78417,NA
120,NA
52945,0.000291947209146169
18217,2.27976264916279e-06
16097,0.00780079204245163
78422,0
25353,4.59525294714778e-05
78424,NA
3047,NA
14516,0
55230,0.0311588626114456
2067,NA
19901,3.02764515368022e-06
49107,0.106185537359443
14561,0.000115171809487552
66792,1.29792228666235e-05
78433,0.00281720098579556
2692,6.48077297107692e-06
32992,0.0559531315093363
2314,NA
4275,0
28353,0.000199649775984771
33655,0.0358062447943529
8861,8.44108836752477e-07
55824,6.75382494128089e-05
78442,NA
3215,5.02356906623485e-06
15957,2.9997723595109e-05
9591,5.95884396126526e-05
78446,NA
78447,0
78448,NA
3549,0.000217485998991118
27938,0.0019460924064228
171,NA
21758,0.00544470395040617
10426,6.55847779047773e-05
52141,0.049412630269523
78455,NA
78456,NA
9436,0
4679,0
66197,0.0143991321019804
66329,0.00195786545247267
20412,1.29791636474612e-07
46161,0.000948981640231684
4220,0
13094,0.000413479994946171
49676,0.0320309801966139
8267,0
59812,0.000232011533556633
39260,1
17363,1.33984515625538e-05
78470,0
1471,0
66473,0.239606836629042
10695,0.000301299438008606
61120,0.117424904374257
247,NA
17951,0.00150160097853027
1067,NA
22029,5.85530386112068e-06
2315,NA
31549,0.00434349889308261
17386,NA
40175,0.14228010884389
78483,NA
55622,0.0216413953881657
26643,0.00256206669916043
13988,0
74,NA
24037,0.00239796818514902
338,NA
52790,7.95744756019566e-05
28222,0.00182775541735815
41313,0.00593627376372987
57197,0.000111015705633151
9403,8.97535295859813e-06
3431,NA
49327,0.0202463863303532
48176,0.011218979395184
51251,0.0641397505160327
38801,1
2508,1.07274375749483e-06
34716,0.13288678868167
23409,8.41396860047786e-05
26654,0.00114413536895912
78504,NA
78505,0
48566,0.00463432706684508
26203,5.35607667457868e-05
50684,0.00289985456261743
7670,0
54523,0.0289585710204592
18746,0
25355,2.29706842815962e-07
33573,0.211567784144132
10120,0.00017721711793107
15458,NA
45305,0.102703848992292
13998,0
759,NA
78519,0
7098,0
63295,0.000468536645516915
31951,0.0736873605707458
45860,0.000423333134951931
35381,0.679410514258379
12322,0
78526,0
12960,0.00141092082453639
6244,2.88295914701905e-06
61506,0.463880187271878
6449,1.74597065414524e-05
35753,0.305564248251035
6607,0
43615,0.499882988134251
27383,6.74157345516118e-05
6699,NA
57185,0.00508645384080986
19903,9.97826439542601e-06
57680,0.00325059935613606
20874,0.00493780280767177
66815,0.00305798575828093
78541,NA
47084,0.37464097545632
38160,0.0125866115028578
52225,0.00204900421082173
65755,0.0576497929800161
56587,0.000954057051158667
8207,0
65512,0.0912516635611231
52304,0.0166572747935863
45320,0.0010441626925124
5281,5.65842760815429e-05
19640,0.00696058896583805
50882,0.00571346985823818
40756,0.0172157007897588
32837,0.000143326395492929
31326,0.00160224940923904
21894,0.0275710877625046
